{"type": "FeatureCollection", "features": [{"type": "Feature", "properties": {"name": "E Independence Bv", "ksi": 26, "fatal": 12, "serious": 14, "ped": 8, "bike": 0, "miles": 8.36, "per_mile": 3.1}, "geometry": {"type": "LineString", "coordinates": [[-80.824927, 35.219534], [-80.824707, 35.219437], [-80.824425, 35.219337], [-80.824085, 35.219228], [-80.823739, 35.219129], [-80.823329, 35.219039], [-80.822965, 35.218963], [-80.822456, 35.218886], [-80.82023, 35.218589], [-80.820025, 35.218561], [-80.819173, 35.218418], [-80.817738, 35.218117], [-80.817275, 35.218021], [-80.817018, 35.217978], [-80.816698, 35.217935], [-80.816346, 35.217898], [-80.815983, 35.217872], [-80.81517, 35.217852], [-80.814525, 35.217841], [-80.814057, 35.21783], [-80.81362, 35.217798], [-80.813178, 35.217742], [-80.812711, 35.217649], [-80.812207, 35.21751], [-80.811741, 35.217328], [-80.811484, 35.217215], [-80.811057, 35.21701], [-80.810406, 35.216667], [-80.809924, 35.216418], [-80.808981, 35.21591], [-80.808389, 35.215599], [-80.806698, 35.214711], [-80.805011, 35.213825], [-80.803304, 35.212928], [-80.803127, 35.212803], [-80.802893, 35.212637], [-80.802664, 35.212466], [-80.802439, 35.212283], [-80.8022, 35.212057], [-80.802051, 35.211907], [-80.801916, 35.211763], [-80.801812, 35.211645], [-80.801718, 35.211518], [-80.801606, 35.211373], [-80.801451, 35.211154], [-80.801118, 35.210636], [-80.801083, 35.210583], [-80.8009, 35.210304], [-80.800839, 35.210207], [-80.800777, 35.210112], [-80.800713, 35.210018], [-80.800646, 35.209925], [-80.800578, 35.209832], [-80.800507, 35.209741], [-80.800435, 35.209651], [-80.800361, 35.209562], [-80.800285, 35.209473], [-80.800207, 35.209386], [-80.800191, 35.209369], [-80.800127, 35.2093], [-80.800045, 35.209215], [-80.799962, 35.209132], [-80.799877, 35.209049], [-80.79986, 35.209033], [-80.79979, 35.208968], [-80.799701, 35.208888], [-80.799611, 35.208809], [-80.799519, 35.208732], [-80.799425, 35.208656], [-80.79933, 35.208581], [-80.799233, 35.208508], [-80.799135, 35.208436], [-80.799035, 35.208366], [-80.798934, 35.208297], [-80.798831, 35.208229], [-80.798727, 35.208163], [-80.798621, 35.208099], [-80.798515, 35.208035], [-80.798406, 35.207974], [-80.798297, 35.207914], [-80.798186, 35.207856], [-80.798074, 35.207799], [-80.798034, 35.207779], [-80.797961, 35.207744], [-80.797846, 35.20769], [-80.797615, 35.207588], [-80.79715, 35.207351], [-80.796862, 35.207197], [-80.796768, 35.207145], [-80.796577, 35.207039], [-80.796371, 35.20692], [-80.796296, 35.206877], [-80.796019, 35.20671], [-80.795745, 35.20654], [-80.795474, 35.206366], [-80.79527, 35.20623], [-80.795133, 35.206129], [-80.794944, 35.206006], [-80.792916, 35.204385], [-80.792898, 35.204371], [-80.792638, 35.204163], [-80.792528, 35.204072], [-80.792415, 35.203983], [-80.792301, 35.203896], [-80.792185, 35.203811], [-80.792067, 35.203727], [-80.791948, 35.203645], [-80.791826, 35.203564], [-80.791703, 35.203485], [-80.791579, 35.203408], [-80.791452, 35.203333], [-80.791324, 35.20326], [-80.791195, 35.203188], [-80.791064, 35.203118], [-80.790931, 35.203051], [-80.790798, 35.202985], [-80.790662, 35.202921], [-80.790526, 35.202859], [-80.790388, 35.202799], [-80.790249, 35.202741], [-80.790109, 35.202685], [-80.789967, 35.202631], [-80.789825, 35.202579], [-80.789681, 35.202529], [-80.789536, 35.202481], [-80.789532, 35.20248], [-80.789391, 35.202435], [-80.789244, 35.202392], [-80.789096, 35.20235], [-80.788948, 35.202311], [-80.788799, 35.202273], [-80.788649, 35.202238], [-80.788498, 35.202205], [-80.788346, 35.202174], [-80.788194, 35.202145], [-80.788042, 35.202119], [-80.787888, 35.202094], [-80.787724, 35.202071], [-80.787031, 35.20198], [-80.78692, 35.201971], [-80.786639, 35.201942], [-80.786355, 35.201921], [-80.785883, 35.20187], [-80.784403, 35.201748], [-80.784206, 35.201729], [-80.782509, 35.201564], [-80.782429, 35.201556], [-80.78073, 35.20141], [-80.780182, 35.201356], [-80.779945, 35.201332], [-80.777683, 35.201107], [-80.77703, 35.201041], [-80.776, 35.200939], [-80.775757, 35.20092], [-80.77559, 35.200905], [-80.775425, 35.200887], [-80.775259, 35.200867], [-80.775094, 35.200845], [-80.774929, 35.20082], [-80.774765, 35.200793], [-80.774602, 35.200763], [-80.774439, 35.200731], [-80.774276, 35.200697], [-80.774115, 35.20066], [-80.773955, 35.200622], [-80.773795, 35.20058], [-80.773636, 35.200537], [-80.773478, 35.200491], [-80.773321, 35.200443], [-80.773165, 35.200393], [-80.773011, 35.20034], [-80.772857, 35.200286], [-80.772704, 35.200229], [-80.772365, 35.200089], [-80.772266, 35.200049], [-80.772188, 35.200016], [-80.772107, 35.19998], [-80.771962, 35.199913], [-80.771817, 35.199843], [-80.771674, 35.199771], [-80.771533, 35.199697], [-80.771394, 35.199622], [-80.771255, 35.199544], [-80.771119, 35.199464], [-80.770984, 35.199383], [-80.770851, 35.1993], [-80.77072, 35.199214], [-80.77059, 35.199127], [-80.770463, 35.199038], [-80.770338, 35.198947], [-80.770205, 35.198842], [-80.770034, 35.198704], [-80.769866, 35.198579], [-80.76974, 35.198466], [-80.768873, 35.197517], [-80.767279, 35.195774], [-80.767093, 35.19557], [-80.766774, 35.195224], [-80.766412, 35.194829], [-80.766241, 35.194638], [-80.766052, 35.194428], [-80.765101, 35.193371], [-80.764991, 35.193248], [-80.762838, 35.190854], [-80.762339, 35.190297], [-80.761391, 35.189239], [-80.760358, 35.188087], [-80.759834, 35.187503], [-80.758416, 35.185923], [-80.758122, 35.185599], [-80.756909, 35.184264], [-80.756442, 35.183741], [-80.756017, 35.183264], [-80.754165, 35.181185], [-80.753715, 35.180672], [-80.753132, 35.180007], [-80.752699, 35.179527], [-80.749652, 35.176148], [-80.749314, 35.175774], [-80.748405, 35.174743], [-80.745369, 35.171301], [-80.745343, 35.171271], [-80.744966, 35.170791], [-80.744715, 35.170472], [-80.744533, 35.170207], [-80.744416, 35.170034], [-80.744265, 35.169816], [-80.744007, 35.169399], [-80.743568, 35.168636], [-80.743463, 35.168466], [-80.742526, 35.166944], [-80.742294, 35.166487], [-80.741919, 35.165849], [-80.74102, 35.16448], [-80.74094, 35.164347], [-80.740903, 35.164285], [-80.740841, 35.164188], [-80.740777, 35.164093], [-80.740711, 35.163998], [-80.740642, 35.163905], [-80.740572, 35.163812], [-80.740501, 35.16372], [-80.740427, 35.16363], [-80.740351, 35.16354], [-80.740273, 35.163452], [-80.740193, 35.163364], [-80.739407, 35.162614], [-80.734783, 35.158282], [-80.73407, 35.157618], [-80.733997, 35.157551], [-80.733956, 35.157513], [-80.732732, 35.156375], [-80.732309, 35.155981], [-80.73226, 35.155936], [-80.731288, 35.155032], [-80.730708, 35.154378], [-80.727926, 35.151235], [-80.725234, 35.148193], [-80.724588, 35.14744], [-80.724318, 35.147133], [-80.723654, 35.146374], [-80.721288, 35.143693], [-80.720658, 35.142958], [-80.72032, 35.142579]]}}, {"type": "Feature", "properties": {"name": "Billy Graham Py", "ksi": 5, "fatal": 2, "serious": 3, "ped": 0, "bike": 0, "miles": 5.8, "per_mile": 0.9}, "geometry": {"type": "MultiLineString", "coordinates": [[[-80.889295, 35.180732], [-80.889737, 35.180864], [-80.891476, 35.181375], [-80.891699, 35.181434], [-80.891821, 35.181469], [-80.891942, 35.181506], [-80.892063, 35.181544], [-80.892182, 35.181585], [-80.892301, 35.181627], [-80.892419, 35.18167], [-80.892536, 35.181716], [-80.892651, 35.181763], [-80.892766, 35.181811], [-80.89288, 35.181862], [-80.892993, 35.181914], [-80.893104, 35.181967], [-80.893215, 35.182022], [-80.893324, 35.182079], [-80.893432, 35.182137], [-80.893539, 35.182197], [-80.893645, 35.182258], [-80.893749, 35.182321], [-80.893852, 35.182386], [-80.893953, 35.182452], [-80.894053, 35.182519], [-80.894152, 35.182587], [-80.894249, 35.182657], [-80.894344, 35.182729], [-80.895051, 35.1833], [-80.895201, 35.18342], [-80.895348, 35.183522], [-80.895507, 35.183652], [-80.895667, 35.183783], [-80.895844, 35.183918], [-80.896008, 35.184053], [-80.896191, 35.184183], [-80.896313, 35.184292], [-80.896482, 35.184406], [-80.896654, 35.184517], [-80.896828, 35.184626], [-80.897004, 35.184732], [-80.897182, 35.184836], [-80.897363, 35.184937], [-80.897546, 35.185035], [-80.89773, 35.185131], [-80.897918, 35.185224], [-80.898106, 35.185315], [-80.898297, 35.185402], [-80.898489, 35.185487], [-80.898694, 35.185573], [-80.898772, 35.185606], [-80.90092, 35.18627], [-80.904319, 35.187278], [-80.906319, 35.187871], [-80.90889, 35.188633], [-80.911562, 35.189646], [-80.912697, 35.190168], [-80.913582, 35.190628], [-80.913636, 35.190657], [-80.913928, 35.190821], [-80.914742, 35.191311], [-80.915371, 35.191691], [-80.915974, 35.192105], [-80.91627, 35.192299], [-80.916661, 35.192591], [-80.91711, 35.19293], [-80.917494, 35.193228], [-80.917951, 35.193609], [-80.91823, 35.193841], [-80.9184, 35.194001], [-80.918624, 35.194217], [-80.918814, 35.194409], [-80.919145, 35.19472], [-80.919398, 35.194977], [-80.919644, 35.195255], [-80.919845, 35.195497], [-80.920502, 35.196382], [-80.920779, 35.196852], [-80.920989, 35.197237], [-80.921155, 35.197579], [-80.921442, 35.198253], [-80.921575, 35.198653], [-80.921661, 35.198935], [-80.921794, 35.199432], [-80.921863, 35.199808], [-80.92192, 35.200214], [-80.92196, 35.20062], [-80.921982, 35.201028], [-80.921987, 35.201436], [-80.921975, 35.201844], [-80.921946, 35.202252], [-80.921901, 35.202704], [-80.921875, 35.203157], [-80.921868, 35.20361], [-80.921881, 35.204063], [-80.921913, 35.204516], [-80.921965, 35.204967], [-80.922035, 35.205417], [-80.922124, 35.205891], [-80.922161, 35.206086], [-80.922166, 35.206112], [-80.922191, 35.206222], [-80.922218, 35.206332], [-80.922247, 35.206441], [-80.922279, 35.20655], [-80.922313, 35.206658], [-80.922349, 35.206766], [-80.922387, 35.206873], [-80.922428, 35.20698], [-80.922471, 35.207086], [-80.922516, 35.207191], [-80.922564, 35.207296], [-80.92265, 35.207472], [-80.923485, 35.209394], [-80.923549, 35.209548], [-80.923584, 35.20964], [-80.923616, 35.209732], [-80.923647, 35.209824], [-80.923676, 35.209917], [-80.923703, 35.21001], [-80.923729, 35.210104], [-80.923752, 35.210198], [-80.923773, 35.210292], [-80.923792, 35.210387], [-80.923813, 35.210523], [-80.923827, 35.21063], [-80.923839, 35.210736], [-80.923849, 35.210843], [-80.923856, 35.21095], [-80.923862, 35.211058], [-80.923865, 35.211272], [-80.923859, 35.211487], [-80.923844, 35.211701], [-80.923821, 35.211914], [-80.923787, 35.212127], [-80.923745, 35.212339], [-80.923694, 35.212549], [-80.923635, 35.212758], [-80.923528, 35.213068], [-80.92346, 35.213309], [-80.923396, 35.213552], [-80.923338, 35.213795], [-80.923285, 35.21404], [-80.923237, 35.214285], [-80.923194, 35.214531], [-80.923157, 35.214777], [-80.923123, 35.215035], [-80.92311, 35.215127], [-80.923098, 35.215219], [-80.923089, 35.215311], [-80.923081, 35.215403], [-80.923075, 35.215495], [-80.923071, 35.215587], [-80.923069, 35.215679], [-80.923069, 35.215688], [-80.92307, 35.215771], [-80.923071, 35.215864], [-80.923076, 35.215956], [-80.923082, 35.216048], [-80.92309, 35.21614], [-80.923099, 35.216232], [-80.923111, 35.216324], [-80.923125, 35.216415], [-80.92314, 35.216507], [-80.923162, 35.216617], [-80.923406, 35.21791], [-80.923627, 35.21908], [-80.924061, 35.22138], [-80.924087, 35.221517], [-80.924187, 35.222062], [-80.924229, 35.222291], [-80.924233, 35.222315], [-80.924443, 35.223457], [-80.92475, 35.225038], [-80.924786, 35.225225], [-80.924855, 35.225582], [-80.924899, 35.225929], [-80.924924, 35.226175], [-80.924943, 35.226422], [-80.924957, 35.226669], [-80.924965, 35.226917], [-80.924969, 35.227165], [-80.924967, 35.227412], [-80.92496, 35.22766], [-80.924948, 35.227907], [-80.924931, 35.228154], [-80.92491, 35.228315], [-80.924887, 35.228466], [-80.924862, 35.228616], [-80.924832, 35.228766], [-80.9248, 35.228916], [-80.924765, 35.229065], [-80.924727, 35.229213], [-80.924685, 35.229361], [-80.924668, 35.229416]], [[-80.924668, 35.229416], [-80.923577, 35.231586], [-80.923573, 35.231595], [-80.923501, 35.231712], [-80.923419, 35.231838], [-80.923335, 35.231957], [-80.923332, 35.231962], [-80.92324, 35.232083], [-80.923144, 35.232202], [-80.922981, 35.232389], [-80.922881, 35.232506], [-80.922636, 35.232763], [-80.92224, 35.233161], [-80.922104, 35.2333], [-80.92172, 35.233689], [-80.921408, 35.234017], [-80.921317, 35.234123], [-80.921231, 35.234231], [-80.921148, 35.23434], [-80.921071, 35.234453], [-80.920998, 35.234567], [-80.920967, 35.234618], [-80.920901, 35.234729], [-80.920847, 35.234829], [-80.920839, 35.234841], [-80.920783, 35.234956], [-80.920751, 35.235027], [-80.920729, 35.235079], [-80.920694, 35.235161], [-80.920642, 35.235295], [-80.920595, 35.235432], [-80.920585, 35.235465], [-80.920527, 35.235659], [-80.920445, 35.235995], [-80.920369, 35.236288], [-80.920213, 35.23681], [-80.920105, 35.237232], [-80.920013, 35.237564], [-80.919955, 35.23777], [-80.919876, 35.238084], [-80.919792, 35.238365]], [[-80.924668, 35.229416], [-80.924502, 35.230032], [-80.924324, 35.230549], [-80.924141, 35.231015], [-80.92398, 35.231324], [-80.923783, 35.231716], [-80.92375, 35.231776], [-80.923591, 35.232044], [-80.923393, 35.232382], [-80.923304, 35.232526], [-80.923011, 35.232972], [-80.922715, 35.233408], [-80.922431, 35.233831], [-80.922127, 35.234269], [-80.921459, 35.235244], [-80.921315, 35.235459], [-80.921072, 35.235822], [-80.92097, 35.235961], [-80.920873, 35.236103], [-80.92078, 35.236248], [-80.920692, 35.236394], [-80.920608, 35.236542], [-80.92053, 35.236692], [-80.920456, 35.236843], [-80.920448, 35.236862], [-80.920388, 35.236996], [-80.920324, 35.23715], [-80.920265, 35.237306], [-80.92025, 35.23735], [-80.920196, 35.237493], [-80.920148, 35.237637], [-80.920102, 35.237806], [-80.920065, 35.237939], [-80.919941, 35.238415]]]}}, {"type": "Feature", "properties": {"name": "Albemarle Rd", "ksi": 24, "fatal": 12, "serious": 12, "ped": 9, "bike": 0, "miles": 7.22, "per_mile": 3.3}, "geometry": {"type": "MultiLineString", "coordinates": [[[-80.770205, 35.198842], [-80.770031, 35.198821], [-80.769856, 35.198806], [-80.76968, 35.198797], [-80.769504, 35.198796], [-80.769328, 35.1988], [-80.769153, 35.198812], [-80.768978, 35.19883], [-80.768804, 35.198854], [-80.768632, 35.198885], [-80.768462, 35.198923], [-80.768295, 35.198967], [-80.768129, 35.199017], [-80.767967, 35.199073], [-80.767808, 35.199136], [-80.765292, 35.200091], [-80.762439, 35.201084], [-80.761212, 35.201511], [-80.760651, 35.201706], [-80.760584, 35.201723], [-80.759925, 35.201887], [-80.759222, 35.202147], [-80.757941, 35.202621], [-80.757806, 35.202668], [-80.757471, 35.202786], [-80.756799, 35.203009], [-80.756781, 35.203015], [-80.756224, 35.203208], [-80.75571, 35.203384], [-80.755566, 35.203432], [-80.755333, 35.203508], [-80.755124, 35.203574], [-80.754957, 35.20362], [-80.754775, 35.20367], [-80.7546, 35.203715], [-80.754546, 35.203727], [-80.754423, 35.203756], [-80.754245, 35.203792], [-80.754066, 35.203825], [-80.753886, 35.203853], [-80.753462, 35.203922], [-80.753142, 35.203954], [-80.752822, 35.203981], [-80.752561, 35.203999], [-80.752501, 35.204004], [-80.752338, 35.204014], [-80.752064, 35.204018], [-80.75179, 35.204019], [-80.751516, 35.204015], [-80.751242, 35.204006], [-80.751039, 35.203998], [-80.750851, 35.203985], [-80.750635, 35.203967], [-80.750561, 35.20396], [-80.750362, 35.203934], [-80.748597, 35.203708], [-80.747615, 35.203583], [-80.746689, 35.203464], [-80.74626, 35.20341], [-80.745463, 35.203308], [-80.745327, 35.20329], [-80.744404, 35.203229], [-80.744062, 35.203211], [-80.74348, 35.203181], [-80.742157, 35.203135], [-80.740588, 35.203079], [-80.738748, 35.202994], [-80.738063, 35.202979], [-80.737139, 35.202955], [-80.736169, 35.202913], [-80.735441, 35.202861], [-80.734631, 35.202801], [-80.730774, 35.202531], [-80.728748, 35.202389], [-80.728314, 35.202364], [-80.727596, 35.202321], [-80.727127, 35.202334], [-80.726756, 35.202358], [-80.726356, 35.20242], [-80.725974, 35.202498], [-80.725813, 35.202538], [-80.725618, 35.202586], [-80.725281, 35.202681], [-80.724882, 35.202806], [-80.723977, 35.203103], [-80.723972, 35.203104], [-80.72186, 35.203814], [-80.720528, 35.204268], [-80.720518, 35.204261], [-80.719986, 35.204438], [-80.719915, 35.204462], [-80.719911, 35.204464], [-80.719812, 35.204497], [-80.71947, 35.204612], [-80.719255, 35.204691], [-80.718138, 35.205098], [-80.715538, 35.206047], [-80.714305, 35.206498], [-80.713213, 35.206896], [-80.712842, 35.207023], [-80.712572, 35.207106], [-80.712414, 35.207163], [-80.712068, 35.207252], [-80.711401, 35.207395], [-80.710458, 35.207608], [-80.708459, 35.208094], [-80.708197, 35.208154], [-80.707918, 35.208239], [-80.707376, 35.20844], [-80.706916, 35.208628], [-80.706365, 35.208846], [-80.706336, 35.208856], [-80.706296, 35.208871], [-80.705435, 35.209082], [-80.703887, 35.209461], [-80.703638, 35.209521], [-80.702513, 35.20979], [-80.700866, 35.210184], [-80.700563, 35.210257], [-80.699288, 35.210503], [-80.697918, 35.210766], [-80.69778, 35.210786], [-80.694598, 35.211229], [-80.692493, 35.211517], [-80.691671, 35.21159], [-80.691644, 35.211593], [-80.691165, 35.211635], [-80.689523, 35.211655], [-80.689225, 35.211659], [-80.68698, 35.211529], [-80.68672, 35.211492], [-80.684605, 35.211193], [-80.684464, 35.211173], [-80.682478, 35.210913], [-80.682244, 35.210882], [-80.680777, 35.210595], [-80.68071, 35.210582], [-80.680478, 35.210529], [-80.678703, 35.210162], [-80.678355, 35.210086], [-80.678013, 35.210012], [-80.676966, 35.209784], [-80.676383, 35.209656], [-80.675982, 35.209568], [-80.675698, 35.209505], [-80.675294, 35.209416], [-80.675166, 35.209389], [-80.67502, 35.209359], [-80.674783, 35.209309], [-80.674631, 35.209278], [-80.674449, 35.20924], [-80.674312, 35.209207], [-80.674221, 35.209185], [-80.673973, 35.209124], [-80.673839, 35.209093], [-80.673285, 35.208971], [-80.672923, 35.208891], [-80.672896, 35.208886], [-80.672662, 35.208834], [-80.672508, 35.2088], [-80.67235, 35.208764], [-80.672171, 35.208725], [-80.672065, 35.2087], [-80.671922, 35.208671], [-80.671638, 35.208614], [-80.671455, 35.208579], [-80.671429, 35.208575], [-80.671271, 35.208544], [-80.671079, 35.208505], [-80.670961, 35.208487], [-80.670758, 35.208456], [-80.670591, 35.208437], [-80.670416, 35.208418], [-80.670352, 35.208411], [-80.670257, 35.208403], [-80.670171, 35.208395], [-80.670114, 35.208393], [-80.670104, 35.208392], [-80.670032, 35.208389], [-80.669965, 35.208387], [-80.66987, 35.208387], [-80.669732, 35.208387], [-80.669626, 35.208388], [-80.669546, 35.208388], [-80.669371, 35.208395], [-80.669304, 35.208398], [-80.669237, 35.208402], [-80.669128, 35.208411], [-80.669035, 35.208418], [-80.668837, 35.208443], [-80.668507, 35.208482], [-80.668431, 35.208492], [-80.668344, 35.208505], [-80.668264, 35.208517], [-80.668141, 35.208535], [-80.668058, 35.208545], [-80.66783, 35.208573], [-80.667462, 35.208619], [-80.667284, 35.208641], [-80.666962, 35.20869], [-80.666639, 35.208738], [-80.666339, 35.208782], [-80.665965, 35.208839], [-80.665885, 35.208851], [-80.665583, 35.208892], [-80.665131, 35.208952], [-80.664855, 35.208984], [-80.664603, 35.209028], [-80.664409, 35.209065], [-80.664219, 35.209117], [-80.664064, 35.209168], [-80.66391, 35.209223], [-80.663747, 35.209295], [-80.663505, 35.209437], [-80.663305, 35.209583], [-80.663138, 35.209742], [-80.663009, 35.209882], [-80.662895, 35.210052], [-80.662794, 35.210231], [-80.662665, 35.210506], [-80.662333, 35.211191], [-80.661936, 35.21201], [-80.661924, 35.212036], [-80.661913, 35.212062], [-80.661901, 35.212087], [-80.661888, 35.212113], [-80.661876, 35.212138], [-80.661863, 35.212163], [-80.661823, 35.212232], [-80.661795, 35.212283], [-80.661763, 35.212338], [-80.661699, 35.212432], [-80.661673, 35.21247], [-80.661647, 35.212508], [-80.661614, 35.212552], [-80.661535, 35.212647], [-80.66149, 35.2127], [-80.661469, 35.212724], [-80.661371, 35.212821], [-80.661291, 35.212902], [-80.661153, 35.213022], [-80.661069, 35.213094], [-80.660891, 35.213247], [-80.660676, 35.213409], [-80.660615, 35.213455], [-80.660569, 35.21349], [-80.660456, 35.213575], [-80.660248, 35.213726], [-80.659936, 35.21395], [-80.659691, 35.214127], [-80.659568, 35.214214], [-80.65944, 35.214313], [-80.659285, 35.214433], [-80.658902, 35.214691], [-80.658852, 35.214726], [-80.658824, 35.214746], [-80.658485, 35.214987], [-80.65748, 35.215704], [-80.656913, 35.216109], [-80.65644, 35.216465], [-80.656095, 35.216695], [-80.655932, 35.216791], [-80.655748, 35.216898], [-80.655599, 35.21698], [-80.655486, 35.217041], [-80.655275, 35.217141], [-80.655272, 35.217142]], [[-80.655236, 35.217159], [-80.655215, 35.217169], [-80.655056, 35.217246], [-80.654864, 35.217339], [-80.654184, 35.217659], [-80.654114, 35.217691], [-80.653886, 35.217791], [-80.65369, 35.217876], [-80.653607, 35.217912], [-80.651584, 35.218799], [-80.651543, 35.218817]]]}}, {"type": "Feature", "properties": {"name": "Ardrey Kell Rd", "ksi": 5, "fatal": 1, "serious": 4, "ped": 1, "bike": 0, "miles": 7.02, "per_mile": 0.7}, "geometry": {"type": "MultiLineString", "coordinates": [[[-80.765588, 35.050804], [-80.765585, 35.050827], [-80.765578, 35.050849], [-80.765567, 35.05087], [-80.765552, 35.050889], [-80.765533, 35.050906], [-80.765511, 35.05092], [-80.765487, 35.050931], [-80.765461, 35.050938], [-80.765434, 35.050942], [-80.765406, 35.050943]], [[-80.765588, 35.050804], [-80.766645, 35.050777], [-80.767622, 35.050751], [-80.767731, 35.050751], [-80.76784, 35.050756], [-80.767949, 35.050768], [-80.768056, 35.050785], [-80.768162, 35.050808], [-80.768265, 35.050836], [-80.768366, 35.05087], [-80.768432, 35.050895], [-80.768521, 35.050924], [-80.768612, 35.050949], [-80.768705, 35.05097], [-80.768798, 35.050987], [-80.768895, 35.051], [-80.768992, 35.051008], [-80.76909, 35.051012], [-80.769526, 35.051], [-80.773847, 35.050306], [-80.774937, 35.050162], [-80.775576, 35.05004], [-80.775869, 35.04995], [-80.776211, 35.049837], [-80.776223, 35.049833], [-80.776472, 35.049735], [-80.776771, 35.04959], [-80.777074, 35.049433], [-80.777366, 35.049267], [-80.777652, 35.049073], [-80.777657, 35.049069], [-80.777851, 35.048913], [-80.778228, 35.048605], [-80.77863, 35.048276], [-80.778749, 35.048179], [-80.778992, 35.048004], [-80.779295, 35.04782], [-80.77963, 35.047639], [-80.780025, 35.047439], [-80.780438, 35.047276], [-80.780867, 35.04713], [-80.781238, 35.047039], [-80.781641, 35.046956], [-80.781991, 35.046902], [-80.782209, 35.046871], [-80.78257, 35.046839], [-80.783832, 35.046753], [-80.784012, 35.046741], [-80.785637, 35.046636], [-80.786107, 35.046598], [-80.78649, 35.046569], [-80.786872, 35.046519], [-80.787259, 35.04645], [-80.787575, 35.046373], [-80.787907, 35.046287], [-80.788217, 35.046184], [-80.788451, 35.046104], [-80.788679, 35.04601], [-80.788955, 35.045885], [-80.789221, 35.045754], [-80.789222, 35.045754], [-80.789486, 35.045615], [-80.789783, 35.045431], [-80.79001, 35.045284], [-80.790252, 35.045104], [-80.790478, 35.044916], [-80.790677, 35.044747], [-80.790934, 35.044482], [-80.791121, 35.044276], [-80.791345, 35.044007], [-80.791563, 35.043721], [-80.792919, 35.041946], [-80.793551, 35.041114], [-80.793923, 35.040617], [-80.794048, 35.040464], [-80.794162, 35.04033], [-80.794518, 35.039892], [-80.794773, 35.039575], [-80.794832, 35.039496], [-80.795051, 35.0392], [-80.795439, 35.038697], [-80.79586, 35.03815], [-80.796133, 35.037801], [-80.79626, 35.037628], [-80.796365, 35.037465], [-80.796484, 35.037284], [-80.796614, 35.037068], [-80.79673, 35.036863], [-80.796854, 35.036625], [-80.796932, 35.03646], [-80.796948, 35.036425], [-80.796958, 35.036404], [-80.797065, 35.036151], [-80.797169, 35.035904], [-80.797179, 35.035878], [-80.797272, 35.035651], [-80.797388, 35.035356], [-80.797498, 35.035079], [-80.797562, 35.034931], [-80.797616, 35.034819], [-80.797659, 35.034738], [-80.797711, 35.034645], [-80.797738, 35.034605], [-80.797782, 35.034544], [-80.797872, 35.034415], [-80.797944, 35.034323], [-80.798014, 35.034241], [-80.798074, 35.034176], [-80.798134, 35.034115], [-80.798238, 35.034014], [-80.798342, 35.033924], [-80.798459, 35.033832], [-80.798547, 35.033764], [-80.798691, 35.033666], [-80.798847, 35.03357], [-80.798961, 35.033506], [-80.799013, 35.033478], [-80.799077, 35.033447], [-80.799169, 35.033403], [-80.799296, 35.033345], [-80.799406, 35.033298], [-80.799516, 35.033256], [-80.799637, 35.033215], [-80.799794, 35.033167], [-80.799959, 35.033124], [-80.800097, 35.033093], [-80.800191, 35.033073], [-80.800277, 35.033059], [-80.80039, 35.033045], [-80.800489, 35.033034], [-80.800573, 35.033027], [-80.800618, 35.033023], [-80.800683, 35.033019], [-80.800791, 35.033016], [-80.800824, 35.033016], [-80.800893, 35.033015], [-80.801294, 35.033027], [-80.802246, 35.033177], [-80.803611, 35.0334], [-80.804616, 35.03355], [-80.805418, 35.033642], [-80.805905, 35.033678], [-80.806665, 35.033736], [-80.807241, 35.03375], [-80.807827, 35.033749], [-80.807869, 35.033749], [-80.808904, 35.03372], [-80.809462, 35.03369], [-80.809874, 35.033649], [-80.810008, 35.033635], [-80.810733, 35.033547], [-80.811457, 35.033453], [-80.812257, 35.033307], [-80.812425, 35.033274], [-80.812591, 35.033234], [-80.812755, 35.033188], [-80.812915, 35.033136], [-80.813073, 35.033078], [-80.813227, 35.033013], [-80.813377, 35.032943], [-80.813523, 35.032867], [-80.813664, 35.032785], [-80.813801, 35.032698], [-80.813933, 35.032606], [-80.814059, 35.032509], [-80.814179, 35.032407], [-80.814306, 35.032297], [-80.814777, 35.031886], [-80.814882, 35.031799], [-80.814991, 35.031717], [-80.815105, 35.031639], [-80.815222, 35.031565], [-80.815345, 35.031496], [-80.81547, 35.031431], [-80.8156, 35.031372], [-80.815732, 35.031317], [-80.81587, 35.031266], [-80.816011, 35.03122], [-80.816155, 35.03118], [-80.816302, 35.031147], [-80.81645, 35.03112], [-80.819455, 35.030662], [-80.819614, 35.030636], [-80.819771, 35.030603], [-80.819926, 35.030563], [-80.820078, 35.030516], [-80.820227, 35.030463], [-80.820372, 35.030404], [-80.820513, 35.030338], [-80.820658, 35.030258], [-80.820835, 35.030164], [-80.821095, 35.030037], [-80.821562, 35.029805], [-80.822097, 35.029514], [-80.822428, 35.02936], [-80.822739, 35.029237], [-80.822916, 35.029175], [-80.823124, 35.02911], [-80.82338, 35.029036], [-80.823743, 35.028942], [-80.824191, 35.028834], [-80.824773, 35.028675], [-80.826235, 35.028313], [-80.82653, 35.028235], [-80.826715, 35.028186], [-80.827254, 35.028068], [-80.827735, 35.027968], [-80.828307, 35.027871], [-80.828772, 35.027802], [-80.829249, 35.027746], [-80.829666, 35.027709], [-80.830009, 35.027686], [-80.830609, 35.027672], [-80.831087, 35.027661], [-80.833003, 35.027654], [-80.834645, 35.027647], [-80.83493, 35.027636], [-80.835047, 35.027632], [-80.835266, 35.027602], [-80.835459, 35.027572], [-80.835731, 35.027524], [-80.835971, 35.027468], [-80.836142, 35.027421], [-80.836371, 35.027356], [-80.836558, 35.027291], [-80.83676, 35.027208], [-80.836967, 35.027121], [-80.837253, 35.026976], [-80.83754, 35.026821], [-80.837783, 35.026681], [-80.838122, 35.026494], [-80.838537, 35.02629], [-80.838881, 35.026099], [-80.83921, 35.025926], [-80.83936, 35.025848], [-80.839592, 35.025726], [-80.840258, 35.025376], [-80.840472, 35.025261], [-80.841804, 35.024542], [-80.842577, 35.024125], [-80.843603, 35.023571], [-80.843661, 35.02354], [-80.844421, 35.023128], [-80.84474, 35.022951], [-80.845057, 35.022774], [-80.845175, 35.022709], [-80.84544, 35.022562], [-80.845694, 35.022419], [-80.845937, 35.022287], [-80.846181, 35.022171], [-80.846301, 35.022127], [-80.846463, 35.022078], [-80.846627, 35.022038], [-80.84674, 35.022019], [-80.846842, 35.022007], [-80.847026, 35.021996], [-80.84719, 35.021993], [-80.847406, 35.021991], [-80.847671, 35.02199], [-80.848005, 35.021992], [-80.848416, 35.021993], [-80.849033, 35.021992], [-80.849597, 35.021985], [-80.849779, 35.022003], [-80.849964, 35.022037], [-80.850221, 35.022103], [-80.850435, 35.022162], [-80.850609, 35.0222], [-80.85078, 35.022223], [-80.850789, 35.022224], [-80.850948, 35.022235], [-80.851081, 35.022233], [-80.851209, 35.022224], [-80.851403, 35.022175], [-80.851651, 35.022115], [-80.851978, 35.022018], [-80.852171, 35.021976], [-80.852348, 35.021948], [-80.85261, 35.021935], [-80.852976, 35.021912], [-80.853284, 35.021882], [-80.85329, 35.021883], [-80.853645, 35.02185], [-80.853984, 35.021832], [-80.854157, 35.021817], [-80.854382, 35.021805], [-80.854638, 35.021805], [-80.854927, 35.021814], [-80.855417, 35.021821], [-80.855567, 35.021814], [-80.855696, 35.021793], [-80.855784, 35.021766], [-80.855867, 35.021734], [-80.855976, 35.021668], [-80.856115, 35.021575], [-80.856295, 35.021449]], [[-80.765406, 35.050943], [-80.765377, 35.050939], [-80.76535, 35.050932], [-80.765324, 35.050921], [-80.765301, 35.050906], [-80.765282, 35.050888], [-80.765266, 35.050868], [-80.765254, 35.050846], [-80.765248, 35.050823], [-80.765246, 35.050799], [-80.765249, 35.050776], [-80.765257, 35.050753], [-80.765269, 35.050731], [-80.765286, 35.050712], [-80.765307, 35.050695], [-80.76533, 35.050681], [-80.765357, 35.050671], [-80.765385, 35.050664], [-80.765413, 35.050662], [-80.765441, 35.050663], [-80.765467, 35.050668], [-80.765493, 35.050676], [-80.765516, 35.050688], [-80.765537, 35.050703], [-80.765555, 35.05072], [-80.765569, 35.050739], [-80.76558, 35.05076], [-80.765586, 35.050782], [-80.765588, 35.050804]], [[-80.753501, 35.059566], [-80.753573, 35.059537], [-80.753757, 35.059454], [-80.753937, 35.059365], [-80.754113, 35.059271], [-80.754282, 35.059188], [-80.754447, 35.0591], [-80.754608, 35.059008], [-80.754765, 35.058911], [-80.754918, 35.058809], [-80.755067, 35.058703], [-80.755077, 35.058696], [-80.755214, 35.058579], [-80.756532, 35.057558], [-80.757799, 35.056575], [-80.758538, 35.055956], [-80.758865, 35.05569], [-80.758931, 35.05563], [-80.759001, 35.055573], [-80.759075, 35.055519], [-80.759168, 35.05546], [-80.759264, 35.055405], [-80.759365, 35.055356], [-80.759469, 35.055313], [-80.759577, 35.055275], [-80.759725, 35.055232], [-80.759875, 35.055195], [-80.760042, 35.055162], [-80.76021, 35.055136], [-80.76038, 35.055116], [-80.760551, 35.055102], [-80.760722, 35.055096], [-80.762317, 35.055052], [-80.76336, 35.055024], [-80.763506, 35.055011], [-80.763652, 35.054992], [-80.763796, 35.054968], [-80.763938, 35.054939], [-80.764056, 35.054909], [-80.764171, 35.054874], [-80.764284, 35.054834], [-80.764394, 35.054788], [-80.7645, 35.054737], [-80.764602, 35.05468], [-80.7647, 35.054619], [-80.764801, 35.054561], [-80.764898, 35.054499], [-80.764991, 35.054432], [-80.765079, 35.054361], [-80.765163, 35.054286], [-80.765241, 35.054208], [-80.765322, 35.0541], [-80.765395, 35.053989], [-80.765461, 35.053874], [-80.765519, 35.053757], [-80.765569, 35.053637], [-80.765611, 35.053515], [-80.765645, 35.053392], [-80.765671, 35.053267], [-80.765688, 35.053141], [-80.765694, 35.053063], [-80.765697, 35.052985], [-80.765697, 35.05288], [-80.765681, 35.052462], [-80.765672, 35.052356], [-80.765655, 35.05225], [-80.76563, 35.052145], [-80.765598, 35.052042], [-80.765519, 35.051825], [-80.765496, 35.051758], [-80.765476, 35.051689], [-80.765459, 35.051608], [-80.765447, 35.051527], [-80.76544, 35.051445], [-80.765434, 35.05125], [-80.765432, 35.051186], [-80.765421, 35.051123], [-80.765411, 35.051068], [-80.765407, 35.051013], [-80.765406, 35.050943]]]}}, {"type": "Feature", "properties": {"name": "Ballantyne Commons Py", "ksi": 2, "fatal": 2, "serious": 0, "ped": 0, "bike": 0, "miles": 5.9, "per_mile": 0.3}, "geometry": {"type": "LineString", "coordinates": [[-80.770053, 35.064717], [-80.770322, 35.064717], [-80.770624, 35.064733], [-80.770849, 35.06474], [-80.771066, 35.064743], [-80.77134, 35.064736], [-80.771586, 35.064717], [-80.771865, 35.064704], [-80.772081, 35.064688], [-80.77226, 35.064675], [-80.772517, 35.064648], [-80.772781, 35.064614], [-80.773046, 35.064583], [-80.773293, 35.064529], [-80.773432, 35.064493], [-80.77363, 35.064434], [-80.773802, 35.064356], [-80.773995, 35.064274], [-80.774135, 35.06421], [-80.774341, 35.064115], [-80.774684, 35.063959], [-80.774897, 35.063871], [-80.77513, 35.063781], [-80.775422, 35.063686], [-80.775686, 35.063631], [-80.775926, 35.063604], [-80.776037, 35.063599], [-80.776281, 35.063586], [-80.776514, 35.063576], [-80.776958, 35.063562], [-80.777324, 35.06356], [-80.77735, 35.06356], [-80.777656, 35.063559], [-80.777885, 35.063559], [-80.7781, 35.063569], [-80.77837, 35.063587], [-80.77866, 35.063609], [-80.778792, 35.063626], [-80.779058, 35.063665], [-80.779312, 35.063704], [-80.779815, 35.063776], [-80.780053, 35.063811], [-80.780188, 35.063831], [-80.780282, 35.063845], [-80.780503, 35.063878], [-80.780723, 35.063909], [-80.780897, 35.063934], [-80.781068, 35.063958], [-80.781304, 35.063991], [-80.781556, 35.064024], [-80.78181, 35.064059], [-80.782185, 35.064111], [-80.782398, 35.064139], [-80.782585, 35.064167], [-80.782662, 35.064177], [-80.782834, 35.0642], [-80.783085, 35.064235], [-80.783332, 35.06427], [-80.783583, 35.064306], [-80.783784, 35.064335], [-80.783966, 35.064359], [-80.78416, 35.064382], [-80.784313, 35.0644], [-80.784464, 35.064412], [-80.784607, 35.064419], [-80.784723, 35.064417], [-80.784825, 35.064412], [-80.784938, 35.0644], [-80.785081, 35.064381], [-80.785244, 35.064346], [-80.785425, 35.064301], [-80.785649, 35.064237], [-80.785903, 35.064159], [-80.786035, 35.064118], [-80.786424, 35.063993], [-80.786644, 35.063924], [-80.786831, 35.063875], [-80.786979, 35.06384], [-80.787098, 35.063819], [-80.787239, 35.063798], [-80.787376, 35.063782], [-80.787519, 35.063771], [-80.78766, 35.063762], [-80.787823, 35.063757], [-80.787932, 35.06376], [-80.788096, 35.063764], [-80.788551, 35.063792], [-80.789, 35.063822], [-80.789338, 35.063846], [-80.789715, 35.063875], [-80.790111, 35.063905], [-80.790493, 35.063933], [-80.790839, 35.063958], [-80.791266, 35.063987], [-80.791609, 35.064012], [-80.791845, 35.064027], [-80.792035, 35.064038], [-80.79219, 35.064043], [-80.792346, 35.064043], [-80.792474, 35.064042], [-80.79265, 35.064036], [-80.792773, 35.064031], [-80.792923, 35.064023], [-80.793067, 35.064012], [-80.793213, 35.063997], [-80.79332, 35.063983], [-80.793436, 35.063968], [-80.793593, 35.063942], [-80.793769, 35.06391], [-80.79395, 35.063874], [-80.794137, 35.063833], [-80.794294, 35.063797], [-80.794479, 35.063748], [-80.794671, 35.063689], [-80.794846, 35.06363], [-80.795014, 35.063567], [-80.795178, 35.063499], [-80.795357, 35.06342], [-80.79537, 35.063414], [-80.795619, 35.063302], [-80.795941, 35.063153], [-80.796234, 35.06302], [-80.796272, 35.063002], [-80.796608, 35.062844], [-80.7967, 35.062803], [-80.797055, 35.062646], [-80.797377, 35.062499], [-80.79766, 35.062371], [-80.797751, 35.062331], [-80.797871, 35.062278], [-80.797903, 35.062264], [-80.797959, 35.06224], [-80.798028, 35.062211], [-80.798169, 35.062153], [-80.798273, 35.06211], [-80.798418, 35.062058], [-80.798584, 35.062001], [-80.798773, 35.061944], [-80.798968, 35.061884], [-80.799245, 35.061801], [-80.799665, 35.06168], [-80.799848, 35.061628], [-80.800142, 35.061545], [-80.800735, 35.061379], [-80.801003, 35.0613], [-80.801209, 35.06124], [-80.801899, 35.061029], [-80.802658, 35.060798], [-80.803029, 35.060691], [-80.803215, 35.060638], [-80.803274, 35.060621], [-80.803646, 35.060514], [-80.804236, 35.060339], [-80.804828, 35.060163], [-80.80501, 35.06011], [-80.805426, 35.059988], [-80.805883, 35.059859], [-80.805992, 35.059825], [-80.807475, 35.059388], [-80.807578, 35.059358], [-80.808252, 35.059165], [-80.808785, 35.059019], [-80.809445, 35.05884], [-80.809581, 35.058806], [-80.812432, 35.058124], [-80.813328, 35.057914], [-80.814343, 35.057676], [-80.815354, 35.057438], [-80.816337, 35.057209], [-80.817394, 35.056955], [-80.817696, 35.056887], [-80.818165, 35.05678], [-80.818544, 35.056694], [-80.818902, 35.05661], [-80.819006, 35.056585], [-80.819234, 35.056533], [-80.819517, 35.056482], [-80.819779, 35.056441], [-80.819985, 35.056411], [-80.820231, 35.056391], [-80.820532, 35.056365], [-80.820849, 35.056357], [-80.821227, 35.056361], [-80.82151, 35.056382], [-80.82192, 35.056425], [-80.822158, 35.056449], [-80.822385, 35.056493], [-80.822659, 35.056546], [-80.8228, 35.056574], [-80.82283, 35.05658], [-80.823027, 35.05662], [-80.823449, 35.056702], [-80.824106, 35.056817], [-80.824539, 35.056867], [-80.824914, 35.056902], [-80.82532, 35.056922], [-80.825742, 35.05693], [-80.826134, 35.056909], [-80.826287, 35.056903], [-80.826344, 35.056898], [-80.826683, 35.056862], [-80.827031, 35.056818], [-80.827269, 35.056785], [-80.827454, 35.056753], [-80.827993, 35.056658], [-80.828706, 35.05653], [-80.829139, 35.056452], [-80.829967, 35.056303], [-80.831611, 35.056006], [-80.832096, 35.055919], [-80.832221, 35.055897], [-80.83238, 35.055868], [-80.832719, 35.055806], [-80.833222, 35.055688], [-80.833607, 35.055564], [-80.83404, 35.055398], [-80.834296, 35.055294], [-80.834788, 35.05509], [-80.835259, 35.054897], [-80.835388, 35.054843], [-80.835456, 35.054814], [-80.835678, 35.054722], [-80.836148, 35.054534], [-80.83688, 35.054275], [-80.837365, 35.054143], [-80.837805, 35.054074], [-80.837881, 35.054065], [-80.838327, 35.054028], [-80.838817, 35.054031], [-80.83913, 35.054051], [-80.839423, 35.054089], [-80.839801, 35.054156], [-80.840166, 35.054249], [-80.840579, 35.054381], [-80.840965, 35.054528], [-80.841265, 35.05466], [-80.841402, 35.054721], [-80.841853, 35.05493], [-80.842167, 35.055061], [-80.842402, 35.055142], [-80.842625, 35.055211], [-80.842878, 35.055281], [-80.843163, 35.055344], [-80.843458, 35.055392], [-80.84371, 35.055416], [-80.843841, 35.055428], [-80.844195, 35.05545], [-80.844737, 35.05545], [-80.845012, 35.055429], [-80.845111, 35.055421], [-80.845573, 35.055347], [-80.84599, 35.055271], [-80.846497, 35.055163], [-80.846947, 35.055066], [-80.847695, 35.0549], [-80.848611, 35.054752], [-80.849094, 35.054696], [-80.849517, 35.054675], [-80.850022, 35.054653], [-80.85025, 35.054658], [-80.850473, 35.054663], [-80.850819, 35.054684], [-80.851282, 35.054739], [-80.851486, 35.054771], [-80.851709, 35.054806], [-80.852047, 35.05487], [-80.852504, 35.054995], [-80.852767, 35.055068], [-80.852899, 35.055104], [-80.853034, 35.05515], [-80.853918, 35.055448], [-80.854516, 35.055654], [-80.854718, 35.055719], [-80.854771, 35.055736], [-80.854969, 35.055804], [-80.855424, 35.05596], [-80.85577, 35.056063], [-80.855925, 35.05611], [-80.856368, 35.056185], [-80.856693, 35.056212], [-80.857073, 35.056227], [-80.857195, 35.05622], [-80.857274, 35.056216], [-80.857507, 35.056192], [-80.857787, 35.056143], [-80.858029, 35.056092], [-80.858289, 35.05602], [-80.858625, 35.055905], [-80.859029, 35.055738], [-80.859225, 35.055638], [-80.85929, 35.055602], [-80.859431, 35.055523], [-80.859607, 35.055401], [-80.859833, 35.055234], [-80.860278, 35.054806], [-80.861166, 35.053967], [-80.861369, 35.053784], [-80.861476, 35.053688], [-80.861587, 35.053587], [-80.861889, 35.053342], [-80.862153, 35.053141], [-80.862473, 35.052922], [-80.86309, 35.052573], [-80.863576, 35.052375], [-80.863733, 35.05232], [-80.864336, 35.052115], [-80.864887, 35.051925], [-80.865452, 35.051724], [-80.865705, 35.051637], [-80.865892, 35.051569], [-80.866037, 35.051515], [-80.866251, 35.051428], [-80.866451, 35.05132], [-80.866597, 35.051241], [-80.866872, 35.05107], [-80.867092, 35.050932], [-80.867271, 35.050823], [-80.867556, 35.050643], [-80.868102, 35.050322], [-80.86813, 35.050306]]}}, {"type": "Feature", "properties": {"name": "Beatties Ford Rd", "ksi": 17, "fatal": 7, "serious": 10, "ped": 10, "bike": 0, "miles": 5.65, "per_mile": 3.0}, "geometry": {"type": "MultiLineString", "coordinates": [[[-80.858713, 35.241733], [-80.858725, 35.241801], [-80.858727, 35.241846], [-80.858726, 35.241912], [-80.858696, 35.242105], [-80.858659, 35.24226], [-80.858617, 35.242415], [-80.858579, 35.242539], [-80.858429, 35.24292], [-80.858257, 35.24335], [-80.858209, 35.243468], [-80.858006, 35.243944], [-80.857804, 35.2444], [-80.857783, 35.244445], [-80.857736, 35.244525], [-80.857696, 35.244585], [-80.857683, 35.244603], [-80.857627, 35.244679], [-80.857565, 35.244752], [-80.857535, 35.244786], [-80.857272, 35.245109], [-80.857104, 35.24532], [-80.857065, 35.245375], [-80.85703, 35.245431], [-80.857, 35.24549], [-80.856976, 35.24555], [-80.856953, 35.24562], [-80.856946, 35.245649], [-80.856936, 35.245692], [-80.856929, 35.245725], [-80.856887, 35.246004], [-80.856858, 35.246251], [-80.856831, 35.246468], [-80.85679, 35.246844], [-80.856762, 35.247085], [-80.856737, 35.247258], [-80.8567, 35.247558], [-80.856685, 35.247704], [-80.856669, 35.247866], [-80.856658, 35.247973], [-80.856635, 35.248177], [-80.856626, 35.248268], [-80.856594, 35.248556], [-80.856554, 35.2489], [-80.856474, 35.249628], [-80.856428, 35.250042], [-80.856418, 35.250132], [-80.856385, 35.250414], [-80.85635, 35.250705], [-80.856317, 35.250987], [-80.856297, 35.251216], [-80.856285, 35.251317], [-80.856274, 35.251406], [-80.856243, 35.251659], [-80.856215, 35.251934], [-80.856204, 35.252035], [-80.856189, 35.252172], [-80.856156, 35.252484], [-80.856116, 35.252835], [-80.856105, 35.25293], [-80.856096, 35.253024], [-80.856079, 35.253193], [-80.856059, 35.253428], [-80.856032, 35.253662], [-80.856008, 35.253846], [-80.856001, 35.253896], [-80.855997, 35.253923], [-80.855987, 35.254011], [-80.855959, 35.254242], [-80.855908, 35.254671], [-80.855882, 35.254857], [-80.85587, 35.254963], [-80.855853, 35.255105], [-80.855822, 35.255328], [-80.855809, 35.255423], [-80.855724, 35.256061], [-80.855716, 35.256115], [-80.855711, 35.256159], [-80.855625, 35.256831], [-80.8556, 35.25703], [-80.855557, 35.257378], [-80.855495, 35.257894], [-80.855436, 35.258336], [-80.855424, 35.258425], [-80.855412, 35.258521], [-80.855358, 35.258941], [-80.855351, 35.258992], [-80.85533, 35.259154], [-80.855292, 35.259452], [-80.855228, 35.259973], [-80.855225, 35.259996], [-80.855172, 35.260404], [-80.855147, 35.260603], [-80.85512, 35.260793], [-80.855092, 35.261003], [-80.855012, 35.261468], [-80.854935, 35.261884], [-80.854932, 35.261898], [-80.85493, 35.261907], [-80.854812, 35.262518], [-80.854802, 35.262569], [-80.854715, 35.262992], [-80.854692, 35.263103], [-80.854607, 35.263506], [-80.854606, 35.26351], [-80.854522, 35.26392], [-80.854477, 35.264133], [-80.854454, 35.264239], [-80.854408, 35.264462], [-80.854396, 35.264516], [-80.854282, 35.26505], [-80.854222, 35.265333], [-80.854198, 35.265452], [-80.854134, 35.265756], [-80.853991, 35.266443], [-80.853974, 35.266524], [-80.853957, 35.266604], [-80.853945, 35.266685], [-80.853938, 35.266766], [-80.853938, 35.266814], [-80.853937, 35.266847], [-80.853941, 35.266928], [-80.853942, 35.266932], [-80.853949, 35.26726], [-80.853951, 35.267316], [-80.853968, 35.268041], [-80.853981, 35.268278], [-80.854013, 35.268858], [-80.854108, 35.2701], [-80.85412, 35.270256], [-80.854187, 35.271141], [-80.854202, 35.271343], [-80.854256, 35.271952], [-80.854272, 35.272181], [-80.854304, 35.2725], [-80.854351, 35.272979], [-80.85436, 35.27307], [-80.854377, 35.273216], [-80.854459, 35.273919], [-80.854464, 35.273984], [-80.85447, 35.274049], [-80.854478, 35.274114], [-80.854486, 35.274179], [-80.854497, 35.274243], [-80.854508, 35.274308], [-80.854521, 35.274372], [-80.854535, 35.274436], [-80.854536, 35.274439], [-80.854551, 35.2745], [-80.854568, 35.274564], [-80.854586, 35.274627], [-80.854606, 35.27469], [-80.854627, 35.274753], [-80.854656, 35.274832], [-80.854827, 35.275198], [-80.854861, 35.275287], [-80.855197, 35.276181], [-80.855222, 35.276245], [-80.855268, 35.276373], [-80.85528, 35.276407], [-80.855333, 35.276571], [-80.855387, 35.276758], [-80.855442, 35.276949], [-80.85557, 35.277412], [-80.855629, 35.277626], [-80.855794, 35.278217], [-80.855877, 35.278512], [-80.856523, 35.280769], [-80.856579, 35.280954], [-80.85685, 35.281654], [-80.857333, 35.282842], [-80.857541, 35.283371], [-80.857728, 35.283848], [-80.857963, 35.284437], [-80.85809, 35.284774], [-80.8582, 35.285051], [-80.858229, 35.285148], [-80.858244, 35.285188], [-80.858272, 35.285267], [-80.8583, 35.285353], [-80.858327, 35.285439], [-80.858352, 35.285526], [-80.858374, 35.285613], [-80.858395, 35.285701], [-80.858414, 35.285788], [-80.858431, 35.285876], [-80.858447, 35.285964], [-80.85846, 35.286053], [-80.858472, 35.286141], [-80.858481, 35.28623], [-80.858489, 35.286319], [-80.858495, 35.286408], [-80.858499, 35.286497], [-80.858501, 35.286586], [-80.858501, 35.286675], [-80.858499, 35.286764], [-80.858496, 35.286853], [-80.858491, 35.286942], [-80.858483, 35.287031], [-80.858474, 35.287119], [-80.858463, 35.287208], [-80.85845, 35.287296], [-80.858435, 35.287384], [-80.858418, 35.287472], [-80.858399, 35.28756], [-80.858379, 35.287648], [-80.858357, 35.287735], [-80.858332, 35.287822], [-80.858306, 35.287908], [-80.85829, 35.28797], [-80.858188, 35.288364], [-80.858102, 35.288797], [-80.857976, 35.289421], [-80.857939, 35.289594], [-80.857911, 35.289716], [-80.857878, 35.289844], [-80.857842, 35.289973], [-80.857752, 35.290255], [-80.85769, 35.290441], [-80.857609, 35.290688], [-80.857125, 35.292245], [-80.856972, 35.292703], [-80.856826, 35.293164], [-80.856687, 35.293625], [-80.856553, 35.294088], [-80.856496, 35.294375], [-80.856472, 35.294513]], [[-80.855799, 35.301227], [-80.855852, 35.301388], [-80.855924, 35.301581], [-80.856003, 35.301773], [-80.85609, 35.301962], [-80.856184, 35.302149], [-80.856285, 35.302333], [-80.856406, 35.30252], [-80.856531, 35.302705], [-80.856662, 35.302888], [-80.856798, 35.303067], [-80.856939, 35.303245], [-80.858292, 35.305001], [-80.858444, 35.305202], [-80.858651, 35.305461], [-80.858951, 35.305831], [-80.859086, 35.306003], [-80.859223, 35.306175], [-80.8595, 35.306537], [-80.859762, 35.306873], [-80.859906, 35.307058], [-80.85995, 35.307115], [-80.86012, 35.307331], [-80.860265, 35.307525], [-80.86042, 35.307727], [-80.860543, 35.307886], [-80.860663, 35.308047], [-80.860768, 35.308178], [-80.860872, 35.308314], [-80.860983, 35.308458], [-80.861026, 35.308515], [-80.861054, 35.30855], [-80.861217, 35.308761], [-80.861323, 35.308897], [-80.86144, 35.309048], [-80.861662, 35.309332], [-80.861909, 35.309645], [-80.862155, 35.309961], [-80.862346, 35.310208], [-80.862405, 35.310284], [-80.862591, 35.310523], [-80.862799, 35.310792], [-80.862962, 35.311006], [-80.863046, 35.311115], [-80.863106, 35.311196], [-80.863133, 35.311233], [-80.863166, 35.31128], [-80.863196, 35.311325], [-80.863219, 35.311362], [-80.863244, 35.311406], [-80.863263, 35.311443], [-80.863289, 35.311491], [-80.86332, 35.31155], [-80.863346, 35.311603], [-80.863373, 35.311658], [-80.863396, 35.31171], [-80.863416, 35.311752], [-80.863436, 35.311796], [-80.863457, 35.311845], [-80.863476, 35.31189], [-80.863501, 35.311951], [-80.863525, 35.312015], [-80.863571, 35.312145], [-80.863616, 35.312271], [-80.863622, 35.312288], [-80.863642, 35.312343], [-80.863691, 35.3125], [-80.863753, 35.312704], [-80.863816, 35.312942], [-80.863857, 35.313106], [-80.863928, 35.313423], [-80.86401, 35.313787], [-80.864106, 35.314212], [-80.864204, 35.314634], [-80.864263, 35.314867], [-80.864308, 35.315083], [-80.864357, 35.315312], [-80.864485, 35.315878], [-80.864582, 35.316302], [-80.86466, 35.316652], [-80.864693, 35.31681], [-80.864714, 35.316941], [-80.864734, 35.3171], [-80.864747, 35.317226], [-80.864751, 35.317264], [-80.864759, 35.317508], [-80.864766, 35.317744], [-80.864769, 35.31806], [-80.864775, 35.318435], [-80.864772, 35.318567], [-80.864773, 35.318664], [-80.864776, 35.318742], [-80.864782, 35.318817], [-80.864788, 35.318891], [-80.864799, 35.31898], [-80.864813, 35.319063], [-80.864833, 35.319165], [-80.864864, 35.319284], [-80.864927, 35.319515], [-80.864969, 35.319674], [-80.865031, 35.319907], [-80.865057, 35.319984], [-80.865119, 35.320169], [-80.865173, 35.320337], [-80.86521, 35.320452], [-80.86527, 35.320625], [-80.865359, 35.320896], [-80.86541, 35.321046], [-80.865472, 35.321229], [-80.865512, 35.321366], [-80.865587, 35.321594], [-80.865654, 35.321793], [-80.865692, 35.321907], [-80.865803, 35.32225], [-80.865919, 35.322616], [-80.86605, 35.323036], [-80.86609, 35.323158], [-80.866151, 35.323349], [-80.866227, 35.323589], [-80.866261, 35.323695], [-80.866383, 35.324124], [-80.866468, 35.324396], [-80.866563, 35.324661], [-80.866644, 35.324894], [-80.866724, 35.325102], [-80.866774, 35.325229], [-80.866809, 35.325301], [-80.866842, 35.325366], [-80.866847, 35.325376], [-80.866887, 35.325443], [-80.866912, 35.325483], [-80.866934, 35.325513], [-80.866979, 35.325575], [-80.867011, 35.325618], [-80.867034, 35.325647], [-80.867063, 35.325682], [-80.867114, 35.325741], [-80.867154, 35.325785], [-80.86725, 35.325888], [-80.867342, 35.32598], [-80.867491, 35.326128], [-80.867967, 35.326601], [-80.867968, 35.326601], [-80.867985, 35.326618], [-80.868088, 35.326719], [-80.868155, 35.326785], [-80.868161, 35.326791], [-80.868171, 35.326801]]]}}, {"type": "Feature", "properties": {"name": "Brookshire Bv", "ksi": 15, "fatal": 7, "serious": 8, "ped": 5, "bike": 0, "miles": 7.01, "per_mile": 2.1}, "geometry": {"type": "MultiLineString", "coordinates": [[[-80.874715, 35.259737], [-80.875843, 35.260505], [-80.875863, 35.260518], [-80.876195, 35.260721], [-80.876551, 35.260933], [-80.876911, 35.261139], [-80.877099, 35.261241], [-80.877628, 35.261527], [-80.877664, 35.26155], [-80.877751, 35.261608], [-80.878467, 35.26208], [-80.878479, 35.262089], [-80.878507, 35.262111], [-80.878543, 35.26214], [-80.878583, 35.262172], [-80.878619, 35.2622], [-80.878645, 35.262221], [-80.879186, 35.262647], [-80.879283, 35.262724], [-80.879684, 35.26304], [-80.879753, 35.263101], [-80.879935, 35.263261], [-80.880088, 35.263401], [-80.880238, 35.263544], [-80.880384, 35.263688], [-80.880528, 35.263835], [-80.880669, 35.264024], [-80.880758, 35.264149], [-80.880845, 35.264275], [-80.880929, 35.264403], [-80.88101, 35.264532], [-80.881088, 35.264662], [-80.881164, 35.264793], [-80.881237, 35.264925], [-80.881298, 35.265078], [-80.881403, 35.265316], [-80.881493, 35.26554], [-80.881539, 35.265633], [-80.881594, 35.265763], [-80.881651, 35.265895], [-80.881758, 35.266141], [-80.881961, 35.266618], [-80.882344, 35.267553], [-80.882705, 35.268432], [-80.882725, 35.268481], [-80.883062, 35.269325], [-80.883142, 35.269512], [-80.883658, 35.270708], [-80.883725, 35.270845], [-80.883795, 35.270982], [-80.883868, 35.271118], [-80.883944, 35.271253], [-80.884023, 35.271386], [-80.884105, 35.271519], [-80.884189, 35.27165], [-80.884277, 35.27178], [-80.884367, 35.271909], [-80.884459, 35.272036], [-80.884555, 35.272162], [-80.88463, 35.272258], [-80.884653, 35.272287], [-80.884754, 35.272411], [-80.884857, 35.272532], [-80.884963, 35.272653], [-80.885072, 35.272771], [-80.885182, 35.272889], [-80.8852, 35.272907], [-80.885296, 35.273004], [-80.885412, 35.273118], [-80.88553, 35.273231], [-80.885651, 35.273341], [-80.885774, 35.27345], [-80.885899, 35.273557], [-80.886027, 35.273663], [-80.886156, 35.273766], [-80.886289, 35.273868], [-80.886423, 35.273967], [-80.886559, 35.274065], [-80.886697, 35.274161], [-80.88696, 35.274333], [-80.888081, 35.27513], [-80.88909, 35.275792], [-80.890481, 35.276558], [-80.891008, 35.276847], [-80.894777, 35.278919], [-80.895512, 35.279328], [-80.896047, 35.279624], [-80.896404, 35.27982], [-80.898575, 35.281019], [-80.903182, 35.283549], [-80.903495, 35.283718], [-80.903684, 35.283828], [-80.90387, 35.28394], [-80.903921, 35.283975], [-80.903939, 35.283983], [-80.904054, 35.284054], [-80.904235, 35.284172], [-80.904414, 35.284292], [-80.90459, 35.284414], [-80.904763, 35.284539], [-80.904935, 35.284667], [-80.906293, 35.285669], [-80.907524, 35.28661], [-80.908734, 35.287568], [-80.912689, 35.290602], [-80.91357, 35.291278], [-80.917182, 35.294045], [-80.917447, 35.294271], [-80.917708, 35.294498], [-80.918225, 35.294946], [-80.918351, 35.295067], [-80.918429, 35.295145], [-80.918506, 35.295224], [-80.918581, 35.295305], [-80.918654, 35.295386], [-80.918726, 35.295469], [-80.918796, 35.295552], [-80.918863, 35.295637], [-80.918929, 35.295722], [-80.918993, 35.295809], [-80.919056, 35.295896], [-80.919117, 35.295984], [-80.919175, 35.296073], [-80.919232, 35.296163], [-80.919287, 35.296254], [-80.91934, 35.296345], [-80.91939, 35.296437], [-80.91944, 35.29653], [-80.919486, 35.296624], [-80.919531, 35.296718], [-80.919574, 35.296813], [-80.919615, 35.296908], [-80.919654, 35.297005], [-80.919691, 35.297101], [-80.919726, 35.297198], [-80.919758, 35.297296], [-80.919786, 35.297383], [-80.919789, 35.297394], [-80.919818, 35.297492], [-80.919844, 35.297591], [-80.919868, 35.29769], [-80.919891, 35.29779], [-80.919911, 35.29789], [-80.919929, 35.29799], [-80.919945, 35.29809], [-80.919958, 35.298191], [-80.91997, 35.298292], [-80.919979, 35.298392], [-80.920445, 35.300754], [-80.921196, 35.304565], [-80.921241, 35.304697], [-80.92129, 35.304828], [-80.921342, 35.304959], [-80.921396, 35.305089], [-80.921454, 35.305219], [-80.921513, 35.305347], [-80.921576, 35.305474], [-80.921642, 35.305601], [-80.921709, 35.305727], [-80.92178, 35.305851], [-80.921853, 35.305975], [-80.92193, 35.306098], [-80.922008, 35.306219], [-80.922089, 35.30634], [-80.922173, 35.306459], [-80.922259, 35.306577], [-80.922347, 35.306693], [-80.922439, 35.306809], [-80.922532, 35.306923], [-80.922628, 35.307036], [-80.922727, 35.307147], [-80.922828, 35.307257], [-80.922931, 35.307365], [-80.923036, 35.307472], [-80.923144, 35.307578], [-80.923254, 35.307681], [-80.923365, 35.307784], [-80.92348, 35.307884], [-80.923596, 35.307983], [-80.923715, 35.308081], [-80.923874, 35.308206], [-80.92522, 35.309302], [-80.925973, 35.309919], [-80.93662, 35.318647], [-80.938168, 35.319916], [-80.938374, 35.320085], [-80.939062, 35.320645], [-80.939813, 35.321258], [-80.940538, 35.321849], [-80.940732, 35.322007], [-80.940841, 35.322096], [-80.940862, 35.322113], [-80.941872, 35.322936], [-80.942142, 35.323156], [-80.943366, 35.324155], [-80.94439, 35.32499], [-80.945203, 35.325648], [-80.945487, 35.325878], [-80.945488, 35.325879]], [[-80.962907, 35.338221], [-80.962979, 35.338273], [-80.964195, 35.339152], [-80.964864, 35.339669], [-80.965065, 35.339849], [-80.965172, 35.339949], [-80.965276, 35.340051], [-80.965378, 35.340154], [-80.965478, 35.340259], [-80.965576, 35.340365], [-80.965672, 35.340472], [-80.965765, 35.340581], [-80.965856, 35.340692], [-80.965944, 35.340803], [-80.96603, 35.340916], [-80.966114, 35.34103], [-80.966196, 35.341145], [-80.966274, 35.341261], [-80.966351, 35.341379], [-80.966424, 35.341497], [-80.966495, 35.341616], [-80.967384, 35.343424], [-80.967949, 35.344575], [-80.968465, 35.345624], [-80.968543, 35.34578], [-80.968624, 35.345934], [-80.968709, 35.346087], [-80.968797, 35.346239], [-80.968889, 35.34639], [-80.968984, 35.346539], [-80.969082, 35.346687], [-80.969183, 35.346834], [-80.969208, 35.34687], [-80.969287, 35.346979], [-80.969394, 35.347122], [-80.969504, 35.347265], [-80.969728, 35.347538], [-80.96978, 35.347589]]]}}, {"type": "Feature", "properties": {"name": "Carmel Rd", "ksi": 2, "fatal": 1, "serious": 1, "ped": 0, "bike": 0, "miles": 7.38, "per_mile": 0.3}, "geometry": {"type": "LineString", "coordinates": [[-80.802069, 35.148874], [-80.802006, 35.148664], [-80.801983, 35.148583], [-80.80196, 35.14851], [-80.801933, 35.14841], [-80.80192, 35.14835], [-80.801775, 35.147205], [-80.801726, 35.146836], [-80.80166, 35.146349], [-80.801655, 35.146316], [-80.801571, 35.145737], [-80.801544, 35.145516], [-80.801467, 35.144918], [-80.801461, 35.144864], [-80.801416, 35.144483], [-80.801408, 35.144418], [-80.801394, 35.14426], [-80.801384, 35.1441], [-80.801383, 35.143913], [-80.801387, 35.143726], [-80.801397, 35.143539], [-80.801436, 35.143209], [-80.801517, 35.142469], [-80.801586, 35.141829], [-80.801587, 35.14182], [-80.801609, 35.141644], [-80.801621, 35.141566], [-80.801636, 35.141469], [-80.801649, 35.141407], [-80.801681, 35.141276], [-80.801718, 35.141146], [-80.80176, 35.141018], [-80.801779, 35.14096], [-80.801822, 35.140843], [-80.801871, 35.140728], [-80.801903, 35.140659], [-80.801924, 35.140614], [-80.801983, 35.140501], [-80.802057, 35.140349], [-80.802637, 35.139384], [-80.802862, 35.139017], [-80.8029, 35.138956], [-80.802993, 35.138809], [-80.803091, 35.138665], [-80.80317, 35.138568], [-80.803283, 35.138429], [-80.80335, 35.138356], [-80.803428, 35.138276], [-80.803511, 35.138199], [-80.803598, 35.138126], [-80.803744, 35.13801], [-80.803899, 35.137894], [-80.804059, 35.13778], [-80.804565, 35.137426], [-80.804696, 35.137336], [-80.804929, 35.137169], [-80.80495, 35.137153], [-80.805032, 35.137083], [-80.805102, 35.137018], [-80.805172, 35.136947], [-80.805238, 35.136873], [-80.80526, 35.136845], [-80.805314, 35.136774], [-80.805363, 35.136701], [-80.805408, 35.136625], [-80.805501, 35.136449], [-80.805557, 35.136341], [-80.805607, 35.136232], [-80.805797, 35.135822], [-80.805881, 35.135648], [-80.805972, 35.135458], [-80.806072, 35.135258], [-80.806138, 35.135124], [-80.806178, 35.135043], [-80.806383, 35.134613], [-80.80641, 35.134558], [-80.806452, 35.134481], [-80.8065, 35.134391], [-80.806573, 35.134263], [-80.806636, 35.134175], [-80.806702, 35.134088], [-80.806744, 35.134037], [-80.806815, 35.133955], [-80.806892, 35.133876], [-80.806971, 35.1338], [-80.807055, 35.133727], [-80.807143, 35.133657], [-80.807234, 35.13359], [-80.807486, 35.133435], [-80.807622, 35.133364], [-80.807692, 35.133327], [-80.808008, 35.133172], [-80.808412, 35.132974], [-80.808914, 35.132715], [-80.809177, 35.132571], [-80.809204, 35.132556], [-80.809337, 35.132484], [-80.809735, 35.13228], [-80.810043, 35.132115], [-80.810117, 35.132072], [-80.810202, 35.132021], [-80.810285, 35.131967], [-80.810367, 35.131912], [-80.810447, 35.131856], [-80.810492, 35.131821], [-80.810571, 35.131757], [-80.810649, 35.131692], [-80.810724, 35.131626], [-80.810798, 35.131558], [-80.811055, 35.131314], [-80.811187, 35.131192], [-80.811275, 35.131111], [-80.811498, 35.130901], [-80.811732, 35.130683], [-80.812122, 35.130313], [-80.812281, 35.130169], [-80.812516, 35.129957], [-80.812794, 35.12971], [-80.812845, 35.129665], [-80.813301, 35.129314], [-80.813476, 35.129183], [-80.813651, 35.129052], [-80.814012, 35.128788], [-80.814253, 35.1286], [-80.814411, 35.128467], [-80.814615, 35.128277], [-80.814644, 35.12825], [-80.814798, 35.128097], [-80.814889, 35.128007], [-80.81497, 35.127919], [-80.815063, 35.127817], [-80.815125, 35.127747], [-80.815171, 35.127694], [-80.815283, 35.127557], [-80.815411, 35.12739], [-80.81558, 35.127168], [-80.815724, 35.126952], [-80.815841, 35.126761], [-80.815919, 35.126632], [-80.815952, 35.126578], [-80.816061, 35.126367], [-80.816206, 35.126054], [-80.816388, 35.125653], [-80.816476, 35.125465], [-80.816499, 35.125416], [-80.816675, 35.125032], [-80.816956, 35.124408], [-80.81698, 35.124359], [-80.817057, 35.124198], [-80.817101, 35.124099], [-80.817244, 35.123774], [-80.817484, 35.123254], [-80.817627, 35.122941], [-80.817702, 35.122814], [-80.817809, 35.122633], [-80.818, 35.122336], [-80.818166, 35.122091], [-80.81837, 35.121815], [-80.818427, 35.121741], [-80.818644, 35.121458], [-80.818684, 35.121411], [-80.818994, 35.121049], [-80.819111, 35.120921], [-80.819367, 35.120641], [-80.81945, 35.120531], [-80.819909, 35.120056], [-80.820124, 35.119833], [-80.820925, 35.119012], [-80.821023, 35.118912], [-80.821711, 35.118202], [-80.822148, 35.117746], [-80.822449, 35.117432], [-80.822965, 35.116901], [-80.823175, 35.116684], [-80.823234, 35.116623], [-80.823404, 35.116447], [-80.82353, 35.116315], [-80.823535, 35.116309], [-80.823651, 35.116175], [-80.823716, 35.116091], [-80.823757, 35.116035], [-80.823817, 35.115948], [-80.823926, 35.115768], [-80.824073, 35.115463], [-80.824189, 35.11521], [-80.824369, 35.114816], [-80.824514, 35.114502], [-80.824578, 35.114366], [-80.82465, 35.114216], [-80.82482, 35.113849], [-80.824998, 35.113456], [-80.825039, 35.113367], [-80.825214, 35.112984], [-80.825386, 35.112608], [-80.825544, 35.112265], [-80.825657, 35.112018], [-80.825826, 35.111678], [-80.825991, 35.111336], [-80.826033, 35.111246], [-80.826161, 35.110964], [-80.826405, 35.110399], [-80.826587, 35.109592], [-80.826627, 35.109254], [-80.826639, 35.108689], [-80.826664, 35.108414], [-80.826694, 35.107854], [-80.826736, 35.107171], [-80.826752, 35.107085], [-80.826758, 35.107029], [-80.826765, 35.10698], [-80.82678, 35.10692], [-80.8268, 35.106825], [-80.826831, 35.106706], [-80.826864, 35.106576], [-80.826933, 35.106444], [-80.827013, 35.10631], [-80.827093, 35.106169], [-80.827194, 35.10603], [-80.827402, 35.10579], [-80.827488, 35.105693], [-80.827757, 35.105468], [-80.828047, 35.105282], [-80.828328, 35.10513], [-80.828684, 35.104973], [-80.828917, 35.104873], [-80.829293, 35.104711], [-80.829521, 35.104615], [-80.830133, 35.104382], [-80.830392, 35.104316], [-80.83063, 35.104271], [-80.830926, 35.104241], [-80.831397, 35.104233], [-80.832125, 35.104276], [-80.832579, 35.104266], [-80.832916, 35.104221], [-80.833028, 35.104197], [-80.83331, 35.104139], [-80.83353, 35.104075], [-80.833725, 35.104008], [-80.83392, 35.103928], [-80.834135, 35.10381], [-80.834334, 35.103693], [-80.834521, 35.103567], [-80.83478, 35.103353], [-80.834846, 35.10328], [-80.835092, 35.103005], [-80.835404, 35.102646], [-80.835483, 35.102555], [-80.835724, 35.102279], [-80.835859, 35.102126], [-80.835904, 35.102076], [-80.836041, 35.101922], [-80.836129, 35.101826], [-80.836199, 35.101731], [-80.836306, 35.101601], [-80.836649, 35.101192], [-80.836745, 35.101072], [-80.836835, 35.100961], [-80.836905, 35.100877], [-80.836954, 35.100793], [-80.837014, 35.100683], [-80.837056, 35.100627], [-80.837074, 35.100587], [-80.83714, 35.100462], [-80.837266, 35.100225], [-80.837443, 35.099899], [-80.837535, 35.099734], [-80.837599, 35.099631], [-80.837633, 35.099575], [-80.837693, 35.099488], [-80.83772, 35.099426], [-80.837772, 35.099373], [-80.837799, 35.09933], [-80.837844, 35.099267], [-80.837888, 35.099191], [-80.837945, 35.099119], [-80.838006, 35.099037], [-80.838046, 35.098994], [-80.838147, 35.098883], [-80.838328, 35.098676], [-80.838471, 35.098546], [-80.838557, 35.098446], [-80.838676, 35.098334], [-80.838795, 35.098219], [-80.838857, 35.098142], [-80.838952, 35.098045], [-80.839038, 35.097963], [-80.83928, 35.097708], [-80.839455, 35.097511], [-80.839574, 35.097356], [-80.839608, 35.097312], [-80.839679, 35.097216], [-80.839822, 35.097017], [-80.839983, 35.096781], [-80.840104, 35.096614], [-80.840164, 35.096549], [-80.840213, 35.096488], [-80.840552, 35.095988], [-80.840621, 35.095889], [-80.840803, 35.095621], [-80.840863, 35.095535], [-80.841121, 35.095167], [-80.841301, 35.094899], [-80.841394, 35.09474], [-80.841561, 35.094482], [-80.841614, 35.094399], [-80.841672, 35.094318], [-80.841734, 35.09424], [-80.841801, 35.094164], [-80.841818, 35.094146], [-80.841881, 35.094086], [-80.841928, 35.09404], [-80.842074, 35.093925], [-80.842164, 35.093855], [-80.842313, 35.09374], [-80.842503, 35.09358], [-80.84262, 35.093482], [-80.842741, 35.093386], [-80.842782, 35.093357], [-80.842866, 35.093294], [-80.842897, 35.093272], [-80.843129, 35.093078], [-80.843418, 35.092843], [-80.843631, 35.09268], [-80.843795, 35.092507], [-80.843879, 35.09242], [-80.843944, 35.092336], [-80.843999, 35.092269], [-80.844055, 35.092188], [-80.844087, 35.092143], [-80.844116, 35.09209], [-80.844139, 35.092055], [-80.844155, 35.092022], [-80.844174, 35.091982], [-80.844194, 35.09194], [-80.844224, 35.091874], [-80.844255, 35.091801], [-80.844282, 35.09173], [-80.844327, 35.091611], [-80.844358, 35.091494], [-80.844388, 35.091341], [-80.844435, 35.090991], [-80.844461, 35.090843], [-80.844484, 35.090706], [-80.8445, 35.090586], [-80.844527, 35.090406], [-80.844572, 35.090082], [-80.844618, 35.089745], [-80.844662, 35.089373], [-80.84471, 35.088976], [-80.844713, 35.08895], [-80.844724, 35.088861], [-80.844733, 35.088793], [-80.844752, 35.08871], [-80.844778, 35.088615], [-80.844832, 35.088464], [-80.844866, 35.088381], [-80.844911, 35.088287], [-80.844971, 35.088169], [-80.845075, 35.087958], [-80.8452, 35.087753], [-80.845237, 35.087692], [-80.845821, 35.086722], [-80.845831, 35.086708], [-80.845867, 35.086642], [-80.845902, 35.086576], [-80.845935, 35.086509], [-80.845967, 35.086442], [-80.845997, 35.086374], [-80.846026, 35.086306], [-80.846053, 35.086237], [-80.846079, 35.086168], [-80.846104, 35.086098], [-80.846127, 35.086029], [-80.846148, 35.085958], [-80.846168, 35.085888], [-80.846187, 35.085818], [-80.846204, 35.085747], [-80.84622, 35.085675], [-80.846233, 35.085604], [-80.846246, 35.085533], [-80.846257, 35.085461], [-80.846266, 35.085389], [-80.84627, 35.085356], [-80.846279, 35.085264], [-80.846302, 35.084005], [-80.846327, 35.083875], [-80.846342, 35.083795], [-80.846357, 35.083742], [-80.846366, 35.083712], [-80.846375, 35.083683], [-80.846386, 35.083654], [-80.846396, 35.083625], [-80.846408, 35.083596], [-80.84642, 35.083567], [-80.846433, 35.083539], [-80.846446, 35.083511], [-80.84646, 35.083482], [-80.846474, 35.083454], [-80.84649, 35.083427], [-80.846506, 35.083399], [-80.846521, 35.083372], [-80.846539, 35.083345], [-80.846556, 35.083318], [-80.846574, 35.083292], [-80.846592, 35.083265], [-80.846611, 35.083239], [-80.846631, 35.083214], [-80.846651, 35.083188], [-80.846672, 35.083163], [-80.846693, 35.083138], [-80.846715, 35.083114], [-80.846737, 35.08309], [-80.84676, 35.083066], [-80.846783, 35.083042], [-80.846807, 35.083019], [-80.846831, 35.082996], [-80.846856, 35.082973], [-80.846881, 35.082951], [-80.846907, 35.08293], [-80.846933, 35.082908], [-80.84696, 35.082887], [-80.846987, 35.082866], [-80.847014, 35.082846], [-80.847042, 35.082826], [-80.84707, 35.082807], [-80.847099, 35.082788], [-80.847128, 35.082769], [-80.847158, 35.082751], [-80.847188, 35.082733], [-80.847218, 35.082716], [-80.847249, 35.082699], [-80.84728, 35.082682], [-80.847311, 35.082666], [-80.847343, 35.082651], [-80.847375, 35.082635], [-80.847407, 35.082621], [-80.84744, 35.082607], [-80.847472, 35.082593], [-80.847506, 35.08258], [-80.847948, 35.082389], [-80.848676, 35.082074], [-80.849, 35.081899], [-80.849052, 35.081871], [-80.849518, 35.081531], [-80.849885, 35.081173], [-80.850155, 35.080909], [-80.850852, 35.080226], [-80.850892, 35.08018], [-80.850931, 35.080134], [-80.850968, 35.080087], [-80.851005, 35.08004], [-80.851041, 35.079992], [-80.851075, 35.079944], [-80.851109, 35.079895], [-80.851142, 35.079846], [-80.851173, 35.079797], [-80.851204, 35.079746], [-80.851233, 35.079696], [-80.85128, 35.079609], [-80.851528, 35.079153], [-80.85182, 35.078614], [-80.852079, 35.07828], [-80.852211, 35.078161], [-80.852619, 35.077795], [-80.852962, 35.077559], [-80.853363, 35.07733], [-80.85371, 35.077188], [-80.853716, 35.077186], [-80.85435, 35.07699], [-80.85473, 35.076921], [-80.854787, 35.076911], [-80.855236, 35.076874], [-80.855568, 35.076847], [-80.855957, 35.076812], [-80.856475, 35.076771], [-80.856771, 35.076749], [-80.856935, 35.07673], [-80.857087, 35.07671], [-80.857247, 35.076674], [-80.857378, 35.076642], [-80.857566, 35.076578], [-80.857717, 35.076521], [-80.857859, 35.076465], [-80.858231, 35.076238], [-80.858494, 35.076032], [-80.858701, 35.075803], [-80.85878, 35.075717], [-80.858967, 35.075415], [-80.859118, 35.075021], [-80.859306, 35.074437], [-80.859453, 35.073983], [-80.859609, 35.073522], [-80.859723, 35.0732], [-80.85975, 35.073123], [-80.86001, 35.072532], [-80.860319, 35.071958], [-80.860342, 35.071924], [-80.860592, 35.071543], [-80.860719, 35.071349], [-80.86087, 35.071145], [-80.861063, 35.070916], [-80.861298, 35.07064], [-80.862404, 35.069475], [-80.862673, 35.069192], [-80.862677, 35.069188], [-80.86292, 35.068937], [-80.863157, 35.068584], [-80.863253, 35.068433], [-80.86346, 35.068053], [-80.863592, 35.067708], [-80.863647, 35.067584], [-80.863688, 35.067465], [-80.863818, 35.067116], [-80.863858, 35.067012], [-80.863933, 35.0668], [-80.864014, 35.066569], [-80.864034, 35.066514], [-80.864073, 35.066408], [-80.86413, 35.066276], [-80.864168, 35.066196], [-80.864219, 35.066107], [-80.864246, 35.06606], [-80.864325, 35.065936], [-80.864399, 35.065838], [-80.864461, 35.065752], [-80.864514, 35.065678], [-80.86458, 35.065585], [-80.864608, 35.065536], [-80.86463, 35.065492], [-80.864653, 35.065435], [-80.864666, 35.06539], [-80.864673, 35.065336], [-80.864679, 35.065281], [-80.864678, 35.065143], [-80.864672, 35.064897], [-80.86466, 35.064356], [-80.864662, 35.06428], [-80.864672, 35.064219], [-80.864694, 35.064169], [-80.86472, 35.064128], [-80.864761, 35.064083], [-80.864818, 35.064025], [-80.864911, 35.063966], [-80.864999, 35.063913], [-80.865106, 35.063854], [-80.865205, 35.063794], [-80.865272, 35.063751], [-80.86532, 35.063711], [-80.865362, 35.063672], [-80.865399, 35.063636], [-80.865445, 35.063589], [-80.865491, 35.063528], [-80.865556, 35.063424], [-80.865666, 35.063236]]}}, {"type": "Feature", "properties": {"name": "Central Av", "ksi": 18, "fatal": 8, "serious": 10, "ped": 7, "bike": 0, "miles": 5.09, "per_mile": 3.5}, "geometry": {"type": "MultiLineString", "coordinates": [[[-80.750026, 35.205232], [-80.749596, 35.204878], [-80.749363, 35.204646], [-80.749213, 35.204493], [-80.749065, 35.204306], [-80.748857, 35.204048], [-80.748679, 35.203826], [-80.748597, 35.203708]], [[-80.750026, 35.205232], [-80.749309, 35.204778], [-80.748713, 35.20437], [-80.748354, 35.204138], [-80.748041, 35.203983], [-80.747684, 35.203822], [-80.747321, 35.203704], [-80.746973, 35.203596], [-80.74626, 35.20341]], [[-80.82874, 35.22025], [-80.828505, 35.220376], [-80.828495, 35.220381], [-80.828417, 35.220412], [-80.828336, 35.220439], [-80.82805, 35.220513], [-80.827827, 35.220564], [-80.827558, 35.220625], [-80.827411, 35.220649], [-80.827056, 35.22072], [-80.826888, 35.220755], [-80.826612, 35.220811], [-80.826495, 35.220834], [-80.826195, 35.220896], [-80.826102, 35.220916], [-80.82588, 35.220971], [-80.825521, 35.221046], [-80.824718, 35.22121], [-80.824433, 35.221268], [-80.824008, 35.221355], [-80.823445, 35.221475], [-80.822841, 35.221602], [-80.822065, 35.221761], [-80.821896, 35.221791], [-80.821795, 35.221804], [-80.821706, 35.221815], [-80.821551, 35.22182], [-80.82142, 35.221816], [-80.821309, 35.221813], [-80.821222, 35.22181], [-80.821081, 35.221794], [-80.820918, 35.22177], [-80.820545, 35.221693], [-80.820221, 35.221631], [-80.820133, 35.221613], [-80.820079, 35.221601], [-80.819543, 35.221503], [-80.819231, 35.221446], [-80.818522, 35.221318], [-80.818091, 35.221234], [-80.817721, 35.221151], [-80.817044, 35.221009], [-80.816787, 35.220955], [-80.816402, 35.220883], [-80.816162, 35.22084], [-80.815301, 35.220677], [-80.815288, 35.220674], [-80.814569, 35.220538], [-80.8141, 35.220447], [-80.813985, 35.220429], [-80.813869, 35.220415], [-80.813752, 35.220405], [-80.813635, 35.2204], [-80.813594, 35.220399], [-80.813548, 35.220399], [-80.813417, 35.220392], [-80.813112, 35.220375], [-80.812721, 35.220356], [-80.812396, 35.220341], [-80.812216, 35.220332], [-80.811848, 35.220313], [-80.810995, 35.220271], [-80.810837, 35.220264], [-80.810463, 35.220248], [-80.81004, 35.220228], [-80.809765, 35.220219], [-80.80949, 35.220206], [-80.809446, 35.220203], [-80.809319, 35.220195], [-80.80901, 35.220176], [-80.808645, 35.220152], [-80.808528, 35.220145], [-80.808381, 35.220137], [-80.808118, 35.220117], [-80.807953, 35.220102], [-80.807855, 35.220093], [-80.807323, 35.220044], [-80.806989, 35.220014], [-80.806724, 35.219991], [-80.804071, 35.219751], [-80.802916, 35.219645], [-80.802696, 35.219625], [-80.802337, 35.219592], [-80.802058, 35.219566], [-80.801627, 35.219527], [-80.801219, 35.219489], [-80.800864, 35.219455], [-80.800576, 35.219428], [-80.800146, 35.219388], [-80.79993, 35.219368], [-80.799229, 35.219303], [-80.799008, 35.219283], [-80.798649, 35.219249], [-80.798244, 35.219212], [-80.798128, 35.2192], [-80.798012, 35.219183], [-80.797898, 35.219162], [-80.797889, 35.21916], [-80.797784, 35.219137], [-80.797672, 35.219108], [-80.797562, 35.219074], [-80.79755, 35.219071], [-80.797029, 35.218894], [-80.796928, 35.218859], [-80.796304, 35.218647], [-80.796184, 35.218605], [-80.795706, 35.21844], [-80.795504, 35.21837], [-80.794733, 35.218085], [-80.794421, 35.217968], [-80.79409, 35.217846], [-80.793768, 35.217728], [-80.793356, 35.217575], [-80.793016, 35.21745], [-80.792765, 35.217358], [-80.792623, 35.217307], [-80.792478, 35.217261], [-80.792331, 35.217218], [-80.792182, 35.217179], [-80.792101, 35.21716], [-80.791927, 35.217125], [-80.791893, 35.217118], [-80.791683, 35.21708], [-80.791583, 35.217062], [-80.791267, 35.217009], [-80.790485, 35.216878], [-80.789915, 35.216787], [-80.789816, 35.216771], [-80.789752, 35.21676], [-80.789194, 35.216652], [-80.789058, 35.216625], [-80.789019, 35.216617], [-80.788803, 35.216573], [-80.788474, 35.216506], [-80.787862, 35.216383], [-80.787686, 35.216348], [-80.787199, 35.21625], [-80.787139, 35.216238], [-80.786649, 35.216141], [-80.786459, 35.21611], [-80.786268, 35.216085], [-80.786116, 35.216067], [-80.786034, 35.216058], [-80.785815, 35.216037], [-80.785799, 35.216036], [-80.785713, 35.216029], [-80.785212, 35.215985], [-80.784642, 35.215936], [-80.784448, 35.21592], [-80.783709, 35.215859], [-80.783685, 35.215857], [-80.783162, 35.215813], [-80.783006, 35.215799], [-80.782682, 35.215768], [-80.782272, 35.215732], [-80.781866, 35.215703], [-80.781034, 35.215642], [-80.780725, 35.215613], [-80.7794, 35.215487], [-80.77936, 35.215483], [-80.779086, 35.215468], [-80.779016, 35.215464], [-80.77842, 35.215417], [-80.777603, 35.215343], [-80.777564, 35.215339], [-80.777307, 35.215324], [-80.777051, 35.215305], [-80.776795, 35.215281], [-80.77654, 35.215253], [-80.776286, 35.21522], [-80.776064, 35.215188], [-80.776038, 35.215184], [-80.77572, 35.215132], [-80.775363, 35.215059], [-80.775109, 35.215], [-80.774898, 35.214946], [-80.774491, 35.214843], [-80.774188, 35.214765], [-80.773826, 35.214672], [-80.773099, 35.214487], [-80.772901, 35.214433], [-80.771389, 35.214023], [-80.771287, 35.213994], [-80.771281, 35.213992], [-80.771183, 35.213967], [-80.77108, 35.213942], [-80.770976, 35.213918], [-80.770872, 35.213895], [-80.770766, 35.213874], [-80.770585, 35.213841], [-80.770337, 35.213801], [-80.769967, 35.21374], [-80.769494, 35.213653], [-80.769096, 35.21358], [-80.7682, 35.213409], [-80.767664, 35.213299], [-80.767488, 35.213258], [-80.767046, 35.213158], [-80.766169, 35.212961], [-80.766, 35.212919], [-80.765811, 35.212872], [-80.765525, 35.212804], [-80.765224, 35.212732], [-80.764394, 35.212532], [-80.764317, 35.212513], [-80.764069, 35.212453], [-80.762751, 35.212139], [-80.761261, 35.211784], [-80.761116, 35.211746], [-80.760876, 35.211676], [-80.760865, 35.211672], [-80.760721, 35.211626], [-80.760569, 35.211573], [-80.760419, 35.211515], [-80.760302, 35.211473], [-80.76028, 35.211465], [-80.759916, 35.211301], [-80.759582, 35.211132], [-80.759235, 35.210963], [-80.759071, 35.210877], [-80.758726, 35.210693], [-80.75821, 35.210426], [-80.757791, 35.210194], [-80.757245, 35.209923], [-80.757143, 35.20987], [-80.756845, 35.209715], [-80.75645, 35.209501], [-80.75606, 35.209282], [-80.755674, 35.209057], [-80.755469, 35.208933], [-80.755293, 35.208826], [-80.754917, 35.208591], [-80.754644, 35.208413], [-80.754546, 35.20835], [-80.75418, 35.208103], [-80.753819, 35.207851], [-80.753361, 35.207536], [-80.753256, 35.207464], [-80.752434, 35.206882], [-80.752284, 35.206775], [-80.751213, 35.206044], [-80.750457, 35.205528], [-80.750026, 35.205232]]]}}, {"type": "Feature", "properties": {"name": "E W T Harris Bv", "ksi": 44, "fatal": 18, "serious": 26, "ped": 13, "bike": 0, "miles": 11.08, "per_mile": 4.0}, "geometry": {"type": "LineString", "coordinates": [[-80.749721, 35.305756], [-80.749402, 35.305495], [-80.749138, 35.305251], [-80.748929, 35.305019], [-80.748527, 35.304546], [-80.7482, 35.304172], [-80.747745, 35.303555], [-80.74765, 35.30338], [-80.747221, 35.302598], [-80.746826, 35.301812], [-80.746423, 35.301013], [-80.745851, 35.299821], [-80.745848, 35.299811], [-80.745223, 35.298513], [-80.745098, 35.298302], [-80.744968, 35.298092], [-80.744835, 35.297884], [-80.744697, 35.297678], [-80.744555, 35.297475], [-80.744408, 35.297273], [-80.744257, 35.297074], [-80.744101, 35.296876], [-80.743942, 35.296681], [-80.743779, 35.296489], [-80.743611, 35.296298], [-80.743473, 35.296148], [-80.743373, 35.296039], [-80.743175, 35.295843], [-80.742565, 35.295247], [-80.742346, 35.295054], [-80.742123, 35.294864], [-80.741896, 35.294677], [-80.741665, 35.294493], [-80.74143, 35.294312], [-80.741191, 35.294136], [-80.740949, 35.293962], [-80.740703, 35.293792], [-80.740454, 35.293625], [-80.7402, 35.293462], [-80.739944, 35.293303], [-80.739684, 35.293148], [-80.739421, 35.292996], [-80.739154, 35.292848], [-80.738885, 35.292704], [-80.738612, 35.292563], [-80.738337, 35.292427], [-80.738058, 35.292294], [-80.737905, 35.292224], [-80.737778, 35.292166], [-80.737714, 35.292139], [-80.737688, 35.292127], [-80.737431, 35.292015], [-80.735446, 35.291111], [-80.733425, 35.290215], [-80.729975, 35.288641], [-80.729853, 35.288586], [-80.729629, 35.288484], [-80.727453, 35.287491], [-80.72705, 35.287307], [-80.72688, 35.287214], [-80.726786, 35.287159], [-80.726694, 35.287104], [-80.726603, 35.287046], [-80.726513, 35.286988], [-80.726424, 35.286928], [-80.726336, 35.286867], [-80.726251, 35.286805], [-80.726166, 35.286742], [-80.726082, 35.286677], [-80.726, 35.286611], [-80.72584, 35.286476], [-80.725686, 35.286337], [-80.725538, 35.286193], [-80.725388, 35.286052], [-80.725244, 35.285898], [-80.7251, 35.28574], [-80.724992, 35.285602], [-80.724863, 35.285423], [-80.724764, 35.285264], [-80.724665, 35.285093], [-80.724582, 35.284942], [-80.72449, 35.284757], [-80.724478, 35.284729], [-80.724399, 35.284566], [-80.72433, 35.284394], [-80.724265, 35.284198], [-80.724206, 35.284014], [-80.724163, 35.283838], [-80.724124, 35.283674], [-80.724095, 35.283465], [-80.724076, 35.28328], [-80.724073, 35.283085], [-80.724064, 35.282897], [-80.724063, 35.282715], [-80.724066, 35.282615], [-80.724071, 35.282521], [-80.724077, 35.282427], [-80.724086, 35.282333], [-80.724097, 35.282239], [-80.72411, 35.282146], [-80.724111, 35.282137], [-80.724124, 35.282053], [-80.724141, 35.28196], [-80.72416, 35.281867], [-80.724181, 35.281774], [-80.724203, 35.281682], [-80.724259, 35.281523], [-80.724385, 35.281195], [-80.724511, 35.280916], [-80.724646, 35.28067], [-80.724832, 35.28039], [-80.725101, 35.279984], [-80.72559, 35.279334], [-80.727781, 35.276317], [-80.728499, 35.275326], [-80.729001, 35.274549], [-80.729477, 35.273818], [-80.729626, 35.273548], [-80.729769, 35.273276], [-80.729907, 35.273003], [-80.730039, 35.272727], [-80.730164, 35.272449], [-80.730284, 35.27217], [-80.730398, 35.271889], [-80.730506, 35.271606], [-80.730608, 35.271322], [-80.730704, 35.271036], [-80.730793, 35.270749], [-80.730877, 35.270461], [-80.73092, 35.270301], [-80.730955, 35.270172], [-80.731026, 35.269881], [-80.731092, 35.26959], [-80.73115, 35.269298], [-80.731203, 35.269005], [-80.731249, 35.268711], [-80.731308, 35.268261], [-80.731645, 35.266182], [-80.73171, 35.265779], [-80.731731, 35.265594], [-80.73175, 35.265459], [-80.731771, 35.265324], [-80.731796, 35.265189], [-80.731824, 35.265055], [-80.731854, 35.264921], [-80.731887, 35.264788], [-80.731923, 35.264655], [-80.731962, 35.264522], [-80.732004, 35.26439], [-80.732048, 35.264259], [-80.732096, 35.264129], [-80.732146, 35.263999], [-80.732198, 35.26387], [-80.732254, 35.263741], [-80.732312, 35.263614], [-80.732373, 35.263487], [-80.732437, 35.263361], [-80.732503, 35.263236], [-80.732572, 35.263112], [-80.732644, 35.26299], [-80.732718, 35.262868], [-80.732794, 35.262747], [-80.732814, 35.262718], [-80.732874, 35.262627], [-80.732955, 35.262509], [-80.73304, 35.262392], [-80.733127, 35.262276], [-80.733216, 35.262161], [-80.733308, 35.262047], [-80.733402, 35.261935], [-80.733498, 35.261824], [-80.735015, 35.26009], [-80.735381, 35.259671], [-80.735538, 35.259497], [-80.735789, 35.259206], [-80.735858, 35.259113], [-80.735933, 35.259004], [-80.736009, 35.25889], [-80.736081, 35.258757], [-80.736157, 35.258599], [-80.736202, 35.25841], [-80.736216, 35.258278], [-80.736266, 35.257672], [-80.736329, 35.256074], [-80.73633, 35.256032], [-80.736377, 35.254836], [-80.736394, 35.254458], [-80.736434, 35.254141], [-80.73648, 35.253724], [-80.736615, 35.252945], [-80.736625, 35.252867], [-80.737027, 35.250701], [-80.737087, 35.250285], [-80.737107, 35.250117], [-80.737138, 35.249869], [-80.737181, 35.249452], [-80.737215, 35.249035], [-80.737245, 35.248499], [-80.737246, 35.248488], [-80.737439, 35.246477], [-80.737448, 35.246385], [-80.737467, 35.246185], [-80.737751, 35.242831], [-80.737748, 35.242809], [-80.73786, 35.24122], [-80.737864, 35.241167], [-80.737955, 35.239797], [-80.737951, 35.239741], [-80.737946, 35.239685], [-80.73794, 35.239629], [-80.737932, 35.239573], [-80.737923, 35.239517], [-80.737913, 35.239462], [-80.737919, 35.239414], [-80.73789, 35.239295], [-80.737861, 35.239172], [-80.737817, 35.239043], [-80.737781, 35.238951], [-80.737667, 35.238712], [-80.737585, 35.238563], [-80.737491, 35.238413], [-80.737418, 35.238306], [-80.737352, 35.238221], [-80.737271, 35.238135], [-80.737236, 35.238094], [-80.737044, 35.237886], [-80.736876, 35.237725], [-80.736623, 35.237501], [-80.736168, 35.237094], [-80.735743, 35.236734], [-80.734767, 35.235845], [-80.734104, 35.235241], [-80.733118, 35.234367], [-80.732201, 35.233554], [-80.731174, 35.232644], [-80.730578, 35.232117], [-80.729736, 35.231369], [-80.729397, 35.231068], [-80.72908, 35.230788], [-80.729039, 35.230752], [-80.727992, 35.229823], [-80.727832, 35.229651], [-80.727738, 35.229545], [-80.727647, 35.229438], [-80.727557, 35.229329], [-80.72747, 35.229219], [-80.727385, 35.229108], [-80.727304, 35.228995], [-80.727224, 35.228882], [-80.727146, 35.228767], [-80.727071, 35.228651], [-80.726998, 35.228535], [-80.726929, 35.228416], [-80.726861, 35.228298], [-80.726796, 35.228178], [-80.726734, 35.228057], [-80.726674, 35.227936], [-80.726617, 35.227813], [-80.726562, 35.22769], [-80.726537, 35.227631], [-80.72651, 35.227566], [-80.726461, 35.227441], [-80.726414, 35.227316], [-80.72637, 35.22719], [-80.726163, 35.226396], [-80.725983, 35.225706], [-80.725966, 35.225645], [-80.725933, 35.225533], [-80.72588, 35.225361], [-80.725823, 35.22519], [-80.725763, 35.22502], [-80.725711, 35.224882], [-80.725699, 35.224851], [-80.725632, 35.224683], [-80.725495, 35.224369], [-80.724912, 35.223179], [-80.723086, 35.219443], [-80.722908, 35.219081], [-80.722582, 35.21842], [-80.722546, 35.218337], [-80.722527, 35.218289], [-80.722509, 35.218241], [-80.722492, 35.218193], [-80.722476, 35.218145], [-80.722461, 35.218096], [-80.722447, 35.218047], [-80.722435, 35.217999], [-80.722422, 35.21795], [-80.722412, 35.2179], [-80.722402, 35.217851], [-80.722394, 35.217801], [-80.722386, 35.217751], [-80.722379, 35.217702], [-80.722374, 35.217652], [-80.72237, 35.217602], [-80.722366, 35.217552], [-80.722364, 35.217502], [-80.722362, 35.217452], [-80.722363, 35.217402], [-80.722363, 35.217351], [-80.722365, 35.217301], [-80.722368, 35.217251], [-80.722372, 35.217201], [-80.722378, 35.217151], [-80.722384, 35.217102], [-80.722391, 35.217052], [-80.722399, 35.217002], [-80.722409, 35.216953], [-80.722419, 35.216904], [-80.72243, 35.216854], [-80.722443, 35.216805], [-80.722457, 35.216756], [-80.722471, 35.216708], [-80.722487, 35.21666], [-80.722503, 35.216611], [-80.722521, 35.216563], [-80.72254, 35.216516], [-80.722559, 35.216468], [-80.72258, 35.216421], [-80.722602, 35.216374], [-80.722625, 35.216328], [-80.722649, 35.216282], [-80.722673, 35.216236], [-80.722699, 35.21619], [-80.722726, 35.216145], [-80.722753, 35.216101], [-80.722781, 35.216056], [-80.722811, 35.216013], [-80.722874, 35.215927], [-80.722925, 35.215861], [-80.722977, 35.215795], [-80.723031, 35.215731], [-80.723086, 35.215667], [-80.723142, 35.215604], [-80.7232, 35.215542], [-80.723259, 35.21548], [-80.723288, 35.215451], [-80.723319, 35.21542], [-80.723381, 35.21536], [-80.723444, 35.215301], [-80.723508, 35.215244], [-80.724401, 35.214448], [-80.724824, 35.214073], [-80.724888, 35.214014], [-80.724951, 35.213955], [-80.725013, 35.213895], [-80.725074, 35.213834], [-80.725133, 35.213773], [-80.725191, 35.21371], [-80.725248, 35.213646], [-80.725303, 35.213582], [-80.725357, 35.213517], [-80.725409, 35.213451], [-80.725464, 35.213381], [-80.7255, 35.213331], [-80.725535, 35.213281], [-80.725569, 35.21323], [-80.725603, 35.213179], [-80.725634, 35.213127], [-80.725646, 35.213107], [-80.725665, 35.213075], [-80.725695, 35.213022], [-80.725723, 35.212969], [-80.725751, 35.212916], [-80.725777, 35.212862], [-80.725803, 35.212808], [-80.725827, 35.212753], [-80.72585, 35.212698], [-80.725871, 35.212643], [-80.725892, 35.212587], [-80.725911, 35.212532], [-80.725929, 35.212476], [-80.725947, 35.212419], [-80.725962, 35.212363], [-80.725977, 35.212306], [-80.72599, 35.212249], [-80.726003, 35.212192], [-80.726013, 35.212135], [-80.726023, 35.212077], [-80.726032, 35.21202], [-80.726039, 35.211962], [-80.726045, 35.211904], [-80.726049, 35.211846], [-80.726054, 35.211788], [-80.726056, 35.211716], [-80.726056, 35.211238], [-80.726056, 35.209389], [-80.726044, 35.208118], [-80.72604, 35.207674], [-80.726039, 35.207651], [-80.726021, 35.205682], [-80.726012, 35.204805], [-80.726007, 35.203588], [-80.725979, 35.202668], [-80.725974, 35.202498], [-80.725987, 35.202054], [-80.725994, 35.201331], [-80.726028, 35.200586], [-80.726036, 35.200378], [-80.726065, 35.200117], [-80.726142, 35.199455], [-80.726149, 35.199404], [-80.726158, 35.199329], [-80.726195, 35.19903], [-80.72625, 35.198583], [-80.726295, 35.198202], [-80.726377, 35.197551], [-80.726423, 35.197184], [-80.726452, 35.196954], [-80.726456, 35.196914], [-80.726462, 35.196816], [-80.726463, 35.196714], [-80.726459, 35.196614], [-80.726449, 35.196515], [-80.726434, 35.196409], [-80.726413, 35.196305], [-80.726387, 35.196201], [-80.726356, 35.196098], [-80.72632, 35.195996], [-80.726278, 35.195896], [-80.726232, 35.195797], [-80.726181, 35.1957], [-80.726024, 35.195414], [-80.725998, 35.195368], [-80.725936, 35.195254], [-80.725879, 35.195139], [-80.725827, 35.195021], [-80.725788, 35.194922], [-80.725754, 35.194822], [-80.725725, 35.19472], [-80.725702, 35.194618], [-80.725684, 35.194515], [-80.725671, 35.194411], [-80.725663, 35.194308], [-80.725663, 35.194304], [-80.72566, 35.194203], [-80.725663, 35.194099], [-80.725671, 35.193995], [-80.725673, 35.19398], [-80.725687, 35.193876], [-80.725706, 35.193773], [-80.72573, 35.193671], [-80.725759, 35.19357], [-80.725794, 35.19347], [-80.725833, 35.193371], [-80.725878, 35.193274], [-80.725927, 35.193178], [-80.726091, 35.192894], [-80.726407, 35.192367], [-80.726489, 35.192229], [-80.726718, 35.191845], [-80.726905, 35.19152], [-80.726988, 35.191364], [-80.727166, 35.191069], [-80.727758, 35.190086], [-80.728685, 35.188548], [-80.729131, 35.187809], [-80.72943, 35.187313], [-80.729972, 35.185905], [-80.730047, 35.185711], [-80.730275, 35.184955], [-80.730302, 35.18487], [-80.73032, 35.184823], [-80.730338, 35.184775], [-80.730357, 35.184728], [-80.730377, 35.184681], [-80.730398, 35.184634], [-80.730421, 35.184588], [-80.730444, 35.184542], [-80.730468, 35.184496], [-80.730493, 35.184451], [-80.730519, 35.184405], [-80.730546, 35.184361], [-80.730574, 35.184317], [-80.730603, 35.184273], [-80.730633, 35.184229], [-80.730664, 35.184187], [-80.730695, 35.184144], [-80.730728, 35.184102], [-80.730761, 35.18406], [-80.730796, 35.184019], [-80.730831, 35.183979], [-80.730867, 35.183938], [-80.730904, 35.183899], [-80.730942, 35.18386], [-80.73098, 35.183821], [-80.731026, 35.183776], [-80.731072, 35.18373], [-80.731116, 35.183684], [-80.731159, 35.183637], [-80.731201, 35.18359], [-80.731243, 35.183542], [-80.731283, 35.183493], [-80.731322, 35.183444], [-80.73136, 35.183394], [-80.731398, 35.183343], [-80.731434, 35.183292], [-80.731468, 35.183241], [-80.731502, 35.183189], [-80.731535, 35.183137], [-80.731575, 35.183069], [-80.732473, 35.18173], [-80.733028, 35.180864], [-80.733488, 35.18029], [-80.733506, 35.180266], [-80.733519, 35.18025], [-80.733532, 35.180234], [-80.733545, 35.180219], [-80.73355, 35.180214], [-80.733714, 35.180059], [-80.73407, 35.179814], [-80.734556, 35.179421], [-80.734731, 35.179249], [-80.734929, 35.179007], [-80.735068, 35.178762], [-80.73511, 35.17862], [-80.735168, 35.178362], [-80.735206, 35.178151], [-80.73521, 35.1781], [-80.735233, 35.177811], [-80.735345, 35.177459], [-80.736354, 35.175881], [-80.73655, 35.17548], [-80.73667, 35.175122], [-80.736762, 35.174572], [-80.736879, 35.171916], [-80.736893, 35.171575], [-80.736998, 35.171108], [-80.7373, 35.170347], [-80.737622, 35.169557], [-80.737646, 35.169504], [-80.737805, 35.169236], [-80.737863, 35.169151], [-80.737935, 35.169052], [-80.738011, 35.168956], [-80.738091, 35.168861], [-80.738175, 35.168769], [-80.738264, 35.168679], [-80.738356, 35.168592], [-80.738451, 35.168507], [-80.73855, 35.168426], [-80.738653, 35.168347], [-80.738758, 35.168271], [-80.738867, 35.168198], [-80.738979, 35.168128], [-80.739094, 35.168062], [-80.739211, 35.167999], [-80.739332, 35.167939], [-80.739454, 35.167883], [-80.739579, 35.167831], [-80.739706, 35.167782], [-80.739835, 35.167736], [-80.740335, 35.167589], [-80.742526, 35.166944]]}}, {"type": "Feature", "properties": {"name": "Eastway Dr", "ksi": 17, "fatal": 7, "serious": 10, "ped": 7, "bike": 0, "miles": 4.25, "per_mile": 4.0}, "geometry": {"type": "MultiLineString", "coordinates": [[[-80.785432, 35.203764], [-80.785727, 35.203157], [-80.785793, 35.203026], [-80.785884, 35.202841], [-80.785998, 35.202631], [-80.786126, 35.202368], [-80.786255, 35.202097], [-80.786355, 35.201921]], [[-80.777328, 35.259638], [-80.777309, 35.259567], [-80.777295, 35.259512], [-80.777284, 35.259457], [-80.777273, 35.259402], [-80.777263, 35.259347], [-80.777255, 35.259292], [-80.777248, 35.259237], [-80.777242, 35.259182], [-80.777237, 35.259126], [-80.777233, 35.259071], [-80.777231, 35.259015], [-80.77723, 35.25896], [-80.777229, 35.258904], [-80.77723, 35.258849], [-80.777232, 35.258793], [-80.777236, 35.258738], [-80.77724, 35.258682], [-80.777246, 35.258627], [-80.777253, 35.258572], [-80.777261, 35.258516], [-80.777271, 35.258461], [-80.777281, 35.258407], [-80.777292, 35.258352], [-80.777305, 35.258297], [-80.777319, 35.258243], [-80.777334, 35.258189], [-80.77735, 35.258135], [-80.777368, 35.258081], [-80.777387, 35.258028], [-80.777406, 35.257974], [-80.777427, 35.257922], [-80.777449, 35.257869], [-80.777471, 35.257817], [-80.777496, 35.257765], [-80.777521, 35.257714], [-80.777547, 35.257662], [-80.777575, 35.257612], [-80.777603, 35.257561], [-80.777633, 35.257511], [-80.777664, 35.257462], [-80.777695, 35.257412], [-80.777728, 35.257364], [-80.777762, 35.257316], [-80.777796, 35.257268], [-80.777827, 35.257228], [-80.777832, 35.257221], [-80.777869, 35.257174], [-80.777907, 35.257128], [-80.777945, 35.257082], [-80.777985, 35.257037], [-80.778026, 35.256993], [-80.778068, 35.256949], [-80.77811, 35.256906], [-80.778153, 35.256863], [-80.778197, 35.256821], [-80.778243, 35.25678], [-80.778289, 35.256739], [-80.778336, 35.256699], [-80.778439, 35.256585], [-80.778498, 35.256522], [-80.778715, 35.256277], [-80.778899, 35.256068], [-80.778966, 35.255991], [-80.779114, 35.255818], [-80.779232, 35.255672], [-80.779324, 35.255549], [-80.779404, 35.255433], [-80.779467, 35.255331], [-80.779526, 35.255231], [-80.779575, 35.25514], [-80.779615, 35.255064], [-80.779662, 35.254968], [-80.779697, 35.254891], [-80.779739, 35.254787], [-80.779822, 35.254562], [-80.779881, 35.254356], [-80.779941, 35.254116], [-80.780138, 35.25332], [-80.780234, 35.252936], [-80.780255, 35.252856], [-80.780315, 35.25262], [-80.780353, 35.25246], [-80.780367, 35.252401], [-80.780389, 35.252307], [-80.780616, 35.251317], [-80.780845, 35.250319], [-80.781023, 35.249543], [-80.781028, 35.249517], [-80.781073, 35.249206], [-80.781116, 35.248867], [-80.781151, 35.248528], [-80.781179, 35.248188], [-80.781189, 35.248022], [-80.7812, 35.247848], [-80.781215, 35.247488], [-80.781215, 35.247329], [-80.781212, 35.247156], [-80.781201, 35.246997], [-80.781196, 35.246938], [-80.781188, 35.24684], [-80.78117, 35.246664], [-80.781155, 35.246545], [-80.781133, 35.246403], [-80.781098, 35.246223], [-80.781063, 35.246042], [-80.781012, 35.245815], [-80.781, 35.245765], [-80.780948, 35.245555], [-80.78094, 35.245522], [-80.780708, 35.244729], [-80.780509, 35.24413], [-80.780463, 35.243967], [-80.780424, 35.243837], [-80.780414, 35.243805], [-80.780361, 35.243643], [-80.780305, 35.243482], [-80.780246, 35.243322], [-80.780183, 35.243164], [-80.780117, 35.243005], [-80.780048, 35.242848], [-80.779975, 35.242692], [-80.779899, 35.242537], [-80.779895, 35.24253], [-80.779819, 35.242383], [-80.779737, 35.24223], [-80.779651, 35.242079], [-80.779562, 35.241929], [-80.77947, 35.24178], [-80.779374, 35.241632], [-80.779276, 35.241486], [-80.77913, 35.241279], [-80.778939, 35.241034], [-80.77844, 35.240388], [-80.778167, 35.240043], [-80.777882, 35.239682], [-80.777449, 35.239132], [-80.777425, 35.239104], [-80.777354, 35.239014], [-80.776551, 35.237999], [-80.776114, 35.237447], [-80.776044, 35.237359], [-80.77598, 35.237277], [-80.775918, 35.237193], [-80.775859, 35.237109], [-80.775801, 35.237024], [-80.775745, 35.236938], [-80.775691, 35.236851], [-80.775653, 35.236789], [-80.775638, 35.236764], [-80.775587, 35.236676], [-80.775157, 35.235821], [-80.77515, 35.235807], [-80.774868, 35.235246], [-80.774771, 35.235034], [-80.774707, 35.234896], [-80.77468, 35.234824], [-80.774654, 35.23475], [-80.774634, 35.234691], [-80.774624, 35.234656], [-80.774559, 35.23438], [-80.774542, 35.234273], [-80.774528, 35.234161], [-80.77452, 35.234049], [-80.774517, 35.233936], [-80.774517, 35.233812], [-80.774516, 35.233603], [-80.774517, 35.233156], [-80.774519, 35.232377], [-80.774519, 35.232311], [-80.774521, 35.231767], [-80.774521, 35.231289], [-80.774522, 35.23066], [-80.774528, 35.230503], [-80.774523, 35.23043], [-80.774519, 35.230381], [-80.774516, 35.230314], [-80.774515, 35.230247], [-80.774515, 35.23018], [-80.774516, 35.230113], [-80.774519, 35.230045], [-80.774523, 35.229978], [-80.774529, 35.229911], [-80.774536, 35.229844], [-80.774544, 35.229777], [-80.774554, 35.229711], [-80.774565, 35.229644], [-80.774578, 35.229578], [-80.774592, 35.229511], [-80.774608, 35.229446], [-80.774625, 35.22938], [-80.774643, 35.229314], [-80.774663, 35.229249], [-80.774684, 35.229184], [-80.774706, 35.229119], [-80.774712, 35.229104], [-80.77473, 35.229055], [-80.774733, 35.229049], [-80.774756, 35.228991], [-80.774787, 35.228929], [-80.774817, 35.228872], [-80.774849, 35.228815], [-80.774882, 35.228759], [-80.774916, 35.228703], [-80.774951, 35.228648], [-80.774987, 35.228593], [-80.775304, 35.228146], [-80.776197, 35.226884], [-80.77654, 35.226398], [-80.77676, 35.226081], [-80.776869, 35.225924], [-80.777175, 35.225485], [-80.777303, 35.225301], [-80.777399, 35.225164], [-80.77756, 35.224934], [-80.777853, 35.22451], [-80.778084, 35.224181], [-80.77815, 35.224088], [-80.778427, 35.223689], [-80.778484, 35.223607], [-80.778716, 35.223274], [-80.778727, 35.223258], [-80.778997, 35.222874], [-80.779227, 35.222557], [-80.779444, 35.22224], [-80.779565, 35.222064], [-80.780004, 35.221438], [-80.780035, 35.221394], [-80.780116, 35.221273], [-80.780193, 35.22115], [-80.780264, 35.221025], [-80.78032, 35.220919], [-80.78037, 35.220811], [-80.780415, 35.220702], [-80.780455, 35.220592], [-80.78049, 35.22048], [-80.78052, 35.220368], [-80.780544, 35.220255], [-80.780564, 35.220142], [-80.780577, 35.220029], [-80.780586, 35.219914], [-80.780589, 35.2198], [-80.780598, 35.219511], [-80.7806, 35.219443], [-80.780603, 35.219352], [-80.780622, 35.218916], [-80.780647, 35.218061], [-80.780665, 35.217436], [-80.780711, 35.21675], [-80.780729, 35.216048], [-80.780726, 35.215637], [-80.780725, 35.215613], [-80.780722, 35.215453], [-80.780722, 35.215347], [-80.780725, 35.215242], [-80.780731, 35.215136], [-80.780738, 35.21503], [-80.780748, 35.214925], [-80.78076, 35.214819], [-80.780774, 35.214714], [-80.78079, 35.21461], [-80.780809, 35.214505], [-80.78083, 35.2144], [-80.780853, 35.214296], [-80.780878, 35.214193], [-80.780906, 35.214089], [-80.780936, 35.213986], [-80.780967, 35.213884], [-80.781002, 35.213782], [-80.781118, 35.213462], [-80.78122, 35.213215], [-80.781331, 35.212945], [-80.781487, 35.21257], [-80.781542, 35.21244], [-80.781654, 35.212139], [-80.781731, 35.211933], [-80.781873, 35.21154], [-80.781926, 35.211393], [-80.782244, 35.210588], [-80.782394, 35.210199], [-80.782593, 35.209684], [-80.78292, 35.208993], [-80.783475, 35.207822], [-80.783991, 35.206734], [-80.785385, 35.203873]]]}}, {"type": "Feature", "properties": {"name": "Freedom Dr", "ksi": 13, "fatal": 9, "serious": 4, "ped": 3, "bike": 1, "miles": 5.94, "per_mile": 2.2}, "geometry": {"type": "LineString", "coordinates": [[-80.868331, 35.224113], [-80.86834, 35.224242], [-80.868344, 35.224269], [-80.86835, 35.224297], [-80.868355, 35.224324], [-80.86836, 35.224352], [-80.868364, 35.22438], [-80.868367, 35.224408], [-80.86837, 35.224436], [-80.868373, 35.224463], [-80.868375, 35.224491], [-80.868376, 35.224519], [-80.868377, 35.224547], [-80.868377, 35.224575], [-80.868372, 35.224624], [-80.868368, 35.224657], [-80.868363, 35.224691], [-80.868357, 35.224725], [-80.868351, 35.224759], [-80.868344, 35.224792], [-80.868336, 35.224826], [-80.868328, 35.224859], [-80.868319, 35.224892], [-80.868309, 35.224925], [-80.868298, 35.224958], [-80.868287, 35.224991], [-80.868275, 35.225024], [-80.868262, 35.225056], [-80.868249, 35.225088], [-80.868235, 35.225121], [-80.86822, 35.225152], [-80.868205, 35.225184], [-80.868189, 35.225215], [-80.868148, 35.22528], [-80.868116, 35.225329], [-80.868083, 35.225377], [-80.868049, 35.225425], [-80.868014, 35.225472], [-80.867978, 35.225518], [-80.86794, 35.225565], [-80.867903, 35.22561], [-80.867864, 35.225655], [-80.867823, 35.2257], [-80.86778, 35.225747], [-80.867737, 35.225794], [-80.867695, 35.225842], [-80.867654, 35.225891], [-80.867614, 35.22594], [-80.867575, 35.22599], [-80.867538, 35.22604], [-80.867501, 35.226091], [-80.867466, 35.226143], [-80.867432, 35.226194], [-80.867398, 35.226247], [-80.867364, 35.226299], [-80.867345, 35.226337], [-80.867315, 35.226389], [-80.867289, 35.226445], [-80.867265, 35.226501], [-80.867241, 35.226558], [-80.867219, 35.226615], [-80.867199, 35.226672], [-80.867179, 35.226729], [-80.867161, 35.226787], [-80.867143, 35.226845], [-80.867127, 35.226904], [-80.867113, 35.226962], [-80.8671, 35.227021], [-80.867088, 35.227079], [-80.867076, 35.227138], [-80.867067, 35.227198], [-80.867059, 35.227257], [-80.867047, 35.227358], [-80.867018, 35.227568], [-80.866884, 35.228535], [-80.866878, 35.228617], [-80.866875, 35.22867], [-80.866878, 35.228739], [-80.866886, 35.228808], [-80.866896, 35.22886], [-80.866909, 35.228911], [-80.866932, 35.228978], [-80.866984, 35.229091], [-80.867042, 35.229184], [-80.867113, 35.229271], [-80.867161, 35.229318], [-80.867208, 35.229364], [-80.8673, 35.229436], [-80.867403, 35.229501], [-80.867952, 35.229884], [-80.868816, 35.230486], [-80.868879, 35.230524], [-80.868944, 35.230562], [-80.869009, 35.230598], [-80.869075, 35.230633], [-80.869142, 35.230668], [-80.86921, 35.230702], [-80.869278, 35.230734], [-80.869347, 35.230766], [-80.869416, 35.230796], [-80.869487, 35.230826], [-80.869557, 35.230854], [-80.869605, 35.230873], [-80.869628, 35.230882], [-80.869701, 35.230908], [-80.869773, 35.230934], [-80.87044, 35.231103], [-80.870679, 35.231157], [-80.870756, 35.231168], [-80.870835, 35.231179], [-80.870912, 35.231188], [-80.87099, 35.231196], [-80.871083, 35.231204], [-80.871451, 35.231247], [-80.871578, 35.231257], [-80.871692, 35.231268], [-80.871806, 35.23128], [-80.871919, 35.231293], [-80.872032, 35.231309], [-80.872145, 35.231326], [-80.872258, 35.231345], [-80.87237, 35.231365], [-80.872482, 35.231387], [-80.872593, 35.23141], [-80.872703, 35.231435], [-80.872814, 35.231462], [-80.872923, 35.23149], [-80.873032, 35.23152], [-80.87314, 35.231551], [-80.873248, 35.231584], [-80.873355, 35.231619], [-80.873461, 35.231655], [-80.873566, 35.231692], [-80.873671, 35.231731], [-80.873774, 35.231771], [-80.873877, 35.231813], [-80.873979, 35.231856], [-80.87408, 35.231901], [-80.87418, 35.231948], [-80.874279, 35.231995], [-80.874377, 35.232045], [-80.874474, 35.232095], [-80.87457, 35.232147], [-80.874664, 35.2322], [-80.874757, 35.232255], [-80.876255, 35.233102], [-80.877887, 35.234043], [-80.878854, 35.234657], [-80.880562, 35.235927], [-80.881998, 35.236995], [-80.883961, 35.238481], [-80.884493, 35.238882], [-80.8852, 35.239415], [-80.885724, 35.23981], [-80.88578, 35.239853], [-80.887086, 35.240849], [-80.889198, 35.242438], [-80.890396, 35.243343], [-80.891065, 35.243894], [-80.89323, 35.245512], [-80.89329, 35.24556], [-80.893392, 35.245637], [-80.893583, 35.245776], [-80.893843, 35.245959], [-80.894157, 35.246188], [-80.894316, 35.246292], [-80.894585, 35.246484], [-80.894634, 35.246518], [-80.894783, 35.246626], [-80.894801, 35.24664], [-80.894805, 35.246643], [-80.894928, 35.246738], [-80.894977, 35.246777], [-80.895051, 35.246836], [-80.895134, 35.246904], [-80.895435, 35.247155], [-80.896181, 35.247801], [-80.8963, 35.247896], [-80.896753, 35.24836], [-80.896997, 35.248631], [-80.89751, 35.249169], [-80.897559, 35.24922], [-80.897764, 35.249436], [-80.897767, 35.249439], [-80.897834, 35.249503], [-80.8982, 35.249833], [-80.898486, 35.25009], [-80.898752, 35.25033], [-80.898966, 35.250508], [-80.899108, 35.250623], [-80.899808, 35.251246], [-80.899998, 35.251414], [-80.900222, 35.251635], [-80.900258, 35.251671], [-80.900349, 35.251748], [-80.900356, 35.251754], [-80.900523, 35.251896], [-80.900695, 35.252035], [-80.900787, 35.252103], [-80.900911, 35.252189], [-80.901038, 35.252271], [-80.901091, 35.252304], [-80.901169, 35.252351], [-80.901302, 35.252426], [-80.901438, 35.252498], [-80.901907, 35.252746], [-80.90205, 35.252822], [-80.902469, 35.253047], [-80.902476, 35.253051], [-80.903233, 35.25345], [-80.903576, 35.253631], [-80.903876, 35.253789], [-80.904657, 35.254202], [-80.904842, 35.254299], [-80.905512, 35.254651], [-80.905867, 35.254838], [-80.906773, 35.255316], [-80.907276, 35.255584], [-80.907607, 35.25576], [-80.908223, 35.256086], [-80.908789, 35.256385], [-80.908953, 35.256472], [-80.909506, 35.256763], [-80.910293, 35.25718], [-80.910409, 35.25724], [-80.910931, 35.257514], [-80.910964, 35.25753], [-80.911617, 35.257846], [-80.912257, 35.258139], [-80.912875, 35.258424], [-80.913566, 35.25874], [-80.914255, 35.259056], [-80.914413, 35.259128], [-80.91497, 35.259383], [-80.915643, 35.25969], [-80.916401, 35.260039], [-80.916605, 35.260135], [-80.916799, 35.260229], [-80.91699, 35.260324], [-80.917143, 35.26041], [-80.917311, 35.260517], [-80.917442, 35.260615], [-80.917542, 35.2607], [-80.917675, 35.260821], [-80.917807, 35.260959], [-80.917909, 35.261077], [-80.917972, 35.261159], [-80.918023, 35.261227], [-80.91816, 35.261426], [-80.918277, 35.261588], [-80.918375, 35.261722], [-80.918471, 35.261836], [-80.918568, 35.261942], [-80.918669, 35.262046], [-80.918808, 35.262171], [-80.918914, 35.262258], [-80.919081, 35.262368], [-80.919233, 35.262471], [-80.919349, 35.262536], [-80.919501, 35.262612], [-80.91983, 35.262774], [-80.92013, 35.26292], [-80.920387, 35.263045], [-80.920505, 35.263102], [-80.920693, 35.263194], [-80.920943, 35.263313], [-80.92124, 35.263445], [-80.921375, 35.263505], [-80.921633, 35.263631], [-80.921868, 35.263746], [-80.922172, 35.263897], [-80.922521, 35.264068], [-80.922834, 35.264221], [-80.923819, 35.264696], [-80.923935, 35.264751], [-80.923949, 35.264758], [-80.92407, 35.264816], [-80.924195, 35.26487], [-80.924322, 35.26492], [-80.92445, 35.264966], [-80.924581, 35.265008], [-80.925132, 35.265167], [-80.925679, 35.265324], [-80.926077, 35.265434], [-80.926479, 35.265549], [-80.926849, 35.265661], [-80.927282, 35.26578], [-80.927378, 35.265805], [-80.927584, 35.265863], [-80.927883, 35.265951], [-80.928016, 35.26599], [-80.928155, 35.26603], [-80.928281, 35.266072], [-80.928408, 35.266118], [-80.928561, 35.266178], [-80.928662, 35.266222], [-80.928752, 35.266261], [-80.928868, 35.266317], [-80.929124, 35.266446], [-80.929412, 35.266598], [-80.929533, 35.266662], [-80.929875, 35.266846], [-80.930177, 35.26701], [-80.930329, 35.267095], [-80.9305, 35.267191], [-80.930648, 35.267276], [-80.930778, 35.267355], [-80.9309, 35.267433], [-80.931008, 35.267509], [-80.931091, 35.267575], [-80.931185, 35.267652], [-80.931297, 35.267756], [-80.9314, 35.267861], [-80.931489, 35.267961], [-80.931606, 35.268105], [-80.931678, 35.268197], [-80.93183, 35.268394], [-80.932136, 35.268795], [-80.93249, 35.269268], [-80.932809, 35.269689], [-80.933135, 35.270124], [-80.933376, 35.270442], [-80.933695, 35.270864], [-80.934029, 35.271303], [-80.934382, 35.271771], [-80.934606, 35.272069], [-80.93476, 35.272274], [-80.935107, 35.272733], [-80.935223, 35.272886], [-80.935399, 35.27312], [-80.935621, 35.273416], [-80.935821, 35.273681], [-80.936004, 35.273924], [-80.936152, 35.27412], [-80.936244, 35.274239], [-80.936344, 35.274382], [-80.93642, 35.2745], [-80.936486, 35.274619], [-80.936568, 35.274788], [-80.93662, 35.27493], [-80.936656, 35.275066], [-80.936662, 35.275092], [-80.936693, 35.275228], [-80.936713, 35.27539], [-80.936739, 35.275604], [-80.936764, 35.275823], [-80.936767, 35.275851], [-80.93679, 35.276034], [-80.936805, 35.276139], [-80.936816, 35.276234], [-80.936843, 35.276366], [-80.936874, 35.276497], [-80.936883, 35.276531], [-80.936943, 35.276732], [-80.937044, 35.277043], [-80.937134, 35.277336], [-80.937209, 35.277592], [-80.937327, 35.277931], [-80.937391, 35.278114], [-80.937454, 35.278294], [-80.937494, 35.278402], [-80.937529, 35.278512], [-80.937559, 35.278622], [-80.937567, 35.278656], [-80.937597, 35.278778], [-80.937633, 35.278899], [-80.937674, 35.279019], [-80.937708, 35.279112], [-80.937765, 35.27925], [-80.937825, 35.279387], [-80.937867, 35.279474], [-80.937926, 35.279576], [-80.937991, 35.279675], [-80.938059, 35.279773], [-80.938133, 35.279868], [-80.938191, 35.279938], [-80.938267, 35.280022], [-80.938349, 35.280103], [-80.938434, 35.280182], [-80.938523, 35.280257], [-80.938575, 35.280299], [-80.938584, 35.280306], [-80.93872, 35.280409], [-80.938769, 35.280448], [-80.938813, 35.280489], [-80.938854, 35.280534], [-80.938924, 35.280623]]}}, {"type": "Feature", "properties": {"name": "Harrisburg Rd", "ksi": 3, "fatal": 3, "serious": 0, "ped": 0, "bike": 1, "miles": 4.11, "per_mile": 0.7}, "geometry": {"type": "MultiLineString", "coordinates": [[[-80.68695, 35.202177], [-80.687059, 35.202255], [-80.687259, 35.202409], [-80.68749, 35.202582], [-80.687566, 35.202647], [-80.687607, 35.20269], [-80.687645, 35.202738], [-80.687681, 35.202806], [-80.687695, 35.202847], [-80.687704, 35.202894], [-80.687708, 35.202923], [-80.687724, 35.203133], [-80.687752, 35.203477], [-80.687771, 35.203699], [-80.687813, 35.204227], [-80.687858, 35.20482], [-80.687891, 35.205235], [-80.687895, 35.205446], [-80.687886, 35.205681], [-80.687862, 35.205952], [-80.687814, 35.206228], [-80.687716, 35.206682], [-80.687638, 35.207053], [-80.687612, 35.207173], [-80.687513, 35.20764], [-80.68741, 35.208071], [-80.68724, 35.208723], [-80.687157, 35.209052], [-80.687085, 35.20932], [-80.687023, 35.209554], [-80.686968, 35.209779], [-80.686929, 35.210036], [-80.686862, 35.210418], [-80.686719, 35.211256], [-80.686714, 35.211371], [-80.686715, 35.211383], [-80.68672, 35.211492], [-80.686724, 35.211564], [-80.686737, 35.21166], [-80.686754, 35.211789], [-80.686787, 35.21195], [-80.686875, 35.212393], [-80.687009, 35.212989], [-80.687151, 35.213601], [-80.687211, 35.213922], [-80.687245, 35.21414], [-80.68726, 35.214231], [-80.687268, 35.214325], [-80.687268, 35.214329], [-80.687267, 35.214381], [-80.687257, 35.214473], [-80.687234, 35.214589], [-80.687181, 35.214852], [-80.687115, 35.215163], [-80.687073, 35.215359], [-80.686962, 35.215923], [-80.686837, 35.216551], [-80.686699, 35.217279], [-80.686539, 35.21809], [-80.686512, 35.218224], [-80.686478, 35.218392], [-80.686422, 35.218673], [-80.686405, 35.218762], [-80.686347, 35.219066], [-80.686253, 35.219544], [-80.686233, 35.219648], [-80.686077, 35.220449], [-80.685954, 35.221085], [-80.685907, 35.221301], [-80.685893, 35.221363], [-80.685849, 35.221537], [-80.685794, 35.22174], [-80.685723, 35.221961], [-80.685665, 35.222118], [-80.685599, 35.222281], [-80.68555, 35.222388], [-80.685477, 35.222547], [-80.68541, 35.222677], [-80.685343, 35.222801], [-80.685254, 35.222947], [-80.685146, 35.223119], [-80.685044, 35.223274], [-80.684945, 35.223414], [-80.684829, 35.223568], [-80.684736, 35.22369], [-80.68464, 35.223808], [-80.684545, 35.223918], [-80.684447, 35.224024], [-80.684336, 35.22414], [-80.684251, 35.224221], [-80.684239, 35.224232], [-80.684127, 35.224339], [-80.684012, 35.224439], [-80.683891, 35.224542], [-80.683606, 35.224778], [-80.683369, 35.224968], [-80.683282, 35.225037], [-80.682857, 35.225383], [-80.682533, 35.225651], [-80.682387, 35.225778], [-80.68218, 35.225957], [-80.681766, 35.22633], [-80.6814, 35.226668], [-80.680973, 35.227065], [-80.680878, 35.227157], [-80.680822, 35.227211], [-80.680586, 35.227439], [-80.680207, 35.227814], [-80.679937, 35.228095], [-80.67967, 35.228388], [-80.679464, 35.228615], [-80.679288, 35.228808], [-80.679064, 35.229042], [-80.678896, 35.22923], [-80.678736, 35.2294], [-80.678322, 35.229844], [-80.678063, 35.230114], [-80.677929, 35.230248], [-80.677793, 35.230371], [-80.67768, 35.230475], [-80.677581, 35.230563], [-80.677442, 35.230677], [-80.677354, 35.230745], [-80.677233, 35.230837], [-80.677123, 35.23092], [-80.677007, 35.231004], [-80.676872, 35.231092], [-80.676767, 35.231156], [-80.676685, 35.231203], [-80.676583, 35.231261], [-80.676489, 35.231309], [-80.676386, 35.231365], [-80.676275, 35.231419], [-80.675946, 35.231576], [-80.675594, 35.231739], [-80.67549, 35.231788], [-80.675154, 35.23195], [-80.674849, 35.232096], [-80.674549, 35.232243], [-80.67432, 35.232355], [-80.674064, 35.232479], [-80.673964, 35.232528], [-80.673829, 35.232593], [-80.673702, 35.232653], [-80.67359, 35.23271], [-80.67347, 35.232775], [-80.673382, 35.232824], [-80.673284, 35.232886], [-80.673179, 35.232956], [-80.673074, 35.233035], [-80.672975, 35.233117], [-80.672886, 35.233196], [-80.672783, 35.233297], [-80.672716, 35.233366], [-80.672648, 35.23344], [-80.672575, 35.233526], [-80.672481, 35.233648], [-80.672394, 35.233763], [-80.67226, 35.233941], [-80.672072, 35.234195], [-80.671924, 35.234394], [-80.671781, 35.234585], [-80.671626, 35.234792], [-80.671592, 35.234837], [-80.671444, 35.235034], [-80.671295, 35.235233], [-80.671135, 35.235447], [-80.670952, 35.235692], [-80.670794, 35.235903], [-80.670619, 35.236137], [-80.670589, 35.236177], [-80.670418, 35.236407], [-80.670257, 35.236622], [-80.670111, 35.236818], [-80.66999, 35.236979], [-80.66995, 35.237056], [-80.66991, 35.237154], [-80.6699, 35.23715], [-80.669813, 35.237134], [-80.669726, 35.23713], [-80.669659, 35.237132], [-80.669509, 35.237157], [-80.669394, 35.237178], [-80.669277, 35.237205], [-80.669179, 35.23723], [-80.669093, 35.237256], [-80.668992, 35.237288], [-80.668887, 35.237325], [-80.668764, 35.237373], [-80.668675, 35.237411], [-80.668586, 35.237448], [-80.668504, 35.237487], [-80.668405, 35.237536], [-80.668285, 35.237605], [-80.668184, 35.237667], [-80.66809, 35.237725], [-80.668016, 35.237777], [-80.667937, 35.237835], [-80.667829, 35.237921], [-80.667741, 35.237995], [-80.667629, 35.238092], [-80.667546, 35.238173], [-80.667454, 35.238263], [-80.667342, 35.238381], [-80.66725, 35.238479], [-80.667077, 35.238661], [-80.666917, 35.238836], [-80.666831, 35.238929], [-80.666785, 35.238978], [-80.666573, 35.239206], [-80.666258, 35.239544], [-80.665785, 35.240048], [-80.665571, 35.24028], [-80.665489, 35.240369], [-80.665368, 35.240494], [-80.665231, 35.24064], [-80.665102, 35.240776], [-80.664963, 35.240918], [-80.664845, 35.241037], [-80.66472, 35.241156], [-80.664628, 35.241244], [-80.664526, 35.241338], [-80.664398, 35.241455], [-80.664253, 35.241583], [-80.664106, 35.241713], [-80.663954, 35.241845], [-80.663798, 35.241981], [-80.663514, 35.242232], [-80.663298, 35.24242], [-80.663212, 35.242497], [-80.66306, 35.242635], [-80.662891, 35.242783], [-80.662733, 35.242923], [-80.662546, 35.243086], [-80.662336, 35.243272], [-80.662297, 35.243306], [-80.662099, 35.24348], [-80.661913, 35.243644], [-80.661706, 35.243823], [-80.661612, 35.243906], [-80.661474, 35.244028], [-80.661261, 35.244218], [-80.661078, 35.244377], [-80.661069, 35.244385], [-80.660798, 35.244625], [-80.660633, 35.244769], [-80.660465, 35.244917], [-80.6603, 35.245063], [-80.660169, 35.245178], [-80.660135, 35.245208], [-80.659963, 35.24536], [-80.65979, 35.245511], [-80.659647, 35.245638], [-80.659503, 35.245763], [-80.659389, 35.245863], [-80.659251, 35.245977], [-80.658966, 35.246213], [-80.658701, 35.246427], [-80.658471, 35.246618], [-80.658305, 35.246748], [-80.65812, 35.246892], [-80.657924, 35.247042], [-80.657746, 35.247178], [-80.657586, 35.247301], [-80.657575, 35.247308], [-80.657448, 35.247407], [-80.657289, 35.247529], [-80.657195, 35.247601], [-80.657114, 35.247666], [-80.657038, 35.247731], [-80.656955, 35.247803], [-80.656887, 35.247869], [-80.656822, 35.247936], [-80.656762, 35.248006], [-80.656713, 35.248068], [-80.656665, 35.248135], [-80.656632, 35.248189], [-80.6566, 35.248248], [-80.65657, 35.248307], [-80.656541, 35.248373], [-80.656514, 35.248444], [-80.656479, 35.248556], [-80.656458, 35.248625], [-80.656396, 35.24886], [-80.656316, 35.249145], [-80.65628, 35.249262], [-80.656221, 35.24945], [-80.656176, 35.249572], [-80.656016, 35.249925], [-80.655888, 35.25022]], [[-80.655729, 35.250543], [-80.655673, 35.25066], [-80.655481, 35.251079], [-80.655333, 35.25139], [-80.655197, 35.251687], [-80.655194, 35.251692]]]}}, {"type": "Feature", "properties": {"name": "Johnston Rd", "ksi": 5, "fatal": 4, "serious": 1, "ped": 0, "bike": 0, "miles": 5.22, "per_mile": 1.0}, "geometry": {"type": "MultiLineString", "coordinates": [[[-80.853938, 35.08981], [-80.853936, 35.089808], [-80.853466, 35.089197], [-80.853413, 35.089124], [-80.853167, 35.088763], [-80.85311, 35.088677], [-80.853059, 35.088592], [-80.853026, 35.088533], [-80.853004, 35.088487], [-80.852981, 35.088432], [-80.852975, 35.088418], [-80.852973, 35.088411], [-80.852956, 35.088359], [-80.852942, 35.088296], [-80.85293, 35.088206], [-80.852924, 35.088128], [-80.852916, 35.088005], [-80.852912, 35.087889], [-80.852913, 35.087781], [-80.852923, 35.087661], [-80.852944, 35.08717], [-80.852956, 35.08707], [-80.852983, 35.086908], [-80.853017, 35.08674], [-80.853045, 35.086627], [-80.853064, 35.086543], [-80.853077, 35.086482], [-80.853086, 35.086426], [-80.853089, 35.086407], [-80.853095, 35.086325], [-80.853096, 35.086213], [-80.85309, 35.086093], [-80.85308, 35.086006], [-80.853066, 35.085929], [-80.853044, 35.085848], [-80.853017, 35.085765], [-80.852989, 35.085693], [-80.852957, 35.085625], [-80.852928, 35.085567], [-80.852889, 35.085497], [-80.852841, 35.085412], [-80.852795, 35.085341], [-80.852755, 35.085282], [-80.852728, 35.085245], [-80.852697, 35.085209], [-80.852686, 35.085198], [-80.85266, 35.085171], [-80.852426, 35.084953], [-80.852036, 35.084609], [-80.851897, 35.084485], [-80.851846, 35.084433], [-80.851801, 35.084386], [-80.85174, 35.084313], [-80.851689, 35.084245], [-80.851625, 35.084151], [-80.851576, 35.084067], [-80.85154, 35.084], [-80.85152, 35.083951], [-80.851502, 35.083897], [-80.851478, 35.083817], [-80.851453, 35.083726], [-80.851435, 35.083631], [-80.851426, 35.083568], [-80.851421, 35.083508], [-80.851419, 35.083452], [-80.851422, 35.083362], [-80.851436, 35.083146], [-80.851452, 35.082934], [-80.851461, 35.082747], [-80.851461, 35.082738], [-80.851457, 35.082611], [-80.851447, 35.082504], [-80.851436, 35.082422], [-80.851418, 35.082342], [-80.8514, 35.082276], [-80.851379, 35.08221], [-80.851354, 35.082144], [-80.851328, 35.08208], [-80.851283, 35.081978], [-80.851256, 35.081928], [-80.851248, 35.081915], [-80.851187, 35.081813], [-80.851133, 35.081731], [-80.851065, 35.08164], [-80.851022, 35.081588], [-80.850976, 35.081538], [-80.850926, 35.081486], [-80.850867, 35.081431], [-80.850804, 35.081379], [-80.850693, 35.081292], [-80.850449, 35.081115], [-80.850155, 35.080909], [-80.850013, 35.080808], [-80.849983, 35.080785], [-80.849884, 35.080715], [-80.849735, 35.080619], [-80.849644, 35.080563], [-80.849549, 35.080512], [-80.849414, 35.080444], [-80.849322, 35.080399], [-80.849171, 35.080333], [-80.849041, 35.080284], [-80.848967, 35.080258], [-80.848885, 35.080229], [-80.84875, 35.080185], [-80.84857, 35.080127], [-80.848458, 35.080089], [-80.848375, 35.080063], [-80.848269, 35.080027], [-80.848181, 35.079995], [-80.848085, 35.079957], [-80.848004, 35.079924], [-80.847939, 35.079895], [-80.847857, 35.079856], [-80.847783, 35.079816], [-80.847706, 35.079775], [-80.847604, 35.079716], [-80.847522, 35.079667], [-80.847456, 35.079627], [-80.847406, 35.079599], [-80.847302, 35.079539], [-80.847121, 35.079436], [-80.846681, 35.079193], [-80.846634, 35.079166], [-80.846427, 35.079045], [-80.846041, 35.078819], [-80.845989, 35.078789], [-80.845787, 35.078672], [-80.84538, 35.078444], [-80.845041, 35.078251], [-80.844702, 35.078065], [-80.8445, 35.077956], [-80.844393, 35.077896], [-80.844387, 35.077892], [-80.844314, 35.077855], [-80.844193, 35.077796], [-80.844045, 35.077731], [-80.843915, 35.077677], [-80.843461, 35.077499], [-80.843186, 35.077395], [-80.843154, 35.077383], [-80.842944, 35.077297], [-80.842787, 35.077225], [-80.842629, 35.07715], [-80.842496, 35.07708], [-80.842346, 35.076995], [-80.842183, 35.076899], [-80.842097, 35.076846], [-80.842017, 35.076797], [-80.841866, 35.076686], [-80.841628, 35.07652], [-80.841401, 35.076301], [-80.841222, 35.076089], [-80.841057, 35.075888], [-80.840951, 35.075693], [-80.840852, 35.075491], [-80.840775, 35.075301], [-80.840679, 35.075012], [-80.840664, 35.07476], [-80.840686, 35.074447], [-80.840711, 35.074271], [-80.840793, 35.074006], [-80.840914, 35.073764], [-80.841119, 35.073401], [-80.841604, 35.072642], [-80.842338, 35.071493], [-80.842672, 35.070924], [-80.842922, 35.070419], [-80.843562, 35.069155], [-80.843766, 35.068772], [-80.844306, 35.067758], [-80.844616, 35.067174], [-80.84494, 35.066565], [-80.845058, 35.066344], [-80.845518, 35.065483], [-80.845622, 35.065287], [-80.845757, 35.065023], [-80.84594, 35.064674], [-80.846022, 35.064519], [-80.846122, 35.064334], [-80.846582, 35.063478], [-80.847119, 35.062482], [-80.847173, 35.062373], [-80.847183, 35.062355], [-80.847787, 35.061222], [-80.847984, 35.060841], [-80.848197, 35.060421], [-80.848789, 35.059254], [-80.849095, 35.05865], [-80.849299, 35.058262], [-80.849493, 35.057848], [-80.849638, 35.057551], [-80.84981, 35.057189], [-80.849956, 35.056758], [-80.850095, 35.056268], [-80.850155, 35.05593], [-80.8502, 35.055586], [-80.850254, 35.055083], [-80.85025, 35.054658], [-80.850217, 35.054281], [-80.850192, 35.053981], [-80.850117, 35.053528], [-80.849939, 35.052794], [-80.849764, 35.052175], [-80.849513, 35.051397], [-80.849456, 35.051215], [-80.84932, 35.050785], [-80.849155, 35.050259], [-80.848905, 35.049468], [-80.848687, 35.048737], [-80.84847, 35.048011], [-80.848279, 35.047391], [-80.848163, 35.047004], [-80.848154, 35.046975], [-80.848035, 35.046617], [-80.84761, 35.045291], [-80.847347, 35.044372], [-80.847073, 35.043498], [-80.846803, 35.042711], [-80.846547, 35.041801], [-80.846311, 35.040987], [-80.845805, 35.039412], [-80.845666, 35.039011], [-80.845549, 35.038602], [-80.845465, 35.038213], [-80.84544, 35.037942], [-80.845441, 35.037682], [-80.845477, 35.037392], [-80.845582, 35.036988], [-80.845605, 35.036929], [-80.845736, 35.036593], [-80.84587, 35.03635], [-80.846133, 35.035989], [-80.846381, 35.035712], [-80.847538, 35.034647], [-80.848547, 35.033752], [-80.849678, 35.032721], [-80.849981, 35.032445], [-80.850359, 35.03211], [-80.850848, 35.03162], [-80.851, 35.031427], [-80.851212, 35.031109], [-80.851449, 35.030718], [-80.851579, 35.030354], [-80.851596, 35.030304]], [[-80.856216, 35.091919], [-80.85536, 35.091431], [-80.855187, 35.091312], [-80.854995, 35.091156], [-80.85483, 35.090974], [-80.854734, 35.090848], [-80.854211, 35.090166]], [[-80.859539, 35.096542], [-80.859454, 35.096352], [-80.85891, 35.095286], [-80.858754, 35.094998], [-80.858656, 35.094816], [-80.858408, 35.094352], [-80.858198, 35.093958], [-80.858069, 35.093777], [-80.857902, 35.093566], [-80.857173, 35.092747], [-80.856752, 35.092289]]]}}, {"type": "Feature", "properties": {"name": "Mallard Creek Rd", "ksi": 3, "fatal": 0, "serious": 3, "ped": 1, "bike": 0, "miles": 5.78, "per_mile": 0.5}, "geometry": {"type": "LineString", "coordinates": [[-80.801645, 35.300421], [-80.801527, 35.300566], [-80.801367, 35.300741], [-80.800733, 35.30148], [-80.800037, 35.302284], [-80.799804, 35.302526], [-80.799626, 35.302731], [-80.799542, 35.302829], [-80.79949, 35.302888], [-80.799249, 35.303166], [-80.798865, 35.303606], [-80.798543, 35.303982], [-80.798289, 35.304278], [-80.798102, 35.304497], [-80.797853, 35.304787], [-80.797705, 35.304959], [-80.797307, 35.305421], [-80.7972, 35.305545], [-80.796851, 35.305951], [-80.796507, 35.306349], [-80.796435, 35.306433], [-80.796013, 35.306934], [-80.795787, 35.307188], [-80.795662, 35.307276], [-80.795532, 35.307359], [-80.795397, 35.307437], [-80.795293, 35.30749], [-80.795186, 35.307537], [-80.795075, 35.307578], [-80.794961, 35.307613], [-80.794842, 35.307643], [-80.794721, 35.307666], [-80.794599, 35.307684], [-80.794475, 35.307695], [-80.794351, 35.3077], [-80.794227, 35.307699], [-80.794103, 35.307692], [-80.794106, 35.307879], [-80.794104, 35.308065], [-80.794099, 35.308252], [-80.79409, 35.308395], [-80.794074, 35.308538], [-80.794052, 35.30868], [-80.794022, 35.308821], [-80.793985, 35.308961], [-80.793942, 35.3091], [-80.793906, 35.309199], [-80.793866, 35.309297], [-80.793823, 35.309393], [-80.793767, 35.309507], [-80.793705, 35.309618], [-80.793639, 35.309727], [-80.793582, 35.309811], [-80.79352, 35.309894], [-80.793454, 35.309973], [-80.793384, 35.31005], [-80.793264, 35.310182], [-80.793139, 35.310311], [-80.793008, 35.310436], [-80.792871, 35.310557], [-80.79273, 35.310674], [-80.792583, 35.310787], [-80.792425, 35.3109], [-80.792261, 35.311009], [-80.792093, 35.311112], [-80.79192, 35.31121], [-80.791742, 35.311303], [-80.791561, 35.311391], [-80.791376, 35.311472], [-80.791187, 35.311548], [-80.791007, 35.311622], [-80.790682, 35.311746], [-80.790021, 35.311998], [-80.789044, 35.312369], [-80.788244, 35.312676], [-80.788098, 35.312732], [-80.787459, 35.312978], [-80.787237, 35.313064], [-80.786529, 35.313336], [-80.786438, 35.313371], [-80.78618, 35.313468], [-80.785521, 35.313723], [-80.784779, 35.314003], [-80.784056, 35.314277], [-80.783863, 35.314355], [-80.783591, 35.314471], [-80.783427, 35.314544], [-80.783293, 35.314614], [-80.78321, 35.314657], [-80.78306, 35.314757], [-80.782906, 35.31486], [-80.782712, 35.315019], [-80.782416, 35.31525], [-80.782023, 35.315566], [-80.781935, 35.315637], [-80.781683, 35.315836], [-80.781408, 35.316047], [-80.781105, 35.316288], [-80.780998, 35.316384], [-80.780566, 35.31678], [-80.780211, 35.317151], [-80.77886, 35.318527], [-80.778501, 35.318928], [-80.778307, 35.319138], [-80.778216, 35.319234], [-80.778114, 35.319341], [-80.778006, 35.319445], [-80.777895, 35.319547], [-80.77778, 35.319645], [-80.777662, 35.319741], [-80.777539, 35.319833], [-80.777413, 35.319922], [-80.777356, 35.319961], [-80.777167, 35.320094], [-80.776974, 35.320223], [-80.776778, 35.320349], [-80.776579, 35.320472], [-80.776376, 35.320591], [-80.776171, 35.320707], [-80.775962, 35.320819], [-80.77588, 35.320864], [-80.775802, 35.320913], [-80.775727, 35.320964], [-80.775694, 35.32099], [-80.775654, 35.32102], [-80.775587, 35.321078], [-80.775523, 35.321139], [-80.775425, 35.321229], [-80.77533, 35.321322], [-80.77524, 35.321418], [-80.775155, 35.321516], [-80.775073, 35.321616], [-80.774996, 35.321719], [-80.774924, 35.321824], [-80.774861, 35.321913], [-80.774802, 35.322004], [-80.774748, 35.322097], [-80.774735, 35.322119], [-80.774698, 35.322191], [-80.774647, 35.322302], [-80.774554, 35.322548], [-80.774537, 35.322596], [-80.774378, 35.323038], [-80.774182, 35.323615], [-80.774154, 35.323702], [-80.773946, 35.324348], [-80.773763, 35.324955], [-80.773711, 35.325126], [-80.773633, 35.32538], [-80.773542, 35.325658], [-80.773456, 35.325908], [-80.773343, 35.326251], [-80.773247, 35.326541], [-80.773091, 35.326994], [-80.77304, 35.32714], [-80.772964, 35.327342], [-80.772947, 35.327384], [-80.772937, 35.32741], [-80.772883, 35.327544], [-80.772866, 35.327584], [-80.772856, 35.327607], [-80.772835, 35.327658], [-80.772748, 35.327838], [-80.772621, 35.328102], [-80.772547, 35.328248], [-80.772478, 35.328395], [-80.772415, 35.328543], [-80.772356, 35.328694], [-80.772316, 35.328798], [-80.772281, 35.328903], [-80.772251, 35.329009], [-80.772226, 35.329116], [-80.772208, 35.329224], [-80.7722, 35.329275], [-80.772193, 35.329376], [-80.772191, 35.329477], [-80.772195, 35.329578], [-80.772204, 35.329679], [-80.772214, 35.329749], [-80.77222, 35.329777], [-80.772229, 35.329818], [-80.77225, 35.329886], [-80.772272, 35.329945], [-80.772316, 35.330077], [-80.772365, 35.330207], [-80.772418, 35.330337], [-80.772449, 35.330404], [-80.772559, 35.330651], [-80.772741, 35.331046], [-80.77285, 35.331284], [-80.772911, 35.331405], [-80.772966, 35.331528], [-80.773016, 35.331653], [-80.77306, 35.331779], [-80.7731, 35.331905], [-80.773123, 35.331986], [-80.773153, 35.332114], [-80.773179, 35.332243], [-80.773199, 35.332373], [-80.773212, 35.332485], [-80.773223, 35.332635], [-80.773229, 35.332786], [-80.773229, 35.332936], [-80.773224, 35.333087], [-80.773221, 35.333138], [-80.773208, 35.33328], [-80.77319, 35.333422], [-80.773168, 35.333564], [-80.77316, 35.333608], [-80.773159, 35.333616], [-80.773134, 35.333749], [-80.773103, 35.33388], [-80.773067, 35.334011], [-80.773027, 35.334141], [-80.772981, 35.33427], [-80.772952, 35.334344], [-80.772752, 35.334779], [-80.772582, 35.335145], [-80.772088, 35.336172], [-80.771708, 35.336988], [-80.771668, 35.337073], [-80.771409, 35.337622], [-80.771085, 35.338315], [-80.770759, 35.339009], [-80.770692, 35.339163], [-80.770619, 35.339315], [-80.770564, 35.339423], [-80.770542, 35.339465], [-80.77046, 35.339614], [-80.770373, 35.339761], [-80.770281, 35.339906], [-80.770184, 35.340053], [-80.770087, 35.340176], [-80.770004, 35.340274], [-80.769899, 35.340391], [-80.769821, 35.340467], [-80.769726, 35.340556], [-80.769634, 35.340641], [-80.769529, 35.340724], [-80.769423, 35.340802], [-80.769309, 35.340881], [-80.769187, 35.340964], [-80.769048, 35.341045], [-80.768906, 35.341119], [-80.76876, 35.341192], [-80.76861, 35.341261], [-80.768459, 35.341327], [-80.768305, 35.341388], [-80.768173, 35.341437], [-80.767733, 35.341614], [-80.767289, 35.341793], [-80.766387, 35.342137], [-80.766035, 35.342267], [-80.765922, 35.342305], [-80.76585, 35.342332], [-80.765627, 35.34242], [-80.764725, 35.342761], [-80.764561, 35.342824], [-80.764425, 35.34288], [-80.764307, 35.342936], [-80.764204, 35.34299], [-80.764081, 35.343057], [-80.763961, 35.343129], [-80.763815, 35.343226], [-80.763715, 35.343306], [-80.763693, 35.343321], [-80.763619, 35.343375], [-80.763591, 35.343396], [-80.763269, 35.343635], [-80.762654, 35.344096], [-80.762043, 35.344527], [-80.761838, 35.344678], [-80.761672, 35.344792], [-80.761487, 35.344922], [-80.761148, 35.345168], [-80.760795, 35.345415], [-80.760434, 35.345675], [-80.760352, 35.345734], [-80.760293, 35.345777], [-80.760228, 35.345825], [-80.760108, 35.345915], [-80.760011, 35.346], [-80.759914, 35.346089], [-80.759827, 35.346174], [-80.759752, 35.346259], [-80.759688, 35.346341], [-80.759647, 35.346391], [-80.759583, 35.346492], [-80.75953, 35.346583], [-80.759485, 35.346674], [-80.759438, 35.34678], [-80.759386, 35.34691], [-80.759357, 35.346996], [-80.759329, 35.347112], [-80.759328, 35.347123], [-80.759313, 35.347227], [-80.759298, 35.347336], [-80.759282, 35.347476], [-80.759274, 35.3476], [-80.759261, 35.347842], [-80.75925, 35.348059], [-80.75924, 35.348323], [-80.759215, 35.348726], [-80.759193, 35.349065], [-80.75917, 35.349413], [-80.75915, 35.349768], [-80.759131, 35.350055], [-80.759107, 35.350358], [-80.759093, 35.350499], [-80.759078, 35.350587], [-80.75905, 35.350712], [-80.759007, 35.350851], [-80.758971, 35.350947], [-80.758939, 35.351022], [-80.758852, 35.351223], [-80.758699, 35.351541], [-80.758526, 35.351904], [-80.758197, 35.352587], [-80.757798, 35.353422], [-80.757566, 35.353901], [-80.757453, 35.35414], [-80.757264, 35.354541], [-80.757077, 35.354937], [-80.756933, 35.35524], [-80.756551, 35.356031], [-80.756488, 35.356147], [-80.756414, 35.356268], [-80.756326, 35.356398], [-80.756221, 35.356538], [-80.756102, 35.35668], [-80.755996, 35.356793], [-80.755835, 35.35695], [-80.755671, 35.357085], [-80.755407, 35.357286], [-80.755091, 35.357515], [-80.75485, 35.357691], [-80.754631, 35.357851], [-80.754125, 35.358218], [-80.754021, 35.358294], [-80.752485, 35.359542], [-80.750276, 35.361222], [-80.749448, 35.361852], [-80.749212, 35.362034], [-80.748421, 35.362654], [-80.748261, 35.362771], [-80.748078, 35.362897], [-80.747891, 35.363019], [-80.7477, 35.363137], [-80.747505, 35.363251], [-80.747306, 35.36336], [-80.747104, 35.363465], [-80.746803, 35.363604], [-80.746498, 35.363737], [-80.746189, 35.363865], [-80.745892, 35.363982]]}}, {"type": "Feature", "properties": {"name": "Monroe Rd", "ksi": 9, "fatal": 6, "serious": 3, "ped": 4, "bike": 0, "miles": 6.94, "per_mile": 1.3}, "geometry": {"type": "LineString", "coordinates": [[-80.808855, 35.204497], [-80.808787, 35.204473], [-80.808691, 35.204443], [-80.808595, 35.204417], [-80.808496, 35.204396], [-80.808481, 35.204391], [-80.808466, 35.204387], [-80.808451, 35.204382], [-80.808435, 35.204378], [-80.80842, 35.204374], [-80.808404, 35.204371], [-80.808389, 35.204367], [-80.808373, 35.204364], [-80.808357, 35.204361], [-80.808341, 35.204358], [-80.808325, 35.204356], [-80.808309, 35.204353], [-80.808293, 35.204351], [-80.808277, 35.204349], [-80.808261, 35.204347], [-80.808246, 35.204346], [-80.808229, 35.204345], [-80.808213, 35.204344], [-80.808197, 35.204343], [-80.808181, 35.204343], [-80.808165, 35.204342], [-80.808148, 35.204342], [-80.808123, 35.204343], [-80.808089, 35.204342], [-80.807394, 35.204325], [-80.807141, 35.204319], [-80.806453, 35.204302], [-80.806007, 35.204291], [-80.80586, 35.20429], [-80.805349, 35.204275], [-80.804928, 35.204267], [-80.804304, 35.204254], [-80.80368, 35.204239], [-80.803445, 35.204234], [-80.803246, 35.204229], [-80.803144, 35.204228], [-80.803019, 35.204223], [-80.802895, 35.204213], [-80.802771, 35.204199], [-80.802648, 35.204181], [-80.802527, 35.204159], [-80.802367, 35.204125], [-80.802208, 35.204088], [-80.802056, 35.204047], [-80.802042, 35.204043], [-80.801904, 35.204002], [-80.801756, 35.203953], [-80.801682, 35.203927], [-80.801608, 35.2039], [-80.801464, 35.203843], [-80.801143, 35.20369], [-80.80093, 35.203578], [-80.800867, 35.203538], [-80.800727, 35.203447], [-80.800431, 35.203226], [-80.800076, 35.202951], [-80.799914, 35.202822], [-80.799745, 35.202689], [-80.799221, 35.202289], [-80.799154, 35.202237], [-80.798673, 35.20186], [-80.798256, 35.201524], [-80.798008, 35.201348], [-80.797987, 35.201334], [-80.797784, 35.201176], [-80.797514, 35.200964], [-80.79729, 35.200789], [-80.796938, 35.200511], [-80.796702, 35.200327], [-80.796216, 35.199949], [-80.795979, 35.199768], [-80.795948, 35.199743], [-80.795873, 35.199685], [-80.795788, 35.199618], [-80.795599, 35.199471], [-80.795425, 35.199338], [-80.795233, 35.199197], [-80.795026, 35.199058], [-80.794967, 35.199022], [-80.79481, 35.198923], [-80.794364, 35.198645], [-80.794061, 35.198456], [-80.793805, 35.198297], [-80.793561, 35.198145], [-80.793496, 35.198104], [-80.792854, 35.197704], [-80.792484, 35.197474], [-80.792386, 35.197414], [-80.791651, 35.19695], [-80.79127, 35.196716], [-80.790835, 35.196449], [-80.790549, 35.196268], [-80.79047, 35.196219], [-80.790373, 35.196158], [-80.790136, 35.196008], [-80.789967, 35.195902], [-80.789901, 35.19586], [-80.789686, 35.195725], [-80.788952, 35.195263], [-80.788627, 35.195062], [-80.788495, 35.194981], [-80.788402, 35.194925], [-80.788302, 35.19487], [-80.788212, 35.194824], [-80.788097, 35.194768], [-80.787989, 35.194719], [-80.787879, 35.194674], [-80.787756, 35.194627], [-80.787643, 35.194589], [-80.787517, 35.194549], [-80.787402, 35.194515], [-80.787363, 35.194505], [-80.787272, 35.194481], [-80.787151, 35.194455], [-80.787048, 35.194435], [-80.786911, 35.194413], [-80.786831, 35.194402], [-80.786707, 35.194387], [-80.786598, 35.194376], [-80.786492, 35.194368], [-80.78624, 35.194351], [-80.78552, 35.194331], [-80.785021, 35.194307], [-80.784892, 35.194298], [-80.784074, 35.194241], [-80.783913, 35.194223], [-80.783785, 35.194203], [-80.78369, 35.194183], [-80.783595, 35.194162], [-80.783513, 35.194139], [-80.783424, 35.194113], [-80.783329, 35.19408], [-80.783233, 35.194044], [-80.783113, 35.193996], [-80.782878, 35.193893], [-80.781526, 35.193331], [-80.780466, 35.192891], [-80.779963, 35.192684], [-80.779271, 35.192393], [-80.778262, 35.191967], [-80.778143, 35.191913], [-80.778022, 35.191857], [-80.777784, 35.191744], [-80.77755, 35.191626], [-80.777162, 35.191433], [-80.777094, 35.191407], [-80.776862, 35.191317], [-80.77669, 35.191257], [-80.776427, 35.191167], [-80.775374, 35.190796], [-80.775045, 35.19068], [-80.774678, 35.190539], [-80.774322, 35.190378], [-80.77424, 35.190337], [-80.774098, 35.190267], [-80.773958, 35.190199], [-80.773568, 35.190008], [-80.772945, 35.18969], [-80.772516, 35.18948], [-80.772258, 35.189353], [-80.771791, 35.189123], [-80.771525, 35.188982], [-80.771282, 35.188869], [-80.770938, 35.188699], [-80.770585, 35.188522], [-80.770298, 35.188382], [-80.770013, 35.188243], [-80.769784, 35.188127], [-80.769579, 35.188027], [-80.769377, 35.187938], [-80.769228, 35.187877], [-80.769121, 35.187833], [-80.768955, 35.187772], [-80.768741, 35.187693], [-80.768312, 35.18754], [-80.767817, 35.18736], [-80.767198, 35.187135], [-80.766557, 35.186903], [-80.76654, 35.186897], [-80.765891, 35.186661], [-80.765814, 35.186633], [-80.765145, 35.186391], [-80.764837, 35.186276], [-80.764571, 35.186166], [-80.764497, 35.186133], [-80.764489, 35.186129], [-80.764407, 35.186092], [-80.764244, 35.186012], [-80.764073, 35.185923], [-80.763922, 35.18584], [-80.763755, 35.18574], [-80.763585, 35.18563], [-80.763389, 35.185503], [-80.763363, 35.185486], [-80.763141, 35.185337], [-80.762913, 35.185181], [-80.762685, 35.185033], [-80.76249, 35.184906], [-80.762466, 35.18489], [-80.76134, 35.184145], [-80.760459, 35.183564], [-80.760318, 35.18347], [-80.760254, 35.183428], [-80.760172, 35.183374], [-80.75993, 35.183216], [-80.759879, 35.183182], [-80.759737, 35.183087], [-80.759561, 35.182963], [-80.759403, 35.182843], [-80.759245, 35.182719], [-80.759235, 35.18271], [-80.759103, 35.182592], [-80.758957, 35.182455], [-80.758806, 35.182307], [-80.758693, 35.182185], [-80.758563, 35.182036], [-80.758432, 35.181875], [-80.758285, 35.181683], [-80.75816, 35.1815], [-80.758109, 35.18142], [-80.758037, 35.181303], [-80.757917, 35.181088], [-80.757798, 35.180854], [-80.757673, 35.180605], [-80.757601, 35.180462], [-80.757545, 35.180351], [-80.757389, 35.180048], [-80.757341, 35.179946], [-80.757262, 35.17978], [-80.757224, 35.179709], [-80.757146, 35.179531], [-80.757019, 35.179175], [-80.756906, 35.178832], [-80.756892, 35.178794], [-80.756751, 35.178295], [-80.756699, 35.178059], [-80.756661, 35.177859], [-80.75661, 35.177565], [-80.756583, 35.177392], [-80.756579, 35.177242], [-80.756569, 35.177015], [-80.75658, 35.176755], [-80.756582, 35.17614], [-80.75657, 35.175923], [-80.756581, 35.175761], [-80.756594, 35.175616], [-80.756616, 35.17543], [-80.756647, 35.175247], [-80.756691, 35.17505], [-80.75675, 35.174807], [-80.756843, 35.174411], [-80.75689, 35.174195], [-80.756898, 35.174153], [-80.756968, 35.173779], [-80.757044, 35.173417], [-80.757088, 35.173092], [-80.757091, 35.173024], [-80.757101, 35.172787], [-80.757093, 35.17257], [-80.75708, 35.17239], [-80.757044, 35.17218], [-80.756984, 35.171914], [-80.756929, 35.171715], [-80.756896, 35.171609], [-80.756859, 35.171491], [-80.756693, 35.170973], [-80.756551, 35.170541], [-80.756493, 35.170362], [-80.756358, 35.169921], [-80.756263, 35.169643], [-80.756212, 35.169485], [-80.756178, 35.169378], [-80.756118, 35.169174], [-80.756064, 35.16901], [-80.756052, 35.168972], [-80.755981, 35.16876], [-80.75585, 35.168342], [-80.755687, 35.167822], [-80.755584, 35.167498], [-80.755528, 35.167323], [-80.755341, 35.166821], [-80.755256, 35.166632], [-80.755106, 35.166297], [-80.754898, 35.165909], [-80.75482, 35.165783], [-80.754594, 35.165417], [-80.754367, 35.165073], [-80.754281, 35.164943], [-80.754034, 35.164572], [-80.753748, 35.164152], [-80.753664, 35.164028], [-80.75352, 35.163809], [-80.753294, 35.163459], [-80.753216, 35.163341], [-80.752984, 35.162987], [-80.75271, 35.162578], [-80.752667, 35.162515], [-80.752386, 35.162094], [-80.752341, 35.162026], [-80.752152, 35.161736], [-80.751923, 35.161389], [-80.751668, 35.160987], [-80.751567, 35.16083], [-80.751165, 35.160217], [-80.750741, 35.15957], [-80.750366, 35.158994], [-80.750118, 35.158621], [-80.749735, 35.158059], [-80.749415, 35.157552], [-80.74839, 35.155925], [-80.747952, 35.155242], [-80.747616, 35.154698], [-80.747326, 35.154244], [-80.746806, 35.153428], [-80.74635, 35.152717], [-80.746332, 35.15269], [-80.746253, 35.152565], [-80.746179, 35.152438], [-80.74611, 35.152309], [-80.746046, 35.152178], [-80.746003, 35.152079], [-80.745958, 35.151965], [-80.745919, 35.151849], [-80.745885, 35.151733], [-80.745855, 35.151615], [-80.745831, 35.151497], [-80.745812, 35.151378], [-80.745803, 35.151316], [-80.74579, 35.151206], [-80.745782, 35.151095], [-80.745779, 35.150984], [-80.745782, 35.150883], [-80.745782, 35.150873], [-80.74579, 35.150763], [-80.745812, 35.150581], [-80.745809, 35.1505], [-80.745829, 35.150149], [-80.745859, 35.149651], [-80.745855, 35.149345], [-80.745851, 35.149253], [-80.745841, 35.149156], [-80.745826, 35.14906], [-80.745806, 35.148964], [-80.745774, 35.148835], [-80.745737, 35.148708], [-80.745695, 35.148581], [-80.745665, 35.148501], [-80.745648, 35.148456], [-80.745597, 35.148344], [-80.745542, 35.148233], [-80.745539, 35.148228], [-80.745481, 35.148124], [-80.745416, 35.148017], [-80.745339, 35.147906], [-80.74526, 35.147798], [-80.745175, 35.147692], [-80.745027, 35.147513], [-80.744875, 35.147337], [-80.744707, 35.147152], [-80.744684, 35.147127], [-80.744403, 35.146823], [-80.743854, 35.146213], [-80.743725, 35.146081], [-80.743594, 35.14595], [-80.74346, 35.145821], [-80.743377, 35.145742], [-80.743115, 35.145499], [-80.742927, 35.145322], [-80.742643, 35.145055], [-80.742225, 35.144656], [-80.742195, 35.144627], [-80.74202, 35.144461], [-80.741924, 35.144365], [-80.74183, 35.144266], [-80.741737, 35.144167], [-80.741647, 35.144066], [-80.741559, 35.143964], [-80.741474, 35.143861], [-80.74139, 35.143756], [-80.741308, 35.14365], [-80.741229, 35.143544], [-80.741152, 35.143436], [-80.741078, 35.143327], [-80.741005, 35.143217], [-80.740975, 35.143169], [-80.740666, 35.142639], [-80.740616, 35.142553], [-80.740537, 35.142382], [-80.740363, 35.142005], [-80.740314, 35.141897], [-80.739975, 35.141154], [-80.739652, 35.140425], [-80.739233, 35.13951], [-80.738941, 35.138893], [-80.738762, 35.138513], [-80.738451, 35.137765], [-80.738227, 35.137329], [-80.738138, 35.13716], [-80.737949, 35.1368], [-80.737754, 35.136428], [-80.737668, 35.136261], [-80.737583, 35.136093], [-80.737414, 35.135765], [-80.737215, 35.135382], [-80.736973, 35.134908], [-80.736901, 35.134769], [-80.73675, 35.134481], [-80.736556, 35.134102], [-80.736535, 35.134061], [-80.736493, 35.13398]]}}, {"type": "Feature", "properties": {"name": "Mount Holly Rd", "ksi": 7, "fatal": 3, "serious": 4, "ped": 1, "bike": 0, "miles": 4.1, "per_mile": 1.7}, "geometry": {"type": "LineString", "coordinates": [[-80.923232, 35.281918], [-80.923252, 35.281911], [-80.92348, 35.281828], [-80.923837, 35.281706], [-80.924228, 35.281577], [-80.924367, 35.281528], [-80.924709, 35.281407], [-80.925208, 35.281239], [-80.925635, 35.281092], [-80.926004, 35.280962], [-80.926447, 35.280812], [-80.926534, 35.280783], [-80.926842, 35.280677], [-80.927268, 35.280533], [-80.927675, 35.280392], [-80.927854, 35.28033], [-80.927903, 35.280313], [-80.92828, 35.280184], [-80.928753, 35.280022], [-80.928938, 35.27996], [-80.929165, 35.279881], [-80.92937, 35.279811], [-80.929396, 35.279802], [-80.92988, 35.279634], [-80.930172, 35.279536], [-80.930212, 35.279521], [-80.930343, 35.279475], [-80.930354, 35.279471], [-80.930499, 35.279425], [-80.930645, 35.279383], [-80.930834, 35.279333], [-80.931075, 35.279274], [-80.93123, 35.279241], [-80.931386, 35.279211], [-80.931585, 35.279178], [-80.931724, 35.279159], [-80.931913, 35.279138], [-80.932102, 35.279121], [-80.932351, 35.279102], [-80.932537, 35.279095], [-80.932801, 35.279091], [-80.93285, 35.27909], [-80.93301, 35.279093], [-80.933171, 35.279099], [-80.933393, 35.279113], [-80.933615, 35.27913], [-80.933945, 35.279172], [-80.934082, 35.279192], [-80.93418, 35.279209], [-80.934216, 35.279216], [-80.93435, 35.279244], [-80.934415, 35.279259], [-80.934595, 35.279303], [-80.934744, 35.279343], [-80.934773, 35.279351], [-80.934949, 35.279402], [-80.935289, 35.279502], [-80.935513, 35.279567], [-80.935705, 35.279625], [-80.93593, 35.279703], [-80.936273, 35.279822], [-80.936922, 35.280024], [-80.937383, 35.280168], [-80.937557, 35.280224], [-80.937914, 35.280331], [-80.938118, 35.280385], [-80.938306, 35.280439], [-80.938511, 35.2805], [-80.938537, 35.280506], [-80.93864, 35.280532], [-80.938742, 35.280561], [-80.938841, 35.280595], [-80.938924, 35.280623], [-80.939179, 35.280711], [-80.939423, 35.280797], [-80.939789, 35.28091], [-80.940304, 35.281066], [-80.940415, 35.281099], [-80.940856, 35.281238], [-80.94136, 35.281398], [-80.941769, 35.281531], [-80.942357, 35.281712], [-80.942508, 35.281758], [-80.943071, 35.281929], [-80.943364, 35.282025], [-80.94355, 35.282085], [-80.943779, 35.282162], [-80.94389, 35.282203], [-80.943957, 35.282228], [-80.944151, 35.282303], [-80.944377, 35.282398], [-80.944593, 35.282494], [-80.944871, 35.28262], [-80.945252, 35.282796], [-80.945612, 35.282955], [-80.945999, 35.28313], [-80.946294, 35.283264], [-80.946697, 35.28345], [-80.947027, 35.283602], [-80.947337, 35.283741], [-80.947719, 35.283915], [-80.947977, 35.284029], [-80.948154, 35.284113], [-80.948204, 35.284136], [-80.948367, 35.284212], [-80.94851, 35.284277], [-80.94861, 35.284318], [-80.94871, 35.284358], [-80.948858, 35.284414], [-80.949005, 35.284466], [-80.949165, 35.28452], [-80.949281, 35.284556], [-80.949376, 35.284587], [-80.94945, 35.284608], [-80.949545, 35.284635], [-80.949638, 35.284658], [-80.949747, 35.284686], [-80.949857, 35.284709], [-80.950095, 35.284757], [-80.950289, 35.284793], [-80.950344, 35.284803], [-80.950534, 35.284838], [-80.950892, 35.284906], [-80.95132, 35.284987], [-80.951704, 35.285059], [-80.951883, 35.285092], [-80.952543, 35.285218], [-80.953046, 35.285313], [-80.953773, 35.285449], [-80.954269, 35.285542], [-80.954504, 35.285587], [-80.954675, 35.285621], [-80.954935, 35.285677], [-80.955161, 35.285735], [-80.955419, 35.285801], [-80.955754, 35.285903], [-80.955861, 35.285939], [-80.955875, 35.285943], [-80.955962, 35.28598], [-80.956062, 35.286013], [-80.956169, 35.286044], [-80.956341, 35.286097], [-80.956646, 35.286188], [-80.957045, 35.28631], [-80.957052, 35.286313], [-80.9571, 35.286328], [-80.957503, 35.286453], [-80.957723, 35.286522], [-80.958078, 35.286632], [-80.958196, 35.286672], [-80.959137, 35.286967], [-80.959457, 35.287067], [-80.95982, 35.28718], [-80.960229, 35.287308], [-80.960692, 35.287455], [-80.961105, 35.287584], [-80.961622, 35.287745], [-80.961953, 35.287848], [-80.962035, 35.287874], [-80.962382, 35.287984], [-80.962544, 35.288035], [-80.96274, 35.288097], [-80.962923, 35.288161], [-80.963071, 35.288203], [-80.963114, 35.288215], [-80.963229, 35.28825], [-80.963388, 35.2883], [-80.963613, 35.288372], [-80.963626, 35.288376], [-80.963708, 35.288402], [-80.963789, 35.288429], [-80.963888, 35.288464], [-80.963987, 35.288502], [-80.964072, 35.288531], [-80.964159, 35.288564], [-80.964304, 35.288623], [-80.964389, 35.288656], [-80.964431, 35.288674], [-80.964497, 35.288703], [-80.964627, 35.28876], [-80.964706, 35.288795], [-80.964766, 35.288822], [-80.964959, 35.288912], [-80.96516, 35.289008], [-80.965382, 35.289113], [-80.965568, 35.2892], [-80.96578, 35.289301], [-80.965984, 35.289399], [-80.966208, 35.289505], [-80.966441, 35.289615], [-80.966655, 35.289714], [-80.966994, 35.289877], [-80.967336, 35.290038], [-80.967879, 35.290295], [-80.968306, 35.290497], [-80.968696, 35.290679], [-80.968953, 35.290802], [-80.969265, 35.29095], [-80.969323, 35.290977], [-80.969572, 35.291095], [-80.969851, 35.291227], [-80.970088, 35.291341], [-80.970272, 35.291431], [-80.970472, 35.291534], [-80.970679, 35.291642], [-80.970839, 35.29173], [-80.971012, 35.291833], [-80.97111, 35.291895], [-80.971201, 35.291952], [-80.971377, 35.292067], [-80.971504, 35.292151], [-80.97162, 35.292229], [-80.971905, 35.292425], [-80.972131, 35.292579], [-80.972291, 35.292687], [-80.972363, 35.292736], [-80.972603, 35.2929], [-80.972893, 35.293097], [-80.973196, 35.293309], [-80.973344, 35.293409], [-80.973471, 35.293495], [-80.973717, 35.293661], [-80.973975, 35.293836], [-80.974307, 35.294064], [-80.974679, 35.294316], [-80.974994, 35.294531], [-80.975126, 35.294621], [-80.975398, 35.294805], [-80.975834, 35.295104], [-80.976023, 35.295232], [-80.976132, 35.295311], [-80.976202, 35.295363], [-80.976255, 35.295402], [-80.976315, 35.295448], [-80.976378, 35.2955], [-80.976446, 35.295561], [-80.976498, 35.295612], [-80.976542, 35.295656], [-80.976597, 35.295712], [-80.976662, 35.295782], [-80.976737, 35.295866], [-80.976952, 35.296112], [-80.977256, 35.296462], [-80.977319, 35.296535], [-80.977507, 35.296766], [-80.977656, 35.296938], [-80.977716, 35.297008], [-80.977828, 35.297136], [-80.978095, 35.297434], [-80.978256, 35.297585], [-80.978362, 35.297681], [-80.978493, 35.297792], [-80.978648, 35.297907], [-80.978845, 35.298041], [-80.979077, 35.298195], [-80.979387, 35.298405], [-80.979621, 35.298556], [-80.979835, 35.298688], [-80.980075, 35.298822], [-80.980193, 35.298884], [-80.980289, 35.29893], [-80.980408, 35.298986], [-80.980547, 35.299047], [-80.980727, 35.299123], [-80.980859, 35.299177], [-80.980976, 35.299221], [-80.981055, 35.299251], [-80.98113, 35.299278], [-80.981256, 35.299316], [-80.981406, 35.299362], [-80.981611, 35.299421], [-80.981887, 35.299496], [-80.982074, 35.299547], [-80.982228, 35.29959], [-80.982642, 35.299704], [-80.982799, 35.299745], [-80.983146, 35.299841], [-80.983483, 35.299933], [-80.983762, 35.300011], [-80.983785, 35.300018], [-80.983917, 35.300056], [-80.984022, 35.300086], [-80.984157, 35.300122], [-80.984416, 35.300193], [-80.984684, 35.300266], [-80.985459, 35.300512], [-80.985902, 35.300662], [-80.98636, 35.300825], [-80.986969, 35.301062], [-80.987055, 35.300953], [-80.987181, 35.300794], [-80.987254, 35.300707], [-80.987318, 35.300631], [-80.987377, 35.300562], [-80.987423, 35.30051], [-80.987423, 35.30051]]}}, {"type": "Feature", "properties": {"name": "Mt Holly-Huntersville Rd", "ksi": 9, "fatal": 4, "serious": 5, "ped": 3, "bike": 0, "miles": 7.08, "per_mile": 1.3}, "geometry": {"type": "MultiLineString", "coordinates": [[[-80.986969, 35.301062], [-80.986923, 35.301119], [-80.986723, 35.301364], [-80.986581, 35.301532], [-80.986525, 35.301593], [-80.98648, 35.30164], [-80.986402, 35.301721], [-80.986297, 35.301821], [-80.986167, 35.301926], [-80.986068, 35.302006], [-80.985963, 35.302082], [-80.98588, 35.302145], [-80.985785, 35.302214], [-80.985698, 35.302276], [-80.985605, 35.302339], [-80.985498, 35.302405], [-80.985391, 35.302468], [-80.98523, 35.302554], [-80.985085, 35.302628], [-80.985007, 35.302668], [-80.984893, 35.302724], [-80.984752, 35.302793], [-80.984547, 35.302893], [-80.984321, 35.303006], [-80.984096, 35.303116], [-80.983998, 35.303165], [-80.983798, 35.303265], [-80.983431, 35.303445], [-80.983265, 35.303525], [-80.98308, 35.303615], [-80.982766, 35.303767], [-80.982573, 35.303862], [-80.982407, 35.303943], [-80.982399, 35.303946], [-80.982179, 35.30405], [-80.981939, 35.304171], [-80.981488, 35.304393], [-80.981354, 35.304462], [-80.981225, 35.30453], [-80.981115, 35.304589], [-80.981022, 35.304645], [-80.980931, 35.304702], [-80.980844, 35.304764], [-80.98075, 35.304835], [-80.980686, 35.304885], [-80.980609, 35.304954], [-80.980518, 35.305038], [-80.980439, 35.305116], [-80.980389, 35.30517], [-80.980387, 35.305173], [-80.980337, 35.305236], [-80.980301, 35.305288], [-80.980255, 35.305362], [-80.980196, 35.305461], [-80.980131, 35.305571], [-80.98007, 35.305688], [-80.980012, 35.305797], [-80.979966, 35.305889], [-80.97991, 35.305994], [-80.979812, 35.306186], [-80.979733, 35.306341], [-80.979688, 35.306429], [-80.979646, 35.306511], [-80.979609, 35.306579], [-80.979575, 35.306641], [-80.979536, 35.306702], [-80.979507, 35.306748], [-80.97947, 35.3068], [-80.979444, 35.306836], [-80.979409, 35.30688], [-80.97937, 35.306924], [-80.979329, 35.306971], [-80.979293, 35.307008], [-80.979251, 35.30705], [-80.97922, 35.307079], [-80.979175, 35.307118], [-80.97915, 35.307141], [-80.97912, 35.307168], [-80.979056, 35.307223], [-80.978979, 35.307285], [-80.978869, 35.307369], [-80.978835, 35.307394], [-80.978805, 35.307417], [-80.97873, 35.307466], [-80.978643, 35.30752], [-80.978557, 35.307569], [-80.978477, 35.307612], [-80.9784, 35.307653], [-80.978312, 35.307696], [-80.978224, 35.30774], [-80.978031, 35.307833], [-80.977706, 35.307988], [-80.977429, 35.308121], [-80.977257, 35.308204], [-80.977113, 35.30827], [-80.977009, 35.308319], [-80.976915, 35.308364], [-80.976837, 35.308403], [-80.976743, 35.308447], [-80.976699, 35.308472], [-80.976598, 35.308521], [-80.976527, 35.308555], [-80.97635, 35.30864], [-80.97615, 35.308733], [-80.976022, 35.308794], [-80.975747, 35.308929], [-80.974925, 35.309321], [-80.974831, 35.309366], [-80.9748, 35.309381], [-80.9745, 35.309524], [-80.974373, 35.309585], [-80.974265, 35.309636], [-80.973325, 35.310088], [-80.972896, 35.31029], [-80.972513, 35.310469], [-80.972052, 35.310677], [-80.971389, 35.310966], [-80.970579, 35.311308], [-80.970262, 35.311445], [-80.969865, 35.311613], [-80.969697, 35.311686], [-80.969366, 35.311831], [-80.969129, 35.311932], [-80.968878, 35.312038], [-80.968547, 35.312178], [-80.968462, 35.312213], [-80.968265, 35.312294], [-80.968032, 35.312394], [-80.967773, 35.312501], [-80.967597, 35.312578], [-80.967442, 35.312643], [-80.967315, 35.312698], [-80.967235, 35.312735], [-80.967165, 35.312769], [-80.967092, 35.312807], [-80.967046, 35.312832], [-80.966986, 35.312865], [-80.96693, 35.312897], [-80.966873, 35.312931], [-80.966824, 35.312963], [-80.966781, 35.312993], [-80.966728, 35.31303], [-80.966677, 35.313065], [-80.966623, 35.313105], [-80.966555, 35.313156], [-80.966505, 35.313199], [-80.966447, 35.31325], [-80.966422, 35.313271], [-80.966361, 35.313322], [-80.966289, 35.31339], [-80.966196, 35.313476], [-80.966063, 35.313598], [-80.965945, 35.313706], [-80.965806, 35.313829], [-80.965626, 35.313993], [-80.965462, 35.314143], [-80.96529, 35.314295], [-80.965233, 35.314346], [-80.96513, 35.314436], [-80.964991, 35.314563], [-80.96485, 35.314691], [-80.964717, 35.31481], [-80.964588, 35.314919], [-80.964487, 35.315001], [-80.964439, 35.31504], [-80.964388, 35.315076], [-80.964338, 35.31511], [-80.964304, 35.315133], [-80.964272, 35.315153], [-80.96419, 35.315204], [-80.964176, 35.315212], [-80.9641, 35.315254], [-80.964058, 35.315275], [-80.96402, 35.315296], [-80.96395, 35.315332], [-80.963879, 35.315366], [-80.963823, 35.31539], [-80.963772, 35.315413], [-80.963707, 35.315441], [-80.963651, 35.315462], [-80.963599, 35.31548], [-80.96354, 35.315501], [-80.963465, 35.315526], [-80.963407, 35.315544], [-80.963358, 35.315559], [-80.963306, 35.315572], [-80.963255, 35.315586], [-80.963196, 35.315599], [-80.96315, 35.315608], [-80.963106, 35.315618], [-80.963048, 35.31563], [-80.962973, 35.315643], [-80.962918, 35.315652], [-80.962876, 35.315659], [-80.962773, 35.315674], [-80.962644, 35.315688], [-80.962508, 35.315699], [-80.962377, 35.315709], [-80.962217, 35.315721], [-80.962063, 35.315732], [-80.961852, 35.315745], [-80.961707, 35.315756], [-80.961562, 35.315765], [-80.961415, 35.315777], [-80.961352, 35.315782], [-80.961292, 35.315787], [-80.96118, 35.315801], [-80.961095, 35.31581], [-80.961002, 35.315823], [-80.960929, 35.315833], [-80.960859, 35.315847], [-80.960796, 35.315859], [-80.960729, 35.315874], [-80.960661, 35.315891], [-80.960598, 35.315908], [-80.960553, 35.315919], [-80.960507, 35.315933], [-80.960431, 35.315954], [-80.960384, 35.315969], [-80.960337, 35.315984], [-80.960268, 35.316007], [-80.960217, 35.316023], [-80.960147, 35.316047], [-80.96009, 35.316066], [-80.960057, 35.316078], [-80.959987, 35.316103], [-80.959792, 35.316172], [-80.959574, 35.316251], [-80.959364, 35.316327], [-80.959123, 35.316414], [-80.958874, 35.316505], [-80.958641, 35.31659], [-80.958379, 35.316684], [-80.95815, 35.316768], [-80.957924, 35.31685], [-80.957772, 35.316905], [-80.957638, 35.316953], [-80.957559, 35.316983], [-80.957492, 35.317008], [-80.957427, 35.317033], [-80.957339, 35.317069], [-80.957242, 35.317108], [-80.957116, 35.317164], [-80.956996, 35.317221], [-80.956887, 35.317273], [-80.956843, 35.317297], [-80.956767, 35.317338], [-80.9567, 35.317377], [-80.956625, 35.317422], [-80.956541, 35.317473], [-80.956459, 35.317524], [-80.956303, 35.317626], [-80.956116, 35.317755], [-80.955845, 35.317942], [-80.955825, 35.317956], [-80.955619, 35.318099], [-80.955395, 35.318255], [-80.955193, 35.318392], [-80.955018, 35.318514], [-80.954863, 35.318622], [-80.954732, 35.318715], [-80.954644, 35.318783], [-80.954567, 35.318842], [-80.954492, 35.318905], [-80.954416, 35.31897], [-80.954337, 35.31904], [-80.954266, 35.319111], [-80.954163, 35.319211], [-80.954027, 35.319344], [-80.953874, 35.319494], [-80.953707, 35.319657], [-80.953602, 35.319759], [-80.953517, 35.319841], [-80.95327, 35.320081], [-80.952941, 35.320402], [-80.95251, 35.320802], [-80.952264, 35.32103], [-80.951861, 35.32137], [-80.951631, 35.321571], [-80.951261, 35.321885], [-80.951034, 35.322081], [-80.950818, 35.322265], [-80.950556, 35.322488], [-80.950396, 35.322627], [-80.950302, 35.322705], [-80.950215, 35.322775], [-80.950141, 35.322836], [-80.950076, 35.322886], [-80.950001, 35.322943], [-80.949927, 35.322997], [-80.949831, 35.323058], [-80.949737, 35.323113], [-80.949628, 35.323175], [-80.949525, 35.323229], [-80.949512, 35.323234], [-80.949458, 35.323259], [-80.949381, 35.323291], [-80.949351, 35.323302], [-80.949289, 35.323323], [-80.94904, 35.323404], [-80.948349, 35.323648], [-80.94828, 35.323672], [-80.947999, 35.323772], [-80.947696, 35.323875], [-80.947248, 35.324042], [-80.946966, 35.324161], [-80.946781, 35.324248], [-80.946474, 35.324438], [-80.946242, 35.324597], [-80.946051, 35.324757], [-80.945859, 35.324951], [-80.94562, 35.325211], [-80.945464, 35.325376], [-80.945413, 35.32543], [-80.945293, 35.325556], [-80.945203, 35.325648], [-80.945151, 35.3257], [-80.944941, 35.325913], [-80.944736, 35.326127], [-80.944587, 35.326282], [-80.944495, 35.326377], [-80.944425, 35.326447], [-80.944301, 35.326568], [-80.944126, 35.326744], [-80.944083, 35.326788], [-80.944018, 35.326855], [-80.943869, 35.327], [-80.943708, 35.327157], [-80.943522, 35.32734], [-80.943343, 35.327513], [-80.94326, 35.327594], [-80.943181, 35.327671], [-80.943027, 35.327824], [-80.942863, 35.327982], [-80.94274, 35.328107], [-80.9426, 35.32824], [-80.942452, 35.328386], [-80.942344, 35.328489], [-80.942232, 35.328598], [-80.942179, 35.328649], [-80.942034, 35.328792], [-80.941897, 35.328926], [-80.941878, 35.328945], [-80.94168, 35.329141], [-80.941509, 35.329311], [-80.941336, 35.329479], [-80.939718, 35.331067], [-80.939668, 35.331118], [-80.939153, 35.331615], [-80.939115, 35.331652], [-80.938272, 35.332477], [-80.937429, 35.333302], [-80.937354, 35.333373], [-80.937301, 35.333425], [-80.937268, 35.333458], [-80.937033, 35.333659], [-80.936875, 35.333797], [-80.936717, 35.333914], [-80.936571, 35.334015], [-80.936412, 35.334113], [-80.936217, 35.334219], [-80.936033, 35.334303], [-80.935877, 35.334367], [-80.935714, 35.334432], [-80.935502, 35.334511], [-80.935218, 35.33461], [-80.934884, 35.334733], [-80.934595, 35.33484], [-80.934435, 35.334902], [-80.934315, 35.334944], [-80.934155, 35.334998], [-80.934022, 35.335041], [-80.933857, 35.335084], [-80.933692, 35.335116], [-80.933513, 35.335148], [-80.933334, 35.335173], [-80.933151, 35.335194], [-80.932958, 35.335208], [-80.932743, 35.335212], [-80.932564, 35.335207], [-80.932344, 35.335192], [-80.932164, 35.335177], [-80.931963, 35.335155], [-80.931944, 35.335152], [-80.931931, 35.33515]], [[-80.908599, 35.340935], [-80.908584, 35.340949], [-80.908518, 35.341012], [-80.908425, 35.341112], [-80.90834, 35.341215], [-80.908334, 35.341223], [-80.908258, 35.341326], [-80.908179, 35.341439], [-80.908117, 35.341541], [-80.908044, 35.34167], [-80.907957, 35.341837], [-80.907951, 35.341848], [-80.907857, 35.342028], [-80.907734, 35.342266], [-80.907655, 35.342409], [-80.907642, 35.342432], [-80.907613, 35.342478], [-80.907595, 35.342506], [-80.907563, 35.342559], [-80.907521, 35.342629], [-80.907457, 35.342723], [-80.907432, 35.342757], [-80.907372, 35.342836], [-80.907301, 35.342919], [-80.907233, 35.342996], [-80.907167, 35.34307], [-80.907083, 35.34315], [-80.907017, 35.343214], [-80.906838, 35.343372], [-80.906026, 35.34406], [-80.905821, 35.344233], [-80.905722, 35.344309], [-80.90564, 35.344372], [-80.90553, 35.344445], [-80.905436, 35.344506], [-80.905334, 35.344566], [-80.905246, 35.344612], [-80.905157, 35.344655], [-80.905068, 35.344696], [-80.904991, 35.344726], [-80.904909, 35.344757], [-80.904804, 35.344791], [-80.904697, 35.344821], [-80.904616, 35.344841], [-80.904519, 35.344865], [-80.904285, 35.344911], [-80.904009, 35.344957], [-80.903725, 35.345007], [-80.903388, 35.345065], [-80.902949, 35.345144], [-80.902588, 35.345205], [-80.902404, 35.345237], [-80.901696, 35.345359], [-80.901292, 35.345432], [-80.901075, 35.345475], [-80.900897, 35.345512], [-80.900755, 35.345546], [-80.900614, 35.345581], [-80.900465, 35.345624], [-80.900448, 35.345629], [-80.90034, 35.345663], [-80.900306, 35.345674], [-80.900162, 35.345725], [-80.900015, 35.345784], [-80.899863, 35.345851], [-80.899568, 35.345992], [-80.899362, 35.346093], [-80.899158, 35.346193], [-80.898964, 35.346287], [-80.89884, 35.346346], [-80.898724, 35.3464], [-80.898647, 35.346435], [-80.898568, 35.346465], [-80.898489, 35.346496], [-80.898392, 35.346531], [-80.898298, 35.346563], [-80.898199, 35.346594], [-80.898092, 35.346622], [-80.897972, 35.346648], [-80.897848, 35.346669], [-80.897716, 35.346687], [-80.897566, 35.346707], [-80.89737, 35.346727], [-80.897052, 35.346753], [-80.896513, 35.346797], [-80.896271, 35.346815], [-80.896165, 35.346816], [-80.896059, 35.346815], [-80.895923, 35.346805], [-80.895822, 35.346796], [-80.895724, 35.346785], [-80.895617, 35.346769], [-80.895506, 35.34675], [-80.894769, 35.346605], [-80.893716, 35.346391], [-80.893301, 35.34631], [-80.893034, 35.346258], [-80.891484, 35.345966], [-80.891365, 35.345944], [-80.891274, 35.345927], [-80.891193, 35.345914], [-80.891093, 35.345897], [-80.891015, 35.345888], [-80.890927, 35.345877], [-80.890831, 35.345869], [-80.890738, 35.345862], [-80.890603, 35.345858], [-80.890538, 35.345857], [-80.890342, 35.345866], [-80.890183, 35.345878], [-80.889534, 35.345941], [-80.88856, 35.346047], [-80.888524, 35.346051], [-80.888331, 35.346071], [-80.887813, 35.346125], [-80.887217, 35.346196], [-80.886715, 35.346266], [-80.886594, 35.346284], [-80.886486, 35.346305], [-80.886341, 35.346333], [-80.885968, 35.346418], [-80.885806, 35.346458], [-80.885645, 35.346497], [-80.885437, 35.346558], [-80.885347, 35.346584], [-80.885043, 35.346678], [-80.884693, 35.346797], [-80.884538, 35.346851], [-80.884344, 35.346922], [-80.884118, 35.347009], [-80.883837, 35.347126], [-80.88351, 35.347272], [-80.883266, 35.347393], [-80.883042, 35.347506], [-80.882812, 35.347631], [-80.88256, 35.347777], [-80.882371, 35.347891], [-80.882221, 35.347985], [-80.882006, 35.348129], [-80.881848, 35.348238], [-80.881677, 35.348361], [-80.881494, 35.348497], [-80.881292, 35.348652], [-80.881027, 35.34886], [-80.880617, 35.349189], [-80.880155, 35.349558], [-80.879224, 35.350301], [-80.878957, 35.350514], [-80.878729, 35.350696], [-80.878522, 35.350861], [-80.878489, 35.350888], [-80.878082, 35.351212], [-80.877809, 35.351433], [-80.877217, 35.351911], [-80.876932, 35.352136], [-80.876454, 35.352513], [-80.87605, 35.352824], [-80.875997, 35.352861], [-80.875976, 35.352876], [-80.875732, 35.353046], [-80.875116, 35.35345], [-80.874827, 35.353637], [-80.874697, 35.353716], [-80.874508, 35.353832], [-80.87409, 35.354074], [-80.873995, 35.354126], [-80.873855, 35.354203], [-80.87374, 35.354271], [-80.873648, 35.354327], [-80.873565, 35.354377], [-80.873477, 35.354433], [-80.87338, 35.354495], [-80.87326, 35.354576], [-80.873115, 35.354673], [-80.87289, 35.35483], [-80.872834, 35.354869], [-80.872271, 35.355261], [-80.872228, 35.355291], [-80.871934, 35.355496], [-80.871474, 35.355829], [-80.871134, 35.356085], [-80.870001, 35.356936], [-80.869568, 35.357262], [-80.868497, 35.358069], [-80.866518, 35.359512], [-80.865872, 35.359985], [-80.865656, 35.360147], [-80.865415, 35.36033], [-80.86519, 35.360507], [-80.864998, 35.360659], [-80.864782, 35.360837], [-80.864735, 35.360874], [-80.864449, 35.361119], [-80.864391, 35.361169], [-80.864077, 35.361449]]]}}, {"type": "Feature", "properties": {"name": "N Graham St", "ksi": 24, "fatal": 5, "serious": 19, "ped": 7, "bike": 0, "miles": 6.29, "per_mile": 3.8}, "geometry": {"type": "LineString", "coordinates": [[-80.847021, 35.230591], [-80.84676, 35.230755], [-80.84659, 35.230878], [-80.846247, 35.231119], [-80.845939, 35.231334], [-80.845832, 35.231412], [-80.845622, 35.231558], [-80.84529, 35.231804], [-80.845155, 35.231904], [-80.844953, 35.232063], [-80.844878, 35.232119], [-80.844693, 35.232259], [-80.844497, 35.232402], [-80.844286, 35.232555], [-80.843755, 35.232942], [-80.842684, 35.233708], [-80.841604, 35.23448], [-80.840491, 35.235255], [-80.83939, 35.236033], [-80.839148, 35.236215], [-80.838567, 35.236649], [-80.838193, 35.23693], [-80.837742, 35.237286], [-80.837473, 35.237574], [-80.837277, 35.237831], [-80.83655, 35.238701], [-80.835944, 35.239477], [-80.834713, 35.241089], [-80.833904, 35.242147], [-80.833277, 35.242974], [-80.832533, 35.243933], [-80.831812, 35.244873], [-80.83118, 35.245704], [-80.830455, 35.24665], [-80.829502, 35.247893], [-80.829188, 35.248308], [-80.828173, 35.24968], [-80.828059, 35.249833], [-80.827851, 35.250117], [-80.827789, 35.250202], [-80.827221, 35.250978], [-80.827129, 35.251104], [-80.82687, 35.251458], [-80.8266, 35.251823], [-80.826409, 35.252076], [-80.826333, 35.25218], [-80.826225, 35.252329], [-80.826006, 35.252623], [-80.825688, 35.253044], [-80.825442, 35.25338], [-80.825201, 35.253706], [-80.825017, 35.253961], [-80.824724, 35.254352], [-80.824558, 35.254588], [-80.824322, 35.25491], [-80.824248, 35.255011], [-80.824127, 35.255177], [-80.824029, 35.25531], [-80.823711, 35.255731], [-80.823578, 35.255913], [-80.823273, 35.256329], [-80.822912, 35.256822], [-80.822772, 35.257014], [-80.822294, 35.257661], [-80.82217, 35.257828], [-80.821896, 35.258199], [-80.821367, 35.258915], [-80.821268, 35.259039], [-80.82077, 35.25967], [-80.820285, 35.260235], [-80.819718, 35.260901], [-80.819664, 35.260966], [-80.819439, 35.261237], [-80.819167, 35.261561], [-80.819082, 35.261658], [-80.818961, 35.261797], [-80.818758, 35.262053], [-80.818549, 35.262311], [-80.818264, 35.262671], [-80.818034, 35.262977], [-80.817719, 35.263413], [-80.817551, 35.26367], [-80.817393, 35.263909], [-80.817227, 35.264182], [-80.817065, 35.264456], [-80.817036, 35.264507], [-80.816812, 35.26492], [-80.81662, 35.265279], [-80.816528, 35.265454], [-80.816378, 35.265743], [-80.816163, 35.266152], [-80.816008, 35.266443], [-80.815889, 35.266671], [-80.815704, 35.267024], [-80.815683, 35.267064], [-80.815532, 35.26735], [-80.815412, 35.267579], [-80.81472, 35.268871], [-80.814556, 35.269152], [-80.8143, 35.269589], [-80.813937, 35.270166], [-80.813851, 35.270291], [-80.81364, 35.270598], [-80.813243, 35.271113], [-80.812609, 35.271969], [-80.812028, 35.272694], [-80.811631, 35.273196], [-80.811315, 35.273578], [-80.810903, 35.274076], [-80.810393, 35.274696], [-80.809395, 35.275931], [-80.808861, 35.27659], [-80.808826, 35.276634], [-80.808661, 35.276838], [-80.808133, 35.277492], [-80.807613, 35.278134], [-80.807573, 35.278188], [-80.80691, 35.279081], [-80.805934, 35.280393], [-80.805578, 35.280848], [-80.805409, 35.281064], [-80.805027, 35.281544], [-80.804828, 35.281795], [-80.804736, 35.28191], [-80.804532, 35.282168], [-80.804263, 35.282506], [-80.803997, 35.28284], [-80.803657, 35.28327], [-80.802853, 35.284275], [-80.802658, 35.284517], [-80.802437, 35.284779], [-80.802158, 35.285134], [-80.801963, 35.285378], [-80.801682, 35.285731], [-80.80133, 35.286171], [-80.800951, 35.286651], [-80.800835, 35.286795], [-80.800725, 35.286932], [-80.80053, 35.287181], [-80.800284, 35.287493], [-80.800107, 35.287713], [-80.799941, 35.287921], [-80.799781, 35.288131], [-80.799735, 35.288194], [-80.799492, 35.288497], [-80.799298, 35.288742], [-80.799053, 35.289048], [-80.798895, 35.28926], [-80.798757, 35.289428], [-80.798701, 35.289501], [-80.798643, 35.289574], [-80.798588, 35.289641], [-80.798541, 35.289701], [-80.798492, 35.289762], [-80.798447, 35.28982], [-80.798422, 35.289851], [-80.798387, 35.289896], [-80.798344, 35.28995], [-80.798293, 35.290014], [-80.79828, 35.290031], [-80.798203, 35.290126], [-80.798124, 35.290226], [-80.798057, 35.290312], [-80.797978, 35.290409], [-80.797861, 35.290557], [-80.797622, 35.290857], [-80.796946, 35.291698], [-80.796645, 35.29207], [-80.796583, 35.292139], [-80.796495, 35.29223], [-80.796402, 35.292318], [-80.796305, 35.292402], [-80.796203, 35.292482], [-80.796096, 35.292558], [-80.795907, 35.292684], [-80.795712, 35.292804], [-80.795511, 35.292918], [-80.794856, 35.293278], [-80.794744, 35.293359], [-80.794637, 35.293445], [-80.794535, 35.293534], [-80.794438, 35.293627], [-80.794367, 35.293702], [-80.7943, 35.293778], [-80.794237, 35.293856], [-80.794137, 35.293964], [-80.794044, 35.294077], [-80.793958, 35.294193], [-80.793878, 35.294311], [-80.793805, 35.294433], [-80.793735, 35.29455], [-80.793672, 35.294669], [-80.793616, 35.294791], [-80.793568, 35.294915], [-80.793565, 35.294922], [-80.793519, 35.295077], [-80.793479, 35.295233], [-80.793446, 35.295391], [-80.793425, 35.295512], [-80.793407, 35.295635], [-80.793391, 35.295782], [-80.79338, 35.295929], [-80.793374, 35.296076], [-80.793379, 35.296358], [-80.793393, 35.296538], [-80.793415, 35.296804], [-80.793429, 35.297071], [-80.793435, 35.297337], [-80.793432, 35.297604], [-80.793466, 35.298743], [-80.793488, 35.299754], [-80.7935, 35.300168], [-80.793509, 35.30035], [-80.793519, 35.300582], [-80.793546, 35.300996], [-80.793641, 35.30224], [-80.793737, 35.303457], [-80.79377, 35.303838], [-80.793795, 35.304077], [-80.793827, 35.304365], [-80.793841, 35.30448], [-80.793856, 35.304598], [-80.793885, 35.304851], [-80.793905, 35.305103], [-80.793918, 35.305356], [-80.793923, 35.30561], [-80.793946, 35.305846], [-80.793968, 35.306078], [-80.793979, 35.306188], [-80.794025, 35.306659], [-80.794048, 35.306898], [-80.794064, 35.307062], [-80.794083, 35.307289], [-80.794103, 35.307692]]}}, {"type": "Feature", "properties": {"name": "N Sharon Amity Rd", "ksi": 25, "fatal": 15, "serious": 10, "ped": 7, "bike": 0, "miles": 6.22, "per_mile": 4.0}, "geometry": {"type": "MultiLineString", "coordinates": [[[-80.798232, 35.175937], [-80.798065, 35.175988], [-80.797403, 35.176187], [-80.797122, 35.17626], [-80.796959, 35.176302], [-80.796241, 35.1765], [-80.795769, 35.176626], [-80.79563, 35.176663], [-80.795447, 35.176713], [-80.795212, 35.176776], [-80.794865, 35.17687], [-80.794637, 35.17693], [-80.79443, 35.176991], [-80.794247, 35.177052], [-80.794055, 35.177123], [-80.793903, 35.177185], [-80.793841, 35.177212], [-80.793775, 35.177243], [-80.793604, 35.177322], [-80.79334, 35.17746], [-80.792899, 35.177699], [-80.792756, 35.177775], [-80.792394, 35.177968], [-80.791959, 35.178199], [-80.791718, 35.178329], [-80.791284, 35.178556], [-80.791279, 35.178558], [-80.791187, 35.178606], [-80.791122, 35.178639], [-80.790966, 35.17872], [-80.790809, 35.178794], [-80.790684, 35.178846], [-80.790544, 35.1789], [-80.790342, 35.178973], [-80.790208, 35.179016], [-80.790135, 35.179039], [-80.789942, 35.179089], [-80.789794, 35.179115], [-80.789585, 35.179149], [-80.789386, 35.179171], [-80.789077, 35.179197], [-80.788845, 35.179204], [-80.788841, 35.179204], [-80.788687, 35.179212], [-80.788464, 35.179204], [-80.788251, 35.179191], [-80.788138, 35.17917], [-80.787984, 35.17914], [-80.787667, 35.179052], [-80.787376, 35.178973], [-80.787183, 35.17892], [-80.786413, 35.178712], [-80.786146, 35.178632], [-80.786025, 35.178588], [-80.785915, 35.178536], [-80.785794, 35.17847], [-80.785624, 35.178364], [-80.785456, 35.178259], [-80.785158, 35.178069], [-80.784783, 35.17784], [-80.784398, 35.177609], [-80.78385, 35.177281], [-80.783679, 35.177184], [-80.783675, 35.177182], [-80.783535, 35.177111], [-80.783426, 35.177067], [-80.783308, 35.177027], [-80.783185, 35.17699], [-80.783045, 35.176958], [-80.782908, 35.176937], [-80.782746, 35.17692], [-80.782608, 35.176913], [-80.782495, 35.176915], [-80.782358, 35.176923], [-80.782221, 35.17694], [-80.782043, 35.176974], [-80.781914, 35.177006], [-80.781749, 35.177063], [-80.78163, 35.177113], [-80.781512, 35.177171], [-80.781391, 35.177238], [-80.781271, 35.177322], [-80.781134, 35.177426], [-80.780637, 35.177804], [-80.780254, 35.178097], [-80.780223, 35.17812], [-80.779999, 35.178286], [-80.779734, 35.178489], [-80.779418, 35.178733], [-80.779044, 35.17902], [-80.778882, 35.179144], [-80.778815, 35.179196], [-80.778638, 35.179333], [-80.778467, 35.179473], [-80.778332, 35.179574], [-80.778245, 35.17964], [-80.778112, 35.179742], [-80.777901, 35.179906], [-80.777766, 35.180009], [-80.777706, 35.180055], [-80.777536, 35.18018], [-80.777406, 35.180285], [-80.777288, 35.180382], [-80.777186, 35.180476], [-80.777116, 35.18056], [-80.777048, 35.18065], [-80.776983, 35.180748], [-80.77691, 35.180884], [-80.776849, 35.181046], [-80.776758, 35.181259], [-80.776661, 35.181505], [-80.776613, 35.181626], [-80.776466, 35.181984], [-80.776346, 35.182285], [-80.776217, 35.182615], [-80.775972, 35.18322], [-80.775747, 35.183773], [-80.775692, 35.183904], [-80.775622, 35.184071], [-80.775465, 35.184477], [-80.775329, 35.184812], [-80.775305, 35.184871], [-80.775163, 35.18517], [-80.775121, 35.185255], [-80.775008, 35.185452], [-80.774667, 35.186058], [-80.774369, 35.186527], [-80.77434, 35.186581], [-80.774125, 35.18691], [-80.773899, 35.187275], [-80.773715, 35.187573], [-80.773486, 35.187937], [-80.773124, 35.188523], [-80.772854, 35.188952], [-80.772627, 35.189316], [-80.772516, 35.18948], [-80.772383, 35.189676], [-80.77202, 35.190188], [-80.771677, 35.190691], [-80.771649, 35.19073], [-80.771599, 35.190802], [-80.771577, 35.190833], [-80.771503, 35.19093], [-80.771425, 35.191025], [-80.771342, 35.191118], [-80.771266, 35.191191], [-80.771187, 35.191262], [-80.771103, 35.191329], [-80.770961, 35.191433], [-80.770816, 35.191533], [-80.770731, 35.191589], [-80.770643, 35.191641], [-80.770552, 35.191691], [-80.770494, 35.191718], [-80.770477, 35.191727], [-80.770222, 35.191845], [-80.770203, 35.191854], [-80.76987, 35.192006], [-80.76928, 35.192283], [-80.769119, 35.192358], [-80.768289, 35.192735], [-80.767926, 35.192944], [-80.767678, 35.193151], [-80.767107, 35.193616], [-80.766525, 35.194084], [-80.766052, 35.194428], [-80.765576, 35.194768], [-80.765051, 35.195159], [-80.764694, 35.195403], [-80.764169, 35.195857], [-80.76353, 35.196362], [-80.7634, 35.196433], [-80.763275, 35.196508], [-80.763153, 35.196589], [-80.763037, 35.196673], [-80.762925, 35.196763], [-80.762701, 35.196947], [-80.761621, 35.197829], [-80.76161, 35.197838], [-80.76158, 35.197861], [-80.761551, 35.197885], [-80.761522, 35.197909], [-80.761494, 35.197934], [-80.761466, 35.197959], [-80.761439, 35.197985], [-80.761412, 35.198011], [-80.761386, 35.198037], [-80.761361, 35.198064], [-80.761336, 35.198091], [-80.761312, 35.198118], [-80.761288, 35.198146], [-80.761265, 35.198174], [-80.761242, 35.198202], [-80.76122, 35.198231], [-80.761199, 35.19826], [-80.761178, 35.198289], [-80.761158, 35.198319], [-80.761139, 35.198348], [-80.76112, 35.198379], [-80.761102, 35.198409], [-80.761084, 35.19844], [-80.761067, 35.198471], [-80.761051, 35.198502], [-80.761035, 35.198533], [-80.76102, 35.198565], [-80.761006, 35.198596], [-80.760993, 35.198628], [-80.76098, 35.198661], [-80.760968, 35.198693], [-80.760956, 35.198725], [-80.760945, 35.198758], [-80.760935, 35.198791], [-80.760926, 35.198824], [-80.760917, 35.198857], [-80.760909, 35.19889], [-80.760902, 35.198924], [-80.760891, 35.198982], [-80.760833, 35.199519], [-80.76064, 35.2013], [-80.760584, 35.201723], [-80.760563, 35.201881], [-80.760521, 35.202274], [-80.760503, 35.20241], [-80.760492, 35.202483], [-80.760479, 35.202556], [-80.760464, 35.202629], [-80.760448, 35.202701], [-80.76043, 35.202773], [-80.760411, 35.202845], [-80.76039, 35.202917], [-80.760368, 35.202988], [-80.760344, 35.203059], [-80.760318, 35.20313], [-80.760291, 35.2032], [-80.76009, 35.203757], [-80.760067, 35.203824], [-80.75983, 35.204539], [-80.759801, 35.204613], [-80.759765, 35.204695], [-80.759723, 35.204776], [-80.759676, 35.204854], [-80.759625, 35.204931], [-80.759569, 35.205005], [-80.759509, 35.205077], [-80.759401, 35.205201], [-80.759122, 35.205483], [-80.758491, 35.206167], [-80.758475, 35.206188], [-80.758413, 35.206274], [-80.758355, 35.206361], [-80.758303, 35.206451], [-80.758255, 35.206542], [-80.758212, 35.206635], [-80.758174, 35.206729], [-80.758141, 35.206825], [-80.758056, 35.207095], [-80.757964, 35.207385], [-80.757771, 35.207986], [-80.757656, 35.208328], [-80.757573, 35.208571], [-80.757562, 35.208603], [-80.757232, 35.209576], [-80.757143, 35.20987], [-80.757127, 35.209923], [-80.756835, 35.210769], [-80.756302, 35.212311], [-80.756085, 35.21294], [-80.755761, 35.213843], [-80.754891, 35.216326], [-80.754644, 35.21703], [-80.754613, 35.21712], [-80.754587, 35.217194], [-80.754558, 35.217268], [-80.754528, 35.217342], [-80.754496, 35.217414], [-80.754463, 35.217487], [-80.754428, 35.217559], [-80.754392, 35.21763], [-80.754354, 35.217701], [-80.754314, 35.217772], [-80.754274, 35.217841], [-80.754231, 35.217911], [-80.754207, 35.21795], [-80.754188, 35.217979], [-80.754143, 35.218047], [-80.754096, 35.218115], [-80.754048, 35.218181], [-80.753998, 35.218247], [-80.753947, 35.218312], [-80.753895, 35.218377], [-80.753841, 35.21844], [-80.753786, 35.218503], [-80.75373, 35.218566], [-80.753097, 35.21929], [-80.752878, 35.21954], [-80.752076, 35.220458], [-80.752057, 35.22048], [-80.750895, 35.221806], [-80.750086, 35.22273], [-80.749841, 35.22301], [-80.749207, 35.223748], [-80.748961, 35.224035], [-80.748699, 35.224333], [-80.748639, 35.224405], [-80.74859, 35.224459], [-80.748543, 35.224513], [-80.748497, 35.224568], [-80.748453, 35.224624], [-80.748409, 35.22468], [-80.748367, 35.224738], [-80.748326, 35.224795], [-80.748286, 35.224853], [-80.748248, 35.224912], [-80.74821, 35.224972], [-80.748174, 35.225031], [-80.748139, 35.225092], [-80.748089, 35.225184], [-80.747263, 35.226624], [-80.746662, 35.227674], [-80.74661, 35.227741], [-80.746577, 35.22778], [-80.746544, 35.22782], [-80.74651, 35.227858], [-80.746475, 35.227896], [-80.746439, 35.227934], [-80.746402, 35.227971], [-80.746364, 35.228008], [-80.746326, 35.228044], [-80.746287, 35.228079], [-80.746247, 35.228114], [-80.746207, 35.228148], [-80.746165, 35.228182], [-80.746123, 35.228215], [-80.746081, 35.228248], [-80.746037, 35.22828], [-80.745993, 35.228311], [-80.745948, 35.228342], [-80.745903, 35.228372], [-80.745857, 35.228401], [-80.74581, 35.22843], [-80.745763, 35.228458], [-80.745716, 35.228486], [-80.745667, 35.228512], [-80.745618, 35.228538], [-80.745568, 35.228563], [-80.745519, 35.228588], [-80.745468, 35.228612], [-80.745417, 35.228635], [-80.745366, 35.228658], [-80.745314, 35.228679], [-80.745261, 35.2287], [-80.744324, 35.229051], [-80.743428, 35.229386], [-80.743367, 35.229413], [-80.743306, 35.229442], [-80.743246, 35.229472], [-80.743187, 35.229502], [-80.743128, 35.229533], [-80.743069, 35.229565], [-80.743012, 35.229597], [-80.742955, 35.229631], [-80.742899, 35.229665], [-80.742844, 35.2297], [-80.742738, 35.229772], [-80.74244, 35.229984], [-80.742337, 35.230055], [-80.741745, 35.230465], [-80.741184, 35.230855], [-80.740784, 35.231134], [-80.740293, 35.231476], [-80.739747, 35.23185], [-80.739721, 35.231869], [-80.73964, 35.231933], [-80.739563, 35.232001], [-80.73949, 35.232071], [-80.739421, 35.232144], [-80.739356, 35.23222], [-80.739295, 35.232298], [-80.739239, 35.232378], [-80.739198, 35.232448], [-80.739151, 35.232535], [-80.739148, 35.232541], [-80.739126, 35.232588], [-80.739103, 35.232637], [-80.739069, 35.232732], [-80.739025, 35.232869], [-80.738869, 35.233426], [-80.738726, 35.233922], [-80.738511, 35.234648], [-80.738364, 35.235182], [-80.738363, 35.235188], [-80.73831, 35.235382], [-80.738245, 35.235599], [-80.737895, 35.236914], [-80.737675, 35.237509]], [[-80.737675, 35.237509], [-80.73748, 35.23788], [-80.737419, 35.237986], [-80.737271, 35.238135]], [[-80.737675, 35.237509], [-80.737687, 35.237877], [-80.737696, 35.238145], [-80.737715, 35.238339], [-80.737769, 35.238791], [-80.737781, 35.238951]]]}}, {"type": "Feature", "properties": {"name": "N Tryon St", "ksi": 43, "fatal": 22, "serious": 21, "ped": 13, "bike": 2, "miles": 11.48, "per_mile": 3.7}, "geometry": {"type": "MultiLineString", "coordinates": [[[-80.843083, 35.2272], [-80.841945, 35.227995], [-80.840835, 35.228773], [-80.839784, 35.229506], [-80.838736, 35.230246], [-80.837661, 35.231013], [-80.836836, 35.231599], [-80.836484, 35.231851], [-80.835541, 35.232534], [-80.835098, 35.232863], [-80.835006, 35.232923], [-80.834972, 35.232947], [-80.834816, 35.23305], [-80.83474, 35.233101], [-80.834623, 35.23319], [-80.834536, 35.233253], [-80.834448, 35.233316], [-80.834046, 35.233642], [-80.83393, 35.233751], [-80.83391, 35.233772], [-80.833849, 35.233837], [-80.833536, 35.234094], [-80.833465, 35.234153], [-80.833186, 35.234379], [-80.833002, 35.234541], [-80.832316, 35.235014], [-80.832118, 35.235169], [-80.831962, 35.235291], [-80.831714, 35.235486], [-80.831174, 35.235934], [-80.83087, 35.236186], [-80.830693, 35.236332], [-80.830368, 35.2366], [-80.82988, 35.236983], [-80.829874, 35.236989], [-80.829852, 35.237005], [-80.829766, 35.237078], [-80.829712, 35.237124], [-80.829501, 35.2373], [-80.829451, 35.237343], [-80.829357, 35.237422], [-80.828951, 35.237749], [-80.828577, 35.238035], [-80.828211, 35.238312], [-80.827712, 35.238678], [-80.827197, 35.239085], [-80.826814, 35.239404], [-80.826803, 35.239413], [-80.82586, 35.240176], [-80.824887, 35.240966], [-80.824791, 35.24105], [-80.823909, 35.241732], [-80.823713, 35.241893], [-80.823395, 35.242156], [-80.822804, 35.242691], [-80.822328, 35.243121], [-80.821851, 35.243564], [-80.821806, 35.243606], [-80.821284, 35.244092], [-80.820751, 35.244566], [-80.820683, 35.24463], [-80.820405, 35.24488], [-80.820308, 35.24497], [-80.8201, 35.245162], [-80.819896, 35.245349], [-80.819784, 35.245451], [-80.819565, 35.24565], [-80.819488, 35.245719], [-80.819291, 35.2459], [-80.819015, 35.246157], [-80.81891, 35.246247], [-80.818813, 35.246341], [-80.818506, 35.246616], [-80.818139, 35.246938], [-80.818013, 35.24705], [-80.817906, 35.24714], [-80.817883, 35.247159], [-80.817775, 35.247245], [-80.817441, 35.247505], [-80.817171, 35.247724], [-80.816947, 35.247901], [-80.816847, 35.24798], [-80.816266, 35.248441], [-80.816075, 35.248592], [-80.815812, 35.248811], [-80.815549, 35.249032], [-80.815055, 35.249422], [-80.814745, 35.249663], [-80.814584, 35.249788], [-80.814228, 35.250044], [-80.813871, 35.250261], [-80.813864, 35.250266], [-80.81372, 35.250348], [-80.813573, 35.250426], [-80.813423, 35.250501], [-80.813158, 35.250629], [-80.812972, 35.250715], [-80.81294, 35.25073], [-80.812719, 35.250828], [-80.812496, 35.250921], [-80.81227, 35.251011], [-80.811783, 35.251213], [-80.811279, 35.251441], [-80.810919, 35.2516], [-80.810469, 35.251795], [-80.810265, 35.251884], [-80.808131, 35.252811], [-80.806451, 35.253542], [-80.806314, 35.253608], [-80.806219, 35.253651], [-80.806122, 35.253693], [-80.806026, 35.253734], [-80.805928, 35.253774], [-80.805829, 35.253811], [-80.805729, 35.253848], [-80.805629, 35.253883], [-80.805528, 35.253917], [-80.805427, 35.253949], [-80.805325, 35.25398], [-80.805222, 35.254009], [-80.805209, 35.254013], [-80.805118, 35.254037], [-80.805014, 35.254063], [-80.80491, 35.254088], [-80.804805, 35.254112], [-80.804699, 35.254134], [-80.804593, 35.254154], [-80.804486, 35.254173], [-80.804379, 35.25419], [-80.804272, 35.254206], [-80.803901, 35.25427], [-80.802001, 35.254599], [-80.801052, 35.254811], [-80.800987, 35.25483], [-80.800923, 35.254849], [-80.800858, 35.254869], [-80.800795, 35.25489], [-80.800757, 35.254902], [-80.800732, 35.254911], [-80.800669, 35.254934], [-80.800606, 35.254958], [-80.800545, 35.254982], [-80.800484, 35.255007], [-80.800423, 35.255034], [-80.800363, 35.255061], [-80.800303, 35.255089], [-80.800244, 35.255118], [-80.800185, 35.255148], [-80.798814, 35.256021], [-80.798391, 35.25629], [-80.797966, 35.256561], [-80.797611, 35.256766], [-80.796549, 35.257447], [-80.796432, 35.257536], [-80.796361, 35.257586], [-80.79629, 35.257635], [-80.796217, 35.257684], [-80.796144, 35.257731], [-80.796069, 35.257777], [-80.795994, 35.257822], [-80.795918, 35.257866], [-80.795841, 35.257909], [-80.795763, 35.257951], [-80.795684, 35.257992], [-80.795604, 35.258031], [-80.795523, 35.25807], [-80.795441, 35.258107], [-80.795359, 35.258143], [-80.795276, 35.258178], [-80.795192, 35.258212], [-80.795108, 35.258244], [-80.795023, 35.258276], [-80.794937, 35.258306], [-80.794765, 35.258342], [-80.794649, 35.258367], [-80.794482, 35.258397], [-80.794381, 35.258413], [-80.794279, 35.258427], [-80.794177, 35.258441], [-80.794076, 35.258452], [-80.793973, 35.258462], [-80.793871, 35.258471], [-80.793768, 35.258478], [-80.793665, 35.258484], [-80.793562, 35.258489], [-80.79346, 35.258492], [-80.793357, 35.258493], [-80.793254, 35.258493], [-80.792752, 35.25846], [-80.792689, 35.258458], [-80.792625, 35.258455], [-80.792401, 35.258447], [-80.791415, 35.258399], [-80.791082, 35.258383], [-80.790841, 35.258372], [-80.790148, 35.258343], [-80.789462, 35.258311], [-80.788934, 35.258289], [-80.788763, 35.258282], [-80.788448, 35.258269], [-80.787873, 35.258255], [-80.787549, 35.258241], [-80.787404, 35.258235], [-80.786792, 35.258211], [-80.786298, 35.258189], [-80.785522, 35.258151], [-80.784548, 35.258111], [-80.784234, 35.258098], [-80.783695, 35.258077], [-80.783284, 35.25805], [-80.78316, 35.258042], [-80.782965, 35.258036], [-80.78277, 35.258034], [-80.782575, 35.258037], [-80.782381, 35.258044], [-80.782186, 35.258055], [-80.781992, 35.258071], [-80.781971, 35.258073], [-80.781799, 35.258091], [-80.781723, 35.2581], [-80.781238, 35.25817], [-80.781115, 35.258193], [-80.780988, 35.258217], [-80.780697, 35.258281], [-80.780494, 35.258324], [-80.780292, 35.258371], [-80.780092, 35.258422], [-80.779893, 35.258478], [-80.779829, 35.258497], [-80.779627, 35.25856], [-80.779426, 35.258627], [-80.779228, 35.258698], [-80.779032, 35.258773], [-80.778839, 35.258852], [-80.778648, 35.258935], [-80.778511, 35.258997], [-80.778425, 35.259034], [-80.77834, 35.259071], [-80.778255, 35.25911], [-80.778172, 35.25915], [-80.778089, 35.259191], [-80.778007, 35.259234], [-80.777927, 35.259277], [-80.777847, 35.259322], [-80.777718, 35.259398], [-80.777328, 35.259638], [-80.77503, 35.261052], [-80.774631, 35.261297], [-80.77349, 35.261999], [-80.773264, 35.262138], [-80.773163, 35.2622], [-80.772749, 35.262464], [-80.772313, 35.262748], [-80.772279, 35.262772], [-80.772155, 35.262859], [-80.772061, 35.262926], [-80.771734, 35.263167], [-80.771497, 35.263348], [-80.771264, 35.263536], [-80.771043, 35.263738], [-80.770892, 35.263866], [-80.77073, 35.264014], [-80.77056, 35.264179], [-80.770387, 35.264353], [-80.770172, 35.264582], [-80.769983, 35.264798], [-80.769608, 35.26527], [-80.769388, 35.265587], [-80.769108, 35.266], [-80.769088, 35.266036], [-80.768892, 35.266387], [-80.768765, 35.266652], [-80.768657, 35.266879], [-80.768553, 35.267107], [-80.768454, 35.267336], [-80.768425, 35.267408], [-80.768419, 35.267423], [-80.76831, 35.267748], [-80.768177, 35.268194], [-80.768075, 35.268611], [-80.767926, 35.26935], [-80.767631, 35.270896], [-80.767193, 35.272934], [-80.766905, 35.274343], [-80.76681, 35.274807], [-80.766587, 35.275996], [-80.76636, 35.277001], [-80.766134, 35.278255], [-80.766059, 35.278604], [-80.765963, 35.279044], [-80.765729, 35.280068], [-80.765534, 35.280741], [-80.765526, 35.280764], [-80.765432, 35.281019], [-80.765332, 35.281271], [-80.765224, 35.281522], [-80.765109, 35.28177], [-80.764987, 35.282016], [-80.764858, 35.282259], [-80.764722, 35.282501], [-80.764581, 35.282735], [-80.764433, 35.282967], [-80.76428, 35.283196], [-80.764119, 35.283423], [-80.76397, 35.283622], [-80.763816, 35.283819], [-80.763569, 35.284113], [-80.763317, 35.284403], [-80.763058, 35.28469], [-80.762812, 35.284955], [-80.762562, 35.285217], [-80.762306, 35.285476], [-80.762034, 35.285744], [-80.761757, 35.286008], [-80.761475, 35.286269], [-80.761218, 35.2865], [-80.760101, 35.287587], [-80.758751, 35.288863], [-80.758554, 35.289032], [-80.758361, 35.289206], [-80.758173, 35.289382], [-80.757989, 35.289562], [-80.757777, 35.289781], [-80.757571, 35.290005], [-80.757372, 35.290232], [-80.757181, 35.290464], [-80.756997, 35.2907], [-80.756875, 35.290875], [-80.756759, 35.291053], [-80.75665, 35.291233], [-80.756546, 35.291416], [-80.756449, 35.291601], [-80.756359, 35.291789], [-80.756275, 35.291978], [-80.756197, 35.292169], [-80.756013, 35.292652], [-80.755167, 35.295368], [-80.755147, 35.295432], [-80.754656, 35.297066], [-80.754294, 35.298256], [-80.754268, 35.29834], [-80.754218, 35.298505], [-80.7542, 35.29856], [-80.754146, 35.298725], [-80.754096, 35.298867], [-80.754042, 35.299009], [-80.753986, 35.29915], [-80.753926, 35.29929], [-80.753863, 35.299429], [-80.753798, 35.299567], [-80.75373, 35.299704], [-80.753658, 35.299841], [-80.753584, 35.299976], [-80.753507, 35.30011], [-80.753427, 35.300243], [-80.753345, 35.300375], [-80.753286, 35.300455], [-80.752962, 35.300924], [-80.752465, 35.301636], [-80.7514, 35.303236], [-80.749721, 35.305756], [-80.748811, 35.307167], [-80.748343, 35.307691], [-80.748158, 35.307868], [-80.745747, 35.310178], [-80.743128, 35.312647], [-80.742938, 35.312819], [-80.742264, 35.313482], [-80.740931, 35.314794], [-80.74049, 35.315198], [-80.740183, 35.315479], [-80.737473, 35.318096], [-80.737355, 35.318209], [-80.734059, 35.321387], [-80.732158, 35.323217], [-80.730185, 35.325079], [-80.729586, 35.325644], [-80.727237, 35.327913], [-80.726997, 35.328143], [-80.726397, 35.328718], [-80.725903, 35.329181], [-80.725305, 35.329749], [-80.724255, 35.330763], [-80.723503, 35.33148], [-80.723436, 35.331545]], [[-80.719701, 35.334147], [-80.719667, 35.334162], [-80.719603, 35.334189], [-80.719163, 35.334354], [-80.718624, 35.334518], [-80.718287, 35.334623], [-80.718098, 35.334682], [-80.71705, 35.335], [-80.716607, 35.335134], [-80.716305, 35.335211], [-80.715992, 35.335296], [-80.715678, 35.335381], [-80.715341, 35.335467], [-80.715003, 35.335548], [-80.714662, 35.335624], [-80.712482, 35.336034], [-80.7122, 35.336087], [-80.712193, 35.336089], [-80.712192, 35.336089], [-80.709749, 35.336549], [-80.709644, 35.336569], [-80.709539, 35.33659], [-80.709434, 35.336613], [-80.70933, 35.336638], [-80.709227, 35.336664], [-80.709124, 35.336692], [-80.708921, 35.336752], [-80.70872, 35.336817], [-80.708522, 35.336888], [-80.708326, 35.336965], [-80.708134, 35.337047], [-80.707947, 35.337135], [-80.707762, 35.337228], [-80.707486, 35.337376], [-80.707258, 35.337512], [-80.706971, 35.337694], [-80.706683, 35.337893], [-80.706041, 35.338341], [-80.704786, 35.339181], [-80.704186, 35.339583]]]}}, {"type": "Feature", "properties": {"name": "Nations Ford Rd", "ksi": 12, "fatal": 2, "serious": 10, "ped": 3, "bike": 0, "miles": 6.84, "per_mile": 1.8}, "geometry": {"type": "LineString", "coordinates": [[-80.890959, 35.178959], [-80.891043, 35.178699], [-80.89108, 35.178449], [-80.89113, 35.178159], [-80.891155, 35.177969], [-80.891162, 35.177927], [-80.891185, 35.177777], [-80.891218, 35.177529], [-80.891212, 35.177431], [-80.891218, 35.177293], [-80.891218, 35.177268], [-80.891217, 35.177161], [-80.891211, 35.177054], [-80.891199, 35.176947], [-80.891181, 35.17682], [-80.891141, 35.176554], [-80.891125, 35.176446], [-80.891073, 35.176078], [-80.89106, 35.175985], [-80.890976, 35.175417], [-80.890897, 35.174891], [-80.890811, 35.174336], [-80.890778, 35.174115], [-80.890728, 35.173777], [-80.890666, 35.173351], [-80.890614, 35.172995], [-80.890563, 35.172639], [-80.89052, 35.17226], [-80.890507, 35.172107], [-80.890506, 35.172087], [-80.890504, 35.171976], [-80.890505, 35.171864], [-80.890513, 35.171753], [-80.890526, 35.171642], [-80.890533, 35.171608], [-80.890559, 35.171502], [-80.890591, 35.171396], [-80.890628, 35.171292], [-80.89067, 35.171189], [-80.890783, 35.170959], [-80.89094, 35.170651], [-80.891138, 35.170276], [-80.89119, 35.170179], [-80.891473, 35.169656], [-80.891524, 35.169559], [-80.891686, 35.16925], [-80.891824, 35.168986], [-80.891983, 35.168696], [-80.892059, 35.168552], [-80.892149, 35.168364], [-80.892289, 35.168104], [-80.892413, 35.167874], [-80.892551, 35.167629], [-80.89263, 35.167506], [-80.892842, 35.167183], [-80.892893, 35.167105], [-80.893021, 35.166905], [-80.893153, 35.166701], [-80.893313, 35.166454], [-80.89351, 35.166176], [-80.893619, 35.16602], [-80.893731, 35.165859], [-80.893988, 35.165504], [-80.894103, 35.165342], [-80.894242, 35.165148], [-80.894382, 35.164947], [-80.894469, 35.164822], [-80.894507, 35.164769], [-80.894632, 35.164595], [-80.8947, 35.164506], [-80.894762, 35.164424], [-80.894812, 35.164362], [-80.894897, 35.164254], [-80.895079, 35.164005], [-80.895267, 35.16374], [-80.89559, 35.163313], [-80.895593, 35.163309], [-80.895665, 35.163214], [-80.895698, 35.163168], [-80.895734, 35.163117], [-80.895798, 35.163018], [-80.895881, 35.162882], [-80.895958, 35.162745], [-80.895988, 35.162689], [-80.896036, 35.16259], [-80.89608, 35.162488], [-80.896118, 35.162386], [-80.896151, 35.162282], [-80.896162, 35.162247], [-80.896195, 35.162129], [-80.896224, 35.16201], [-80.896247, 35.161898], [-80.896284, 35.161643], [-80.896306, 35.161502], [-80.89638, 35.160994], [-80.896395, 35.160891], [-80.896425, 35.160684], [-80.896483, 35.160248], [-80.896525, 35.159944], [-80.896575, 35.159683], [-80.896619, 35.159422], [-80.896625, 35.159388], [-80.896658, 35.159134], [-80.896663, 35.159093], [-80.896759, 35.158438], [-80.896841, 35.157856], [-80.896929, 35.15724], [-80.896948, 35.157113], [-80.896993, 35.156805], [-80.897011, 35.156608], [-80.897019, 35.156545], [-80.897075, 35.156148], [-80.897117, 35.155848], [-80.897161, 35.155507], [-80.897242, 35.154945], [-80.897259, 35.154825], [-80.897326, 35.154399], [-80.897397, 35.154013], [-80.897486, 35.153615], [-80.897596, 35.153131], [-80.897636, 35.152941], [-80.897735, 35.152456], [-80.897755, 35.152337], [-80.89776, 35.152305], [-80.89778, 35.152154], [-80.897794, 35.152002], [-80.897807, 35.15182], [-80.897813, 35.151638], [-80.897814, 35.151455], [-80.89781, 35.151273], [-80.897801, 35.15109], [-80.897794, 35.151007], [-80.897779, 35.150894], [-80.897759, 35.150779], [-80.897733, 35.150666], [-80.897703, 35.150554], [-80.897667, 35.150442], [-80.897626, 35.150332], [-80.897516, 35.150078], [-80.897438, 35.149888], [-80.897356, 35.149689], [-80.897329, 35.149623], [-80.897071, 35.149001], [-80.89697, 35.148758], [-80.896657, 35.148001], [-80.896623, 35.147919], [-80.896592, 35.147846], [-80.896407, 35.147396], [-80.896295, 35.147126], [-80.896193, 35.146881], [-80.896175, 35.146836], [-80.89593, 35.146245], [-80.89578, 35.145877], [-80.895374, 35.144882], [-80.895269, 35.144626], [-80.895023, 35.143997], [-80.894863, 35.143597], [-80.894818, 35.143484], [-80.894608, 35.143008], [-80.894564, 35.142894], [-80.89451, 35.142746], [-80.894462, 35.142597], [-80.894434, 35.142495], [-80.894412, 35.142392], [-80.894395, 35.142288], [-80.894382, 35.142184], [-80.894376, 35.14208], [-80.894374, 35.141975], [-80.894401, 35.141737], [-80.894415, 35.141611], [-80.894449, 35.141265], [-80.89445, 35.141221], [-80.894446, 35.14114], [-80.894444, 35.141115], [-80.894438, 35.141059], [-80.894424, 35.140979], [-80.894405, 35.1409], [-80.894381, 35.140822], [-80.894351, 35.140744], [-80.894317, 35.140668], [-80.894178, 35.140357], [-80.894, 35.13996], [-80.893808, 35.13953], [-80.893803, 35.139517], [-80.89377, 35.139432], [-80.893732, 35.139349], [-80.893688, 35.139267], [-80.89364, 35.139187], [-80.893587, 35.13911], [-80.89353, 35.139034], [-80.89351, 35.13901], [-80.893468, 35.138961], [-80.893402, 35.13889], [-80.893238, 35.138742], [-80.892883, 35.13842], [-80.892603, 35.138133], [-80.892594, 35.138123], [-80.892545, 35.138066], [-80.892526, 35.138044], [-80.892462, 35.137961], [-80.892402, 35.137877], [-80.892347, 35.137791], [-80.892297, 35.137702], [-80.892169, 35.137447], [-80.892148, 35.137401], [-80.892118, 35.137333], [-80.892101, 35.137281], [-80.892046, 35.137145], [-80.892002, 35.137015], [-80.891963, 35.136883], [-80.891957, 35.136858], [-80.891933, 35.136744], [-80.891913, 35.13663], [-80.891899, 35.136514], [-80.89189, 35.136398], [-80.891861, 35.135851], [-80.891848, 35.13554], [-80.891845, 35.135474], [-80.891825, 35.135147], [-80.891824, 35.13481], [-80.89182, 35.134579], [-80.891808, 35.134174], [-80.891796, 35.133954], [-80.891795, 35.133946], [-80.89177, 35.133488], [-80.89177, 35.133154], [-80.891765, 35.132909], [-80.891762, 35.132746], [-80.891751, 35.132493], [-80.891743, 35.132073], [-80.891745, 35.131744], [-80.89176, 35.131381], [-80.891775, 35.131194], [-80.891785, 35.13114], [-80.891789, 35.13112], [-80.891811, 35.13102], [-80.891839, 35.130922], [-80.891872, 35.130824], [-80.892005, 35.13048], [-80.892149, 35.130102], [-80.892213, 35.129944], [-80.892495, 35.129236], [-80.892618, 35.128963], [-80.892713, 35.128752], [-80.89273, 35.128715], [-80.892779, 35.128617], [-80.892834, 35.12852], [-80.892893, 35.128426], [-80.892957, 35.128333], [-80.893025, 35.128243], [-80.893069, 35.128185], [-80.893118, 35.12813], [-80.89317, 35.128077], [-80.893227, 35.128027], [-80.893281, 35.127985], [-80.893287, 35.12798], [-80.893351, 35.127936], [-80.893418, 35.127896], [-80.893618, 35.12778], [-80.893631, 35.127772], [-80.893718, 35.127724], [-80.893807, 35.12768], [-80.893899, 35.12764], [-80.893993, 35.127604], [-80.89409, 35.127572], [-80.894176, 35.127546], [-80.89429, 35.127517], [-80.894407, 35.127491], [-80.894524, 35.12747], [-80.894643, 35.127453], [-80.894986, 35.127409], [-80.895307, 35.127359], [-80.895378, 35.127348], [-80.895534, 35.12732], [-80.895689, 35.127289], [-80.895923, 35.127232], [-80.895962, 35.127222], [-80.896073, 35.12719], [-80.896182, 35.127154], [-80.89629, 35.127114], [-80.896443, 35.127054], [-80.896593, 35.12699], [-80.896741, 35.126922], [-80.897105, 35.126758], [-80.897308, 35.126669], [-80.89757, 35.126553], [-80.898028, 35.126344], [-80.898424, 35.126168], [-80.898735, 35.126032], [-80.899081, 35.12588], [-80.899344, 35.125762], [-80.899498, 35.125694], [-80.8996, 35.125647], [-80.899696, 35.125596], [-80.899814, 35.125522], [-80.899915, 35.125449], [-80.900005, 35.125372], [-80.900098, 35.125281], [-80.90021, 35.125163], [-80.900375, 35.124964], [-80.900633, 35.124657], [-80.900981, 35.124247], [-80.901224, 35.123962], [-80.901359, 35.123809], [-80.901467, 35.123686], [-80.901604, 35.12353], [-80.901729, 35.123375], [-80.901843, 35.123229], [-80.901953, 35.123084], [-80.902038, 35.122962], [-80.902156, 35.12279], [-80.902179, 35.122757], [-80.902307, 35.122547], [-80.902317, 35.12253], [-80.902483, 35.122228], [-80.902719, 35.121732], [-80.902838, 35.121499], [-80.902981, 35.121219], [-80.903148, 35.120883], [-80.903156, 35.120867], [-80.903236, 35.120702], [-80.903707, 35.119734], [-80.903961, 35.119284], [-80.904169, 35.11897], [-80.904321, 35.11878], [-80.904453, 35.118642], [-80.904713, 35.118423], [-80.904988, 35.118231], [-80.905614, 35.117909], [-80.9067, 35.11738], [-80.907032, 35.117214], [-80.907691, 35.116897], [-80.907896, 35.116799], [-80.908272, 35.116617], [-80.908443, 35.116532], [-80.90846, 35.116523], [-80.90861, 35.116444], [-80.908731, 35.116381], [-80.908863, 35.116311], [-80.908969, 35.116251], [-80.909056, 35.116202], [-80.909148, 35.116147], [-80.909281, 35.116067], [-80.909413, 35.115986], [-80.909521, 35.115918], [-80.909687, 35.115812], [-80.909915, 35.115675], [-80.910149, 35.115537], [-80.910352, 35.115412], [-80.91068, 35.115208], [-80.911088, 35.114955], [-80.911453, 35.114724], [-80.911712, 35.114562], [-80.911766, 35.114528], [-80.91199, 35.114389], [-80.912276, 35.114209], [-80.912486, 35.114079], [-80.912583, 35.11402], [-80.912633, 35.113989], [-80.912722, 35.113935], [-80.91283, 35.113869], [-80.912909, 35.113818], [-80.91301, 35.113746], [-80.913094, 35.113681], [-80.913173, 35.113619], [-80.913268, 35.113536], [-80.913389, 35.113416], [-80.913595, 35.113214], [-80.913743, 35.11306], [-80.914187, 35.112596], [-80.915073, 35.111694], [-80.915293, 35.111448], [-80.915479, 35.11125], [-80.915513, 35.111217], [-80.915701, 35.110967], [-80.915904, 35.110626], [-80.915978, 35.110432], [-80.916026, 35.110244], [-80.916046, 35.110021], [-80.916032, 35.109816], [-80.916001, 35.109597], [-80.915749, 35.108373], [-80.915708, 35.108166], [-80.915642, 35.10784], [-80.915571, 35.107475], [-80.915503, 35.107123], [-80.915451, 35.106855], [-80.915406, 35.106635], [-80.915382, 35.106509], [-80.915364, 35.106397], [-80.915361, 35.106374], [-80.915353, 35.106295], [-80.915348, 35.106193], [-80.915345, 35.106086], [-80.915349, 35.105982], [-80.91536, 35.105862], [-80.915379, 35.105761], [-80.9154, 35.105661], [-80.91543, 35.105549], [-80.915486, 35.105365], [-80.915563, 35.105126], [-80.915666, 35.10481], [-80.915782, 35.104455], [-80.915923, 35.104019], [-80.916073, 35.103565], [-80.916116, 35.10343], [-80.916193, 35.103193], [-80.916309, 35.102833], [-80.916422, 35.102471], [-80.916536, 35.102107], [-80.916638, 35.101784], [-80.91674, 35.10145], [-80.916827, 35.101174], [-80.916929, 35.100846], [-80.917015, 35.10057], [-80.917039, 35.100493], [-80.917125, 35.100227], [-80.917169, 35.100088], [-80.917215, 35.099945], [-80.917298, 35.09967], [-80.917391, 35.09937], [-80.917481, 35.099082], [-80.917588, 35.098752], [-80.917688, 35.098433], [-80.917784, 35.09813], [-80.917884, 35.097811], [-80.918004, 35.097435], [-80.918103, 35.097128], [-80.918241, 35.096697], [-80.918369, 35.096293], [-80.918519, 35.095821], [-80.918649, 35.095404], [-80.918718, 35.095189], [-80.918841, 35.094803], [-80.918911, 35.094582], [-80.919061, 35.094097], [-80.91924, 35.093526], [-80.919431, 35.09292], [-80.919668, 35.092165], [-80.919681, 35.092124], [-80.91979, 35.091779]]}}, {"type": "Feature", "properties": {"name": "Old Concord Rd", "ksi": 9, "fatal": 5, "serious": 4, "ped": 3, "bike": 1, "miles": 4.43, "per_mile": 2.0}, "geometry": {"type": "LineString", "coordinates": [[-80.772155, 35.262859], [-80.771981, 35.262678], [-80.771878, 35.262605], [-80.771709, 35.262532], [-80.771528, 35.262504], [-80.771325, 35.262496], [-80.771144, 35.262503], [-80.77107, 35.262506], [-80.770788, 35.262526], [-80.770603, 35.26254], [-80.769204, 35.262639], [-80.768433, 35.262693], [-80.767309, 35.262768], [-80.766907, 35.262793], [-80.766481, 35.262819], [-80.765997, 35.262855], [-80.765747, 35.262869], [-80.765461, 35.262896], [-80.764309, 35.262981], [-80.763858, 35.263013], [-80.763549, 35.263036], [-80.763125, 35.263064], [-80.763043, 35.26307], [-80.762241, 35.263127], [-80.761978, 35.263149], [-80.761928, 35.263153], [-80.761295, 35.263204], [-80.760569, 35.263248], [-80.760331, 35.263262], [-80.760252, 35.263268], [-80.760097, 35.263279], [-80.759649, 35.263331], [-80.759522, 35.26335], [-80.759365, 35.263376], [-80.759155, 35.263416], [-80.759024, 35.263444], [-80.758863, 35.263484], [-80.75861, 35.263549], [-80.758167, 35.263662], [-80.757754, 35.263773], [-80.757286, 35.263898], [-80.756619, 35.264074], [-80.755854, 35.264277], [-80.755127, 35.264471], [-80.754667, 35.264593], [-80.754564, 35.26462], [-80.754445, 35.264651], [-80.753698, 35.264849], [-80.752853, 35.265072], [-80.752723, 35.265107], [-80.752036, 35.265289], [-80.751294, 35.265485], [-80.750787, 35.265619], [-80.75063, 35.265661], [-80.749877, 35.26586], [-80.749505, 35.265958], [-80.749021, 35.266087], [-80.748787, 35.26615], [-80.748527, 35.266229], [-80.74827, 35.266315], [-80.748016, 35.266406], [-80.747765, 35.266504], [-80.747518, 35.266608], [-80.747285, 35.266711], [-80.747055, 35.26682], [-80.74683, 35.266934], [-80.746608, 35.267054], [-80.74639, 35.267178], [-80.746177, 35.267308], [-80.745989, 35.267421], [-80.745806, 35.26754], [-80.745627, 35.267664], [-80.745454, 35.267792], [-80.745286, 35.267926], [-80.745116, 35.268068], [-80.744942, 35.268207], [-80.744763, 35.268341], [-80.744579, 35.268472], [-80.744374, 35.26861], [-80.744111, 35.268786], [-80.743844, 35.268957], [-80.743572, 35.269123], [-80.74339, 35.269233], [-80.743211, 35.269347], [-80.743036, 35.269464], [-80.742865, 35.269585], [-80.742698, 35.269709], [-80.742544, 35.269834], [-80.742396, 35.269963], [-80.742252, 35.270095], [-80.742112, 35.27023], [-80.741978, 35.270369], [-80.741849, 35.270511], [-80.74172, 35.270656], [-80.741598, 35.270804], [-80.741482, 35.270956], [-80.741373, 35.271111], [-80.74073, 35.272064], [-80.740023, 35.27311], [-80.739013, 35.274606], [-80.738938, 35.274717], [-80.738686, 35.275094], [-80.738304, 35.275661], [-80.738004, 35.276102], [-80.737731, 35.276507], [-80.737572, 35.276745], [-80.737272, 35.277197], [-80.737255, 35.277224], [-80.736958, 35.277657], [-80.736566, 35.278235], [-80.736379, 35.278506], [-80.736254, 35.278687], [-80.73624, 35.278707], [-80.735954, 35.279142], [-80.735925, 35.279187], [-80.735815, 35.279355], [-80.735639, 35.279615], [-80.735561, 35.279732], [-80.735373, 35.280008], [-80.735347, 35.280046], [-80.735166, 35.280313], [-80.734893, 35.280719], [-80.734601, 35.281149], [-80.734206, 35.281737], [-80.734048, 35.281971], [-80.734007, 35.282031], [-80.733878, 35.28222], [-80.733756, 35.2824], [-80.733348, 35.283], [-80.733041, 35.283456], [-80.732954, 35.283584], [-80.732754, 35.28388], [-80.732486, 35.284278], [-80.732403, 35.284401], [-80.731964, 35.285055], [-80.73175, 35.285374], [-80.731548, 35.285676], [-80.73141, 35.285881], [-80.731158, 35.286264], [-80.731055, 35.286429], [-80.730841, 35.286797], [-80.730682, 35.287079], [-80.730618, 35.287205], [-80.730546, 35.287348], [-80.730439, 35.28756], [-80.73026, 35.28788], [-80.730061, 35.288215], [-80.729853, 35.288586], [-80.729594, 35.289043], [-80.729335, 35.289511], [-80.729115, 35.289924], [-80.729103, 35.289948], [-80.729042, 35.290067], [-80.728933, 35.290279], [-80.728677, 35.290714], [-80.728591, 35.290861], [-80.728453, 35.291095], [-80.728273, 35.291442], [-80.728135, 35.291741], [-80.728078, 35.291884], [-80.727972, 35.292124], [-80.72786, 35.29237], [-80.72774, 35.292632], [-80.727598, 35.292911], [-80.727545, 35.293025], [-80.727377, 35.293384], [-80.727265, 35.293658], [-80.727184, 35.293818], [-80.727048, 35.294112], [-80.726941, 35.294347], [-80.726867, 35.294505], [-80.7268, 35.29468], [-80.726715, 35.29488], [-80.726581, 35.295163], [-80.726495, 35.295336], [-80.726436, 35.295456], [-80.726345, 35.295647], [-80.726166, 35.296062], [-80.725977, 35.296518], [-80.725825, 35.29688], [-80.725665, 35.297267], [-80.725498, 35.297668], [-80.725342, 35.298043], [-80.725277, 35.298213], [-80.725235, 35.298344], [-80.725214, 35.298404], [-80.725193, 35.29846], [-80.725136, 35.298597], [-80.72506, 35.298773], [-80.72503, 35.29883], [-80.725006, 35.298866], [-80.724983, 35.29891], [-80.724908, 35.299085], [-80.724719, 35.299537], [-80.724614, 35.299789], [-80.724605, 35.299809], [-80.724525, 35.300001], [-80.72446, 35.300157], [-80.724375, 35.30036], [-80.724307, 35.300521], [-80.724252, 35.300651], [-80.724168, 35.300856], [-80.724124, 35.300958], [-80.724074, 35.301076], [-80.724012, 35.301227], [-80.723964, 35.301342], [-80.723911, 35.301468], [-80.723816, 35.301692], [-80.723738, 35.301883], [-80.723663, 35.302059], [-80.723637, 35.30212], [-80.723571, 35.302282], [-80.7235, 35.302455], [-80.723351, 35.302799], [-80.723244, 35.303063], [-80.723161, 35.303266], [-80.723085, 35.303452], [-80.722985, 35.303694], [-80.722963, 35.303784], [-80.722946, 35.303883], [-80.722942, 35.303999], [-80.722947, 35.304098], [-80.722963, 35.304229]]}}, {"type": "Feature", "properties": {"name": "Park Rd", "ksi": 7, "fatal": 2, "serious": 5, "ped": 1, "bike": 0, "miles": 8.71, "per_mile": 0.8}, "geometry": {"type": "MultiLineString", "coordinates": [[[-80.870724, 35.08872], [-80.870814, 35.088086], [-80.870821, 35.088034], [-80.870825, 35.087983], [-80.870827, 35.087872], [-80.870822, 35.087761], [-80.870808, 35.087651], [-80.870786, 35.087541], [-80.870756, 35.087433], [-80.870717, 35.087326], [-80.870671, 35.087222], [-80.870616, 35.08712], [-80.870554, 35.087022], [-80.870485, 35.086926], [-80.870409, 35.086834], [-80.870326, 35.086747], [-80.869888, 35.086304], [-80.869192, 35.08559], [-80.868778, 35.085168], [-80.86871, 35.08509], [-80.868645, 35.085011], [-80.868586, 35.084928], [-80.86853, 35.084843], [-80.868479, 35.084755], [-80.868433, 35.084665], [-80.868392, 35.084574], [-80.868355, 35.084463], [-80.868322, 35.084352], [-80.868295, 35.084239], [-80.867887, 35.082303], [-80.867852, 35.082147], [-80.867825, 35.08202], [-80.867801, 35.081896], [-80.867777, 35.081784], [-80.867755, 35.081671], [-80.867737, 35.081564], [-80.867723, 35.081482], [-80.867712, 35.081396], [-80.8677, 35.081301], [-80.86769, 35.081208], [-80.867684, 35.081121], [-80.867681, 35.081015], [-80.867682, 35.080919], [-80.867684, 35.08089], [-80.867688, 35.080794], [-80.867694, 35.080702], [-80.867706, 35.080583], [-80.86772, 35.080485], [-80.867737, 35.080388], [-80.867751, 35.080315], [-80.867765, 35.080256], [-80.867778, 35.080204], [-80.867802, 35.080106], [-80.867837, 35.079989], [-80.867879, 35.079858], [-80.867941, 35.079708], [-80.867946, 35.079698], [-80.867994, 35.079588], [-80.868035, 35.079495], [-80.86809, 35.079385], [-80.868109, 35.07935], [-80.868154, 35.079262], [-80.868189, 35.079205], [-80.868226, 35.079148], [-80.868305, 35.079031], [-80.868392, 35.078911], [-80.868457, 35.078828], [-80.86854, 35.078723], [-80.868602, 35.078657], [-80.868625, 35.078632], [-80.8687, 35.078553], [-80.868768, 35.078479], [-80.868868, 35.078379], [-80.868944, 35.078305], [-80.869059, 35.0782], [-80.869137, 35.078139], [-80.86923, 35.078066], [-80.869328, 35.077995], [-80.8694, 35.077941], [-80.869479, 35.077887], [-80.869577, 35.077823], [-80.869639, 35.077784], [-80.869712, 35.07774], [-80.869805, 35.077687], [-80.869874, 35.07765], [-80.869945, 35.077612], [-80.870009, 35.07758], [-80.87009, 35.077539], [-80.870179, 35.077502], [-80.870287, 35.077454], [-80.870358, 35.077423], [-80.870435, 35.077393], [-80.870585, 35.07734], [-80.870755, 35.077282], [-80.870943, 35.077223], [-80.871794, 35.07697], [-80.87209, 35.076877], [-80.874739, 35.076053], [-80.874755, 35.076048]], [[-80.852517, 35.203122], [-80.852505, 35.202998], [-80.852453, 35.202593], [-80.852446, 35.202537], [-80.852408, 35.202268], [-80.852359, 35.201877], [-80.852279, 35.201265], [-80.852251, 35.201027], [-80.852214, 35.200718], [-80.852199, 35.200613], [-80.852192, 35.200567], [-80.852185, 35.200516], [-80.85213, 35.200101], [-80.852058, 35.199585], [-80.851981, 35.199032], [-80.85197, 35.19895], [-80.851915, 35.198562], [-80.851889, 35.198397], [-80.851857, 35.198189], [-80.851762, 35.19761], [-80.85168, 35.197226], [-80.851534, 35.196661], [-80.851528, 35.19664], [-80.851429, 35.196279], [-80.851376, 35.196073], [-80.851355, 35.196015], [-80.851321, 35.195968], [-80.851223, 35.195883], [-80.851058, 35.195775], [-80.851064, 35.195768], [-80.851073, 35.19576], [-80.851082, 35.195752], [-80.85109, 35.195743], [-80.851098, 35.195734], [-80.851106, 35.195725], [-80.851113, 35.195716], [-80.851121, 35.195707], [-80.851129, 35.195698], [-80.851135, 35.195688], [-80.851142, 35.195679], [-80.851149, 35.19567], [-80.851156, 35.19566], [-80.851162, 35.19565], [-80.851168, 35.195641], [-80.851175, 35.195628], [-80.851195, 35.195602], [-80.85126, 35.195507], [-80.85132, 35.19541], [-80.851375, 35.195311], [-80.851426, 35.195211], [-80.851472, 35.195109], [-80.851512, 35.195005], [-80.851535, 35.194953], [-80.851649, 35.194695], [-80.851757, 35.194455], [-80.85187, 35.194204], [-80.852037, 35.193835], [-80.852137, 35.193627], [-80.852157, 35.193585], [-80.852354, 35.193163], [-80.852515, 35.192805], [-80.852694, 35.192432], [-80.85282, 35.192155], [-80.852898, 35.191981], [-80.853092, 35.191567], [-80.853234, 35.191267], [-80.853252, 35.191215], [-80.853265, 35.191162], [-80.853273, 35.191108], [-80.853276, 35.191054], [-80.853274, 35.191], [-80.853266, 35.190946], [-80.853225, 35.190502], [-80.853191, 35.190035], [-80.853148, 35.189508], [-80.853144, 35.189458], [-80.853131, 35.189298], [-80.853101, 35.188931], [-80.85309, 35.188796], [-80.853064, 35.188488], [-80.853024, 35.187982], [-80.852993, 35.187601], [-80.852986, 35.187521], [-80.85297, 35.187332], [-80.852951, 35.187095], [-80.852924, 35.186758], [-80.852897, 35.186424], [-80.852869, 35.186075], [-80.852834, 35.185638], [-80.852796, 35.185194], [-80.852761, 35.184822], [-80.85276, 35.184811], [-80.852754, 35.184755], [-80.852748, 35.184697], [-80.85273, 35.184583], [-80.852708, 35.18447], [-80.852681, 35.184357], [-80.852613, 35.184134], [-80.85248, 35.183703], [-80.852466, 35.183661], [-80.852374, 35.183377], [-80.852342, 35.183279], [-80.852315, 35.183191], [-80.852252, 35.182994], [-80.852183, 35.182798], [-80.852089, 35.182558], [-80.852032, 35.182413], [-80.852006, 35.182344], [-80.85184, 35.181921], [-80.851704, 35.181575], [-80.851683, 35.181524], [-80.851674, 35.181504], [-80.851625, 35.181377], [-80.851581, 35.181247], [-80.851542, 35.181117], [-80.851509, 35.180985], [-80.851471, 35.180757], [-80.851454, 35.180637], [-80.851382, 35.180158], [-80.85136, 35.180016], [-80.851291, 35.179571], [-80.851188, 35.178904], [-80.851159, 35.178708], [-80.851128, 35.178546], [-80.851127, 35.178538], [-80.851105, 35.178402], [-80.851085, 35.178272], [-80.85107, 35.178139], [-80.851063, 35.178062], [-80.851054, 35.177967], [-80.851032, 35.177731], [-80.851024, 35.177583], [-80.851015, 35.177357], [-80.851014, 35.177181], [-80.851018, 35.176907], [-80.85102, 35.176708], [-80.851021, 35.176648], [-80.851031, 35.176362], [-80.851042, 35.176158], [-80.851027, 35.175924], [-80.851039, 35.175752], [-80.851089, 35.175041], [-80.851131, 35.174345], [-80.851132, 35.17433], [-80.851134, 35.174313], [-80.851134, 35.174297], [-80.851136, 35.174281], [-80.851137, 35.174265], [-80.851138, 35.174248], [-80.851139, 35.174232], [-80.85114, 35.174216], [-80.851141, 35.1742], [-80.851142, 35.174184], [-80.851143, 35.174167], [-80.851144, 35.174151], [-80.851146, 35.174135], [-80.851147, 35.174118], [-80.851148, 35.174102], [-80.851149, 35.174086], [-80.851151, 35.17407], [-80.851152, 35.174054], [-80.851153, 35.174037], [-80.851154, 35.174021], [-80.851156, 35.174005], [-80.851157, 35.173989], [-80.851158, 35.173973], [-80.85116, 35.173956], [-80.851161, 35.17394], [-80.851162, 35.173924], [-80.851164, 35.173908], [-80.851165, 35.173891], [-80.851167, 35.173875], [-80.851168, 35.173859], [-80.85117, 35.173843], [-80.851171, 35.173827], [-80.851173, 35.17381], [-80.851174, 35.173794], [-80.851176, 35.173778], [-80.851177, 35.173762], [-80.851179, 35.173746], [-80.851181, 35.173729], [-80.851182, 35.173713], [-80.851183, 35.173697], [-80.851185, 35.173681], [-80.851187, 35.173665], [-80.851188, 35.173649], [-80.85119, 35.173632], [-80.851191, 35.173616], [-80.851193, 35.1736], [-80.851194, 35.173584], [-80.851196, 35.173568], [-80.851198, 35.173551], [-80.851199, 35.173535], [-80.851201, 35.173519], [-80.851202, 35.173503], [-80.851203, 35.173487], [-80.851205, 35.17347], [-80.851207, 35.173454], [-80.851208, 35.173438], [-80.851209, 35.173421], [-80.851211, 35.173405], [-80.851212, 35.173389], [-80.851213, 35.173373], [-80.851214, 35.173357], [-80.851215, 35.173348], [-80.851216, 35.173341], [-80.851217, 35.173324], [-80.851218, 35.173308], [-80.851219, 35.173292], [-80.85122, 35.173275], [-80.851221, 35.173259], [-80.851222, 35.173243], [-80.851223, 35.173227], [-80.851224, 35.173211], [-80.851224, 35.173194], [-80.851225, 35.173178], [-80.851226, 35.173162], [-80.851227, 35.173145], [-80.851227, 35.173129], [-80.851228, 35.173113], [-80.851229, 35.173097], [-80.851229, 35.17308], [-80.85123, 35.173064], [-80.85123, 35.173048], [-80.85123, 35.173032], [-80.85123, 35.173015], [-80.851231, 35.172999], [-80.851231, 35.172983], [-80.851231, 35.172967], [-80.851231, 35.17295], [-80.851231, 35.172934], [-80.851232, 35.172918], [-80.851231, 35.172902], [-80.851231, 35.172885], [-80.851231, 35.172869], [-80.851231, 35.172853], [-80.851231, 35.172836], [-80.85123, 35.17282], [-80.85123, 35.172804], [-80.85123, 35.172788], [-80.851229, 35.172771], [-80.851229, 35.172755], [-80.851228, 35.172739], [-80.851228, 35.172722], [-80.851227, 35.172706], [-80.851226, 35.17269], [-80.851225, 35.172674], [-80.851225, 35.172658], [-80.851224, 35.172641], [-80.851223, 35.172625], [-80.851222, 35.172609], [-80.85122, 35.172593], [-80.851219, 35.172576], [-80.851218, 35.17256], [-80.851217, 35.172544], [-80.851216, 35.172528], [-80.851214, 35.172512], [-80.851213, 35.172496], [-80.851211, 35.172479], [-80.85121, 35.172463], [-80.851208, 35.172447], [-80.851206, 35.172431], [-80.851205, 35.172415], [-80.851202, 35.172398], [-80.851201, 35.172382], [-80.851199, 35.172366], [-80.851197, 35.17235], [-80.851195, 35.172334], [-80.851193, 35.172317], [-80.851191, 35.172301], [-80.851189, 35.172285], [-80.851187, 35.172269], [-80.851185, 35.172253], [-80.851183, 35.172237], [-80.851181, 35.172221], [-80.851178, 35.172204], [-80.851176, 35.172188], [-80.851174, 35.172172], [-80.851171, 35.172156], [-80.851169, 35.17214], [-80.851167, 35.172124], [-80.851164, 35.172108], [-80.851162, 35.172091], [-80.851159, 35.172073], [-80.851157, 35.172059], [-80.851154, 35.172043], [-80.851152, 35.172027], [-80.851149, 35.172011], [-80.851147, 35.171995], [-80.851144, 35.171979], [-80.851142, 35.171962], [-80.851139, 35.171946], [-80.851137, 35.17193], [-80.851134, 35.171914], [-80.851132, 35.171898], [-80.851129, 35.171882], [-80.851127, 35.171865], [-80.851124, 35.171849], [-80.851122, 35.171833], [-80.851119, 35.171817], [-80.851117, 35.171801], [-80.851114, 35.171785], [-80.851112, 35.171769], [-80.851109, 35.171753], [-80.851107, 35.171736], [-80.851104, 35.17172], [-80.851102, 35.171704], [-80.8511, 35.171688], [-80.851097, 35.171672], [-80.851095, 35.171656], [-80.851092, 35.171639], [-80.85109, 35.171623], [-80.851088, 35.171607], [-80.851085, 35.171591], [-80.851083, 35.171575], [-80.85108, 35.171559], [-80.851078, 35.171543], [-80.851076, 35.171527], [-80.851073, 35.17151], [-80.851071, 35.171494], [-80.851068, 35.171478], [-80.851066, 35.171462], [-80.851064, 35.171446], [-80.851061, 35.17143], [-80.851059, 35.171413], [-80.851057, 35.171397], [-80.851055, 35.171381], [-80.851052, 35.171365], [-80.85105, 35.171349], [-80.851048, 35.171333], [-80.851045, 35.171317], [-80.851043, 35.1713], [-80.851041, 35.171284], [-80.851039, 35.171268], [-80.851037, 35.171252], [-80.851034, 35.171236], [-80.851032, 35.17122], [-80.85103, 35.171203], [-80.851028, 35.171187], [-80.851025, 35.171171], [-80.851023, 35.171155], [-80.851021, 35.171139], [-80.851019, 35.171123], [-80.851017, 35.171107], [-80.851015, 35.17109], [-80.851012, 35.171074], [-80.85101, 35.171058], [-80.851008, 35.171042], [-80.851006, 35.171026], [-80.851004, 35.17101], [-80.851002, 35.170993], [-80.850999, 35.170977], [-80.850997, 35.170961], [-80.850995, 35.170945], [-80.850993, 35.170929], [-80.850991, 35.170913], [-80.850989, 35.170897], [-80.850987, 35.17088], [-80.850985, 35.170864], [-80.850983, 35.170848], [-80.850981, 35.170832], [-80.850979, 35.170816], [-80.850976, 35.170799], [-80.850974, 35.170783], [-80.850972, 35.170767], [-80.85097, 35.170751], [-80.850968, 35.170735], [-80.850966, 35.170719], [-80.850964, 35.170702], [-80.850962, 35.170686], [-80.85096, 35.17067], [-80.850958, 35.170654], [-80.850956, 35.170638], [-80.850954, 35.170622], [-80.850952, 35.170605], [-80.85095, 35.170589], [-80.850948, 35.170573], [-80.850946, 35.170557], [-80.850944, 35.170541], [-80.850942, 35.170525], [-80.850939, 35.170508], [-80.850937, 35.170492], [-80.850936, 35.170476], [-80.850934, 35.17046], [-80.850932, 35.170444], [-80.85093, 35.170427], [-80.850928, 35.170412], [-80.850926, 35.170395], [-80.850924, 35.170379], [-80.850922, 35.170363], [-80.85092, 35.170347], [-80.850918, 35.170331], [-80.850916, 35.170314], [-80.850914, 35.170298], [-80.850912, 35.170282], [-80.85091, 35.170266], [-80.850908, 35.17025], [-80.850906, 35.170233], [-80.850904, 35.170217], [-80.850902, 35.170201], [-80.8509, 35.170185], [-80.850898, 35.170169], [-80.850897, 35.170154], [-80.850894, 35.170138], [-80.850892, 35.170122], [-80.85089, 35.170106], [-80.850889, 35.17009], [-80.850887, 35.170074], [-80.850885, 35.170058], [-80.850883, 35.170042], [-80.850881, 35.170026], [-80.850879, 35.17001], [-80.850877, 35.169994], [-80.850875, 35.169978], [-80.850873, 35.169962], [-80.850871, 35.169946], [-80.850869, 35.169931], [-80.850868, 35.169915], [-80.850866, 35.169899], [-80.850864, 35.169883], [-80.850861, 35.169867], [-80.85086, 35.169851], [-80.850858, 35.169835], [-80.850856, 35.169819], [-80.850854, 35.169803], [-80.850852, 35.169787], [-80.85085, 35.169771], [-80.850848, 35.169755], [-80.850846, 35.169739], [-80.850844, 35.169723], [-80.850842, 35.169707], [-80.85084, 35.169691], [-80.850839, 35.169675], [-80.850837, 35.169659], [-80.850835, 35.169644], [-80.850833, 35.169628], [-80.850831, 35.169612], [-80.850829, 35.169596], [-80.850827, 35.16958], [-80.850825, 35.169564], [-80.850823, 35.169548], [-80.850821, 35.169532], [-80.850819, 35.169516], [-80.850818, 35.1695], [-80.850816, 35.169484], [-80.850814, 35.169468], [-80.850811, 35.169452], [-80.85081, 35.169436], [-80.850808, 35.169421], [-80.850806, 35.169405], [-80.850804, 35.169389], [-80.850802, 35.169373], [-80.8508, 35.169357], [-80.850798, 35.169341], [-80.850796, 35.169325], [-80.850794, 35.169309], [-80.850792, 35.169293], [-80.85079, 35.169277], [-80.850788, 35.169261], [-80.850786, 35.169245], [-80.850784, 35.169229], [-80.850782, 35.169213], [-80.85078, 35.169197], [-80.850778, 35.169181], [-80.850777, 35.169165], [-80.850774, 35.16915], [-80.850772, 35.169134], [-80.85077, 35.169118], [-80.850768, 35.169102], [-80.850766, 35.169086], [-80.850764, 35.16907], [-80.850762, 35.169054], [-80.85076, 35.169038], [-80.850758, 35.169022], [-80.850756, 35.169006], [-80.850755, 35.16899], [-80.850753, 35.168974], [-80.850751, 35.168959], [-80.850749, 35.168943], [-80.850746, 35.168927], [-80.850744, 35.168911], [-80.850742, 35.168895], [-80.85074, 35.168879], [-80.850738, 35.168863], [-80.850736, 35.168847], [-80.850734, 35.168831], [-80.850732, 35.168815], [-80.850731, 35.168811], [-80.850648, 35.168201], [-80.850571, 35.16775], [-80.850496, 35.167333], [-80.850442, 35.166746], [-80.850439, 35.1667], [-80.850396, 35.165659], [-80.850264, 35.165021], [-80.850188, 35.164652], [-80.85018, 35.164618], [-80.850172, 35.164584], [-80.850163, 35.16455], [-80.850153, 35.164516], [-80.850143, 35.164483], [-80.850131, 35.164449], [-80.85012, 35.164416], [-80.850107, 35.164383], [-80.850094, 35.164351], [-80.85008, 35.164318], [-80.850065, 35.164286], [-80.850049, 35.164253], [-80.850034, 35.164221], [-80.850017, 35.16419], [-80.849999, 35.164158], [-80.849981, 35.164127], [-80.849963, 35.164096], [-80.849943, 35.164065], [-80.849923, 35.164035], [-80.849902, 35.164005], [-80.849881, 35.163975], [-80.849859, 35.163946], [-80.849833, 35.163912], [-80.849782, 35.163856], [-80.849754, 35.163824], [-80.849727, 35.163791], [-80.849702, 35.163759], [-80.849676, 35.163726], [-80.849651, 35.163692], [-80.849627, 35.163659], [-80.849604, 35.163624], [-80.849581, 35.16359], [-80.849559, 35.163555], [-80.849538, 35.16352], [-80.849518, 35.163485], [-80.849499, 35.163449], [-80.84948, 35.163413], [-80.849461, 35.163377], [-80.849444, 35.163341], [-80.849427, 35.163304], [-80.849412, 35.163267], [-80.849397, 35.16323], [-80.849383, 35.163193], [-80.849369, 35.163155], [-80.849357, 35.163117], [-80.849345, 35.16308], [-80.849334, 35.163041], [-80.849323, 35.163003], [-80.849314, 35.162965], [-80.849242, 35.16268], [-80.849152, 35.16233], [-80.84905, 35.161928], [-80.848913, 35.161173], [-80.84883, 35.160459], [-80.848782, 35.160038], [-80.8487, 35.159327], [-80.848487, 35.15747], [-80.848419, 35.156872], [-80.848387, 35.156598], [-80.848294, 35.155986], [-80.848277, 35.155627], [-80.848289, 35.155521], [-80.848333, 35.155145], [-80.848424, 35.154492], [-80.848614, 35.152842], [-80.848743, 35.151575], [-80.848879, 35.150374], [-80.848916, 35.150098], [-80.8491, 35.149496], [-80.849519, 35.148291], [-80.849648, 35.147923], [-80.849675, 35.147839], [-80.849702, 35.147754], [-80.849726, 35.147668], [-80.849747, 35.147583], [-80.849768, 35.147497], [-80.849786, 35.147411], [-80.849803, 35.147325], [-80.849818, 35.147238], [-80.849831, 35.147151], [-80.849842, 35.147064], [-80.849851, 35.146977], [-80.849851, 35.146835], [-80.849861, 35.14658], [-80.849853, 35.146304], [-80.849851, 35.146209], [-80.849863, 35.145979], [-80.849849, 35.145588], [-80.849845, 35.145479], [-80.84983, 35.145264], [-80.849814, 35.14505], [-80.849814, 35.144979], [-80.849818, 35.14487], [-80.849827, 35.144761], [-80.849841, 35.144653], [-80.849853, 35.144595], [-80.84988, 35.144487], [-80.849911, 35.14438], [-80.849948, 35.144274], [-80.849989, 35.14417], [-80.850299, 35.143416], [-80.850546, 35.142816], [-80.850576, 35.142743], [-80.850773, 35.142265], [-80.851034, 35.141641], [-80.8511, 35.141478], [-80.851273, 35.141057], [-80.851284, 35.141031], [-80.851328, 35.14094], [-80.851377, 35.140851], [-80.851431, 35.140763], [-80.851489, 35.140677], [-80.851552, 35.140594], [-80.851648, 35.140456], [-80.851798, 35.140244], [-80.851862, 35.140153], [-80.851926, 35.140053], [-80.851986, 35.139952], [-80.851995, 35.139935], [-80.852036, 35.139852], [-80.852072, 35.139768], [-80.852104, 35.139683], [-80.85213, 35.139596], [-80.852273, 35.139128], [-80.852631, 35.137963], [-80.852665, 35.137852], [-80.852709, 35.137724], [-80.852781, 35.137526], [-80.852954, 35.137091], [-80.852971, 35.137051], [-80.853016, 35.136932], [-80.853044, 35.136861], [-80.853111, 35.136671], [-80.853129, 35.136614], [-80.85315, 35.136532], [-80.853166, 35.136449], [-80.853176, 35.136366], [-80.853294, 35.135462], [-80.853414, 35.134541], [-80.853459, 35.134195], [-80.853535, 35.133619], [-80.853572, 35.133339], [-80.853652, 35.13272], [-80.85374, 35.132092], [-80.853741, 35.132083], [-80.853828, 35.131494], [-80.853898, 35.131014], [-80.853902, 35.130994], [-80.853998, 35.130321], [-80.854001, 35.130295], [-80.85421, 35.128823], [-80.854283, 35.128309], [-80.85438, 35.127631], [-80.854431, 35.127286], [-80.854522, 35.126633], [-80.854542, 35.126485], [-80.854651, 35.125719], [-80.85465, 35.125681], [-80.854648, 35.125616], [-80.854636, 35.125036], [-80.854629, 35.124771], [-80.854626, 35.124665], [-80.854618, 35.124343], [-80.854556, 35.123555], [-80.854554, 35.123529], [-80.854507, 35.123016], [-80.854492, 35.122848], [-80.854483, 35.122704], [-80.854477, 35.12256], [-80.854474, 35.122415], [-80.854474, 35.122271], [-80.854477, 35.122126], [-80.854484, 35.121982], [-80.854489, 35.121835], [-80.8545, 35.121675], [-80.85452, 35.12155], [-80.854625, 35.121185], [-80.855162, 35.119416], [-80.855368, 35.118733], [-80.855558, 35.118146], [-80.856512, 35.115198], [-80.857288, 35.112796], [-80.857382, 35.1125], [-80.857911, 35.110753], [-80.858009, 35.110427], [-80.858393, 35.109159], [-80.858403, 35.10911], [-80.858411, 35.109061], [-80.858418, 35.109012], [-80.858424, 35.108962], [-80.85843, 35.108912], [-80.858434, 35.108863], [-80.858437, 35.108813], [-80.858439, 35.108764], [-80.858439, 35.108714], [-80.858439, 35.108664], [-80.858438, 35.108614], [-80.858436, 35.108565], [-80.858433, 35.108515], [-80.858429, 35.108465], [-80.858423, 35.108416], [-80.858417, 35.108366], [-80.858409, 35.108317], [-80.858401, 35.108268], [-80.858391, 35.108219], [-80.858381, 35.10817], [-80.858369, 35.108121], [-80.858356, 35.108072], [-80.858342, 35.108024], [-80.858334, 35.107995], [-80.858333, 35.107992], [-80.858328, 35.107976], [-80.858308, 35.107915], [-80.857858, 35.106994], [-80.857765, 35.106831], [-80.857719, 35.106745], [-80.857675, 35.106658], [-80.857633, 35.106571], [-80.857593, 35.106484], [-80.857555, 35.106396], [-80.857518, 35.106307], [-80.857484, 35.106218], [-80.857452, 35.106128], [-80.857421, 35.106038], [-80.857405, 35.105983], [-80.857392, 35.105936], [-80.85738, 35.105889], [-80.85737, 35.105842], [-80.85736, 35.105794], [-80.857352, 35.105747], [-80.857344, 35.105699], [-80.857337, 35.105651], [-80.857331, 35.105603], [-80.857327, 35.105556], [-80.857323, 35.105508], [-80.85732, 35.105459], [-80.857319, 35.105411], [-80.857318, 35.105364], [-80.857319, 35.105315], [-80.85732, 35.105267], [-80.857323, 35.105219], [-80.857326, 35.105171], [-80.85733, 35.105123], [-80.857336, 35.105076], [-80.857343, 35.105028], [-80.85735, 35.10498], [-80.857359, 35.104933], [-80.857369, 35.104885], [-80.857379, 35.104838], [-80.857391, 35.104791], [-80.857403, 35.104744], [-80.857466, 35.104551], [-80.858141, 35.102478], [-80.858445, 35.101542], [-80.858466, 35.101482], [-80.858784, 35.100503], [-80.859053, 35.099642], [-80.859187, 35.099252], [-80.859601, 35.097987], [-80.859637, 35.09786], [-80.859665, 35.097732], [-80.859685, 35.097603], [-80.859697, 35.097474], [-80.8597, 35.097356], [-80.859697, 35.097237], [-80.859687, 35.09712], [-80.859671, 35.097002], [-80.859648, 35.096885], [-80.859618, 35.09677], [-80.859582, 35.096655], [-80.859539, 35.096542], [-80.859683, 35.096487]], [[-80.852517, 35.203122], [-80.852543, 35.203123], [-80.852562, 35.203126], [-80.852579, 35.203132], [-80.852599, 35.203143], [-80.852609, 35.203156], [-80.852616, 35.203174], [-80.852619, 35.203195], [-80.852618, 35.203216], [-80.852611, 35.203237], [-80.852601, 35.203251], [-80.85259, 35.203261], [-80.852576, 35.20327], [-80.852561, 35.203277], [-80.852548, 35.203278], [-80.852537, 35.203277], [-80.852521, 35.203279], [-80.852504, 35.203278], [-80.852488, 35.203276], [-80.852471, 35.203266], [-80.85246, 35.203253], [-80.852453, 35.203234], [-80.852451, 35.203213], [-80.85245, 35.203193], [-80.852453, 35.203175], [-80.852463, 35.203159], [-80.852475, 35.203145], [-80.85249, 35.203134], [-80.852517, 35.203122]]]}}, {"type": "Feature", "properties": {"name": "Pineville-Matthews Rd", "ksi": 9, "fatal": 6, "serious": 3, "ped": 1, "bike": 0, "miles": 7.86, "per_mile": 1.1}, "geometry": {"type": "LineString", "coordinates": [[-80.74384, 35.115517], [-80.743911, 35.115481], [-80.744067, 35.115406], [-80.744241, 35.115325], [-80.744284, 35.115308], [-80.744622, 35.115175], [-80.744843, 35.115096], [-80.744988, 35.115054], [-80.74512, 35.115013], [-80.745307, 35.114962], [-80.745449, 35.114926], [-80.745613, 35.11489], [-80.745784, 35.114857], [-80.745957, 35.114823], [-80.746111, 35.1148], [-80.746281, 35.114778], [-80.746459, 35.114757], [-80.746655, 35.11474], [-80.746796, 35.114731], [-80.746946, 35.114723], [-80.747285, 35.114712], [-80.747692, 35.114705], [-80.748128, 35.114699], [-80.748566, 35.114693], [-80.749032, 35.114687], [-80.74924, 35.114684], [-80.749646, 35.114677], [-80.750571, 35.114663], [-80.751544, 35.114652], [-80.751637, 35.11465], [-80.75173, 35.114647], [-80.751822, 35.114643], [-80.751915, 35.114637], [-80.752008, 35.11463], [-80.7521, 35.114622], [-80.752192, 35.114612], [-80.752367, 35.11459], [-80.75245, 35.114581], [-80.752532, 35.114571], [-80.752614, 35.11456], [-80.752695, 35.114547], [-80.752777, 35.114534], [-80.752858, 35.114519], [-80.752939, 35.114504], [-80.75302, 35.114487], [-80.7531, 35.114468], [-80.75318, 35.114449], [-80.753259, 35.114429], [-80.753338, 35.114407], [-80.753445, 35.114376], [-80.753621, 35.114328], [-80.753796, 35.114277], [-80.753971, 35.114224], [-80.754018, 35.114208], [-80.754144, 35.114168], [-80.754316, 35.114109], [-80.754532, 35.114032], [-80.754751, 35.113948], [-80.755652, 35.113628], [-80.756542, 35.113267], [-80.757371, 35.112874], [-80.758246, 35.112436], [-80.758611, 35.112247], [-80.758717, 35.112188], [-80.759149, 35.111916], [-80.759575, 35.111638], [-80.760185, 35.111223], [-80.761181, 35.110489], [-80.761513, 35.110245], [-80.761617, 35.110169], [-80.762751, 35.109338], [-80.76368, 35.108656], [-80.764741, 35.107871], [-80.766107, 35.106861], [-80.766589, 35.106519], [-80.766665, 35.106463], [-80.768463, 35.105159], [-80.768901, 35.104913], [-80.769559, 35.104596], [-80.77084, 35.103956], [-80.771358, 35.103746], [-80.771375, 35.103738], [-80.77289, 35.103085], [-80.773594, 35.102761], [-80.774343, 35.102341], [-80.774898, 35.102003], [-80.77608, 35.101241], [-80.776364, 35.101062], [-80.777132, 35.100576], [-80.77724, 35.100518], [-80.777315, 35.10048], [-80.777391, 35.100443], [-80.777467, 35.100407], [-80.777544, 35.100372], [-80.777622, 35.100338], [-80.777701, 35.100306], [-80.77778, 35.100274], [-80.777859, 35.100244], [-80.777878, 35.100237], [-80.778018, 35.100188], [-80.7781, 35.100161], [-80.778182, 35.100135], [-80.778267, 35.10011], [-80.77835, 35.100087], [-80.778434, 35.100064], [-80.778518, 35.100044], [-80.778727, 35.100015], [-80.778741, 35.100013], [-80.778935, 35.099983], [-80.779143, 35.099949], [-80.77935, 35.099911], [-80.779556, 35.099871], [-80.779761, 35.099827], [-80.779965, 35.099781], [-80.780168, 35.099731], [-80.78037, 35.099679], [-80.780571, 35.099624], [-80.78077, 35.099566], [-80.780969, 35.099505], [-80.781166, 35.099442], [-80.781362, 35.099375], [-80.781556, 35.099306], [-80.781729, 35.099241], [-80.781749, 35.099234], [-80.78194, 35.099159], [-80.782148, 35.099073], [-80.782185, 35.099058], [-80.783295, 35.098507], [-80.784124, 35.098088], [-80.785624, 35.09733], [-80.786482, 35.096909], [-80.787866, 35.096228], [-80.788848, 35.095731], [-80.789587, 35.095346], [-80.791203, 35.094533], [-80.792194, 35.094095], [-80.793107, 35.093732], [-80.79392, 35.093443], [-80.793992, 35.093418], [-80.79537, 35.093031], [-80.796661, 35.092743], [-80.797638, 35.092588], [-80.798434, 35.092461], [-80.800711, 35.092096], [-80.802354, 35.091833], [-80.802433, 35.09182], [-80.802512, 35.091807], [-80.80259, 35.091792], [-80.802668, 35.091776], [-80.802746, 35.091759], [-80.802823, 35.09174], [-80.8029, 35.091721], [-80.802977, 35.091701], [-80.803053, 35.091679], [-80.803128, 35.091657], [-80.803203, 35.091633], [-80.803278, 35.091608], [-80.803352, 35.091582], [-80.803425, 35.091556], [-80.803498, 35.091528], [-80.80357, 35.091499], [-80.803642, 35.091469], [-80.803713, 35.091438], [-80.803783, 35.091406], [-80.803853, 35.091373], [-80.803979, 35.091318], [-80.804293, 35.091135], [-80.804674, 35.090868], [-80.805139, 35.090473], [-80.805148, 35.090465], [-80.805217, 35.090384], [-80.805847, 35.089619], [-80.806191, 35.089243], [-80.806604, 35.088878], [-80.806929, 35.08864], [-80.807254, 35.088459], [-80.807572, 35.088291], [-80.808012, 35.088121], [-80.808478, 35.087979], [-80.808491, 35.087975], [-80.808934, 35.087896], [-80.809108, 35.087865], [-80.809147, 35.087858], [-80.810415, 35.087682], [-80.811744, 35.087506], [-80.81188, 35.087489], [-80.812066, 35.087465], [-80.812401, 35.087394], [-80.813401, 35.087193], [-80.814298, 35.08695], [-80.814581, 35.086874], [-80.815767, 35.086531], [-80.816843, 35.08616], [-80.817851, 35.085823], [-80.817925, 35.085804], [-80.818053, 35.085772], [-80.818325, 35.085679], [-80.820914, 35.084785], [-80.82296, 35.084092], [-80.822998, 35.084079], [-80.824363, 35.083617], [-80.825839, 35.083114], [-80.826652, 35.0829], [-80.827246, 35.082829], [-80.827255, 35.082828], [-80.828066, 35.082773], [-80.828704, 35.082795], [-80.829349, 35.08287], [-80.82997, 35.082977], [-80.83045, 35.083128], [-80.830841, 35.083278], [-80.830932, 35.083321], [-80.831905, 35.083784], [-80.832627, 35.084192], [-80.833124, 35.084534], [-80.833678, 35.084998], [-80.834138, 35.085402], [-80.834232, 35.085484], [-80.834289, 35.08554], [-80.834348, 35.085594], [-80.834408, 35.085648], [-80.83447, 35.085701], [-80.834531, 35.085753], [-80.834595, 35.085804], [-80.834659, 35.085854], [-80.834724, 35.085903], [-80.834791, 35.085951], [-80.834858, 35.085998], [-80.834927, 35.086045], [-80.834996, 35.08609], [-80.835066, 35.086134], [-80.835138, 35.086178], [-80.83521, 35.08622], [-80.835283, 35.086261], [-80.835357, 35.086301], [-80.835432, 35.08634], [-80.835507, 35.086378], [-80.835583, 35.086415], [-80.835661, 35.086451], [-80.835739, 35.086486], [-80.835817, 35.08652], [-80.835897, 35.086552], [-80.835977, 35.086583], [-80.836057, 35.086613], [-80.83616, 35.08665], [-80.836366, 35.086718], [-80.83648, 35.086751], [-80.836611, 35.086785], [-80.836709, 35.086805], [-80.836919, 35.086845], [-80.83706, 35.086869], [-80.837348, 35.086914], [-80.837579, 35.086946], [-80.838024, 35.087007], [-80.838417, 35.087062], [-80.838656, 35.087096], [-80.839165, 35.087171], [-80.839711, 35.08725], [-80.840429, 35.087352], [-80.841121, 35.087452], [-80.841435, 35.087494], [-80.841898, 35.087562], [-80.841921, 35.087566], [-80.842234, 35.087611], [-80.843156, 35.087719], [-80.843491, 35.087743], [-80.84399, 35.087768], [-80.844121, 35.087766], [-80.8452, 35.087753], [-80.847612, 35.087722], [-80.847983, 35.087721], [-80.850877, 35.087683], [-80.851032, 35.087682], [-80.851441, 35.087679], [-80.852139, 35.087676], [-80.85258, 35.087667], [-80.852923, 35.087661], [-80.852936, 35.087661], [-80.853248, 35.087654], [-80.85472, 35.08764], [-80.856043, 35.087625], [-80.856286, 35.08762], [-80.857419, 35.087598], [-80.857999, 35.087593], [-80.858314, 35.08759], [-80.858489, 35.087587], [-80.858783, 35.087581], [-80.859333, 35.087572], [-80.860152, 35.087561], [-80.860801, 35.087553], [-80.861205, 35.087549], [-80.861672, 35.08754], [-80.861963, 35.087537], [-80.862137, 35.087537], [-80.862272, 35.08754], [-80.862371, 35.087543], [-80.8625, 35.087548], [-80.862637, 35.087556], [-80.862784, 35.087566], [-80.86292, 35.087578], [-80.863051, 35.08759], [-80.863205, 35.087607], [-80.863395, 35.08763], [-80.863566, 35.087655], [-80.863569, 35.087655], [-80.863701, 35.087677], [-80.863842, 35.087703], [-80.864154, 35.087762], [-80.864391, 35.087812], [-80.864802, 35.087909], [-80.865245, 35.088031], [-80.865528, 35.088108], [-80.86573, 35.088163], [-80.865982, 35.088233], [-80.866261, 35.088308], [-80.866576, 35.088395], [-80.866835, 35.088465], [-80.867123, 35.088544], [-80.867378, 35.088612], [-80.867688, 35.088699], [-80.867978, 35.088777], [-80.868265, 35.088856], [-80.868536, 35.08893], [-80.868797, 35.089006], [-80.868976, 35.089057], [-80.86911, 35.089092], [-80.869258, 35.089129], [-80.869392, 35.089158], [-80.869491, 35.089178], [-80.869518, 35.089183]]}}, {"type": "Feature", "properties": {"name": "Providence Rd", "ksi": 13, "fatal": 5, "serious": 8, "ped": 2, "bike": 0, "miles": 12.96, "per_mile": 1.0}, "geometry": {"type": "LineString", "coordinates": [[-80.825875, 35.209645], [-80.825864, 35.209634], [-80.825594, 35.209349], [-80.825169, 35.208898], [-80.824737, 35.208442], [-80.824701, 35.208404], [-80.824631, 35.208329], [-80.824566, 35.208251], [-80.824506, 35.208171], [-80.82445, 35.208089], [-80.824399, 35.208005], [-80.824351, 35.207919], [-80.824315, 35.207848], [-80.824254, 35.20771], [-80.824225, 35.207633], [-80.824203, 35.207568], [-80.824176, 35.207473], [-80.824158, 35.207391], [-80.82414, 35.207285], [-80.824126, 35.207179], [-80.824119, 35.207073], [-80.824117, 35.207035], [-80.824115, 35.206966], [-80.824112, 35.206411], [-80.824113, 35.206319], [-80.824118, 35.20617], [-80.82412, 35.206134], [-80.824131, 35.205949], [-80.824152, 35.205771], [-80.824159, 35.205714], [-80.824321, 35.204931], [-80.824585, 35.203749], [-80.824607, 35.203647], [-80.824617, 35.203602], [-80.824856, 35.202472], [-80.824981, 35.20188], [-80.824994, 35.201819], [-80.8251, 35.201233], [-80.825117, 35.201147], [-80.825145, 35.201044], [-80.825168, 35.200964], [-80.82518, 35.200926], [-80.825211, 35.20082], [-80.825263, 35.200653], [-80.825323, 35.200484], [-80.825485, 35.200084], [-80.825629, 35.199724], [-80.82564, 35.199698], [-80.825806, 35.199306], [-80.82589, 35.199107], [-80.826045, 35.198735], [-80.826055, 35.198713], [-80.826277, 35.198189], [-80.826404, 35.197888], [-80.826543, 35.197556], [-80.82671, 35.197154], [-80.826729, 35.197107], [-80.82688, 35.196726], [-80.826999, 35.196433], [-80.827019, 35.196383], [-80.827216, 35.195922], [-80.827153, 35.195888], [-80.827062, 35.195799], [-80.826945, 35.195666], [-80.826793, 35.195495], [-80.825746, 35.194099], [-80.825461, 35.193735], [-80.825237, 35.193432], [-80.825161, 35.19333], [-80.82483, 35.192891], [-80.824613, 35.192602], [-80.824379, 35.192295], [-80.824228, 35.192106], [-80.824193, 35.192062], [-80.824081, 35.191907], [-80.824022, 35.191824], [-80.823917, 35.191672], [-80.823816, 35.191518], [-80.823721, 35.191362], [-80.823685, 35.191303], [-80.823622, 35.19119], [-80.823564, 35.191076], [-80.823511, 35.19096], [-80.823343, 35.190542], [-80.823207, 35.190215], [-80.823179, 35.190148], [-80.823102, 35.189965], [-80.823068, 35.189881], [-80.822889, 35.189489], [-80.822849, 35.189386], [-80.822672, 35.188955], [-80.822547, 35.188645], [-80.822461, 35.188431], [-80.822275, 35.188005], [-80.82208, 35.187542], [-80.82205, 35.187474], [-80.821943, 35.187237], [-80.82183, 35.186968], [-80.82173, 35.186728], [-80.821589, 35.186384], [-80.821438, 35.186018], [-80.82131, 35.185712], [-80.821181, 35.185402], [-80.821039, 35.185063], [-80.820895, 35.184705], [-80.820739, 35.184351], [-80.820703, 35.184267], [-80.820566, 35.183951], [-80.820515, 35.183836], [-80.820064, 35.182783], [-80.819937, 35.182487], [-80.819916, 35.182431], [-80.819654, 35.18176], [-80.81949, 35.18134], [-80.819477, 35.181308], [-80.819061, 35.180345], [-80.818628, 35.179341], [-80.81857, 35.179192], [-80.818518, 35.179059], [-80.818459, 35.178903], [-80.818436, 35.178835], [-80.818411, 35.178767], [-80.818386, 35.178698], [-80.818358, 35.178631], [-80.81833, 35.178564], [-80.818299, 35.178497], [-80.818268, 35.17843], [-80.818235, 35.178364], [-80.818201, 35.178299], [-80.818166, 35.178234], [-80.818129, 35.178169], [-80.818118, 35.178151], [-80.81809, 35.178106], [-80.818051, 35.178042], [-80.81801, 35.17798], [-80.817967, 35.177917], [-80.817923, 35.177856], [-80.817879, 35.177795], [-80.817833, 35.177735], [-80.817785, 35.177675], [-80.817736, 35.177616], [-80.817686, 35.177558], [-80.817634, 35.1775], [-80.817582, 35.177444], [-80.817529, 35.177388], [-80.817513, 35.177372], [-80.817473, 35.177333], [-80.817417, 35.177278], [-80.817302, 35.177172], [-80.815731, 35.176119], [-80.814055, 35.174982], [-80.813191, 35.174401], [-80.811482, 35.173317], [-80.810911, 35.172954], [-80.810765, 35.172869], [-80.808305, 35.171303], [-80.808235, 35.171247], [-80.806575, 35.169899], [-80.805751, 35.169213], [-80.805237, 35.168785], [-80.8049, 35.168505], [-80.804834, 35.168449], [-80.804822, 35.168438], [-80.804766, 35.168387], [-80.804687, 35.168319], [-80.804561, 35.168172], [-80.804481, 35.168064], [-80.804405, 35.167947], [-80.804349, 35.167852], [-80.804206, 35.167611], [-80.803807, 35.16691], [-80.802636, 35.164919], [-80.801854, 35.163587], [-80.801552, 35.163071], [-80.800784, 35.161756], [-80.800645, 35.161536], [-80.800452, 35.16123], [-80.800046, 35.160544], [-80.799839, 35.160176], [-80.799661, 35.159875], [-80.79907, 35.158882], [-80.799045, 35.158842], [-80.799018, 35.158802], [-80.798991, 35.158763], [-80.798962, 35.158723], [-80.798933, 35.158684], [-80.798903, 35.158646], [-80.798872, 35.158608], [-80.79884, 35.158571], [-80.798808, 35.158534], [-80.798775, 35.158497], [-80.798741, 35.158461], [-80.798706, 35.158426], [-80.798671, 35.158391], [-80.798635, 35.158356], [-80.798598, 35.158322], [-80.79856, 35.158288], [-80.798522, 35.158255], [-80.798459, 35.158204], [-80.798136, 35.157897], [-80.79757, 35.157359], [-80.797187, 35.156992], [-80.796239, 35.156083], [-80.795905, 35.155648], [-80.795845, 35.155573], [-80.79497, 35.154442], [-80.794168, 35.153405], [-80.794126, 35.153347], [-80.794087, 35.153289], [-80.794048, 35.15323], [-80.794011, 35.153171], [-80.793975, 35.153112], [-80.79394, 35.153052], [-80.793906, 35.152991], [-80.793874, 35.15293], [-80.793844, 35.152869], [-80.793814, 35.152807], [-80.793786, 35.152744], [-80.793759, 35.152682], [-80.793733, 35.152619], [-80.793709, 35.152555], [-80.793686, 35.152491], [-80.793664, 35.152427], [-80.793644, 35.152363], [-80.793625, 35.152298], [-80.793608, 35.152233], [-80.793592, 35.152168], [-80.793577, 35.152103], [-80.793564, 35.152037], [-80.793552, 35.151971], [-80.793542, 35.151905], [-80.79352, 35.151857], [-80.793281, 35.151339], [-80.792969, 35.15088], [-80.792894, 35.150784], [-80.792497, 35.15028], [-80.792433, 35.150199], [-80.791652, 35.149146], [-80.791586, 35.149056], [-80.790934, 35.148176], [-80.790472, 35.147584], [-80.78959, 35.146606], [-80.789491, 35.146497], [-80.788414, 35.14532], [-80.786637, 35.143378], [-80.786608, 35.143346], [-80.786516, 35.143243], [-80.786406, 35.143116], [-80.786299, 35.142986], [-80.786281, 35.142964], [-80.786194, 35.142855], [-80.786092, 35.142723], [-80.785993, 35.142589], [-80.785897, 35.142454], [-80.785804, 35.142318], [-80.785759, 35.14225], [-80.785713, 35.14218], [-80.785626, 35.142041], [-80.785542, 35.1419], [-80.785461, 35.141759], [-80.785445, 35.141731], [-80.785382, 35.141616], [-80.785306, 35.141472], [-80.785234, 35.141327], [-80.785165, 35.141182], [-80.785099, 35.141035], [-80.785036, 35.140887], [-80.784976, 35.140738], [-80.78492, 35.140589], [-80.784907, 35.140559], [-80.784258, 35.139043], [-80.783735, 35.137823], [-80.783493, 35.137257], [-80.783263, 35.136721], [-80.782875, 35.135814], [-80.782783, 35.135603], [-80.78268, 35.13539], [-80.782574, 35.135155], [-80.782569, 35.135144], [-80.78242, 35.134816], [-80.782337, 35.134607], [-80.782333, 35.134595], [-80.781878, 35.133343], [-80.781712, 35.132679], [-80.781669, 35.132268], [-80.781442, 35.129895], [-80.78136, 35.12955], [-80.781326, 35.129163], [-80.78124, 35.128613], [-80.781195, 35.127717], [-80.781036, 35.126429], [-80.781021, 35.126234], [-80.780996, 35.12572], [-80.780949, 35.125318], [-80.780921, 35.12511], [-80.780887, 35.124862], [-80.780809, 35.124324], [-80.780771, 35.123992], [-80.78072, 35.123755], [-80.780658, 35.123443], [-80.780632, 35.123325], [-80.780622, 35.123267], [-80.780555, 35.122937], [-80.780484, 35.122569], [-80.780404, 35.122191], [-80.780334, 35.121809], [-80.780316, 35.1217], [-80.780241, 35.121327], [-80.780191, 35.121026], [-80.780138, 35.120787], [-80.780026, 35.120254], [-80.779924, 35.119757], [-80.779817, 35.119231], [-80.779706, 35.11873], [-80.779702, 35.118714], [-80.779584, 35.118048], [-80.779509, 35.117653], [-80.779444, 35.117352], [-80.779357, 35.117036], [-80.779218, 35.116338], [-80.779112, 35.115863], [-80.779057, 35.115558], [-80.778972, 35.115142], [-80.778892, 35.114691], [-80.778828, 35.114376], [-80.778763, 35.114051], [-80.778735, 35.113882], [-80.778699, 35.113672], [-80.778658, 35.113508], [-80.778609, 35.113254], [-80.778556, 35.113018], [-80.778512, 35.112807], [-80.778441, 35.112477], [-80.778399, 35.112278], [-80.778374, 35.112099], [-80.778345, 35.111878], [-80.778316, 35.11165], [-80.7783, 35.111429], [-80.778286, 35.111276], [-80.778283, 35.111098], [-80.778287, 35.110929], [-80.778294, 35.110765], [-80.778296, 35.110639], [-80.778296, 35.11062], [-80.778304, 35.110451], [-80.778332, 35.110249], [-80.778365, 35.110024], [-80.77841, 35.109708], [-80.778531, 35.108931], [-80.778597, 35.108571], [-80.778625, 35.108379], [-80.778676, 35.108032], [-80.77869, 35.107926], [-80.778761, 35.107365], [-80.778899, 35.106414], [-80.778964, 35.105975], [-80.779022, 35.105521], [-80.779078, 35.104962], [-80.779079, 35.104935], [-80.779118, 35.104183], [-80.779121, 35.10413], [-80.779123, 35.103981], [-80.779106, 35.103386], [-80.779086, 35.10268], [-80.779067, 35.102342], [-80.779042, 35.102005], [-80.779017, 35.101756], [-80.779008, 35.101666], [-80.778968, 35.101331], [-80.778921, 35.100995], [-80.778867, 35.10066], [-80.778805, 35.100325], [-80.778741, 35.100013], [-80.778737, 35.099992], [-80.778661, 35.099659], [-80.778496, 35.099023], [-80.7782, 35.098123], [-80.778196, 35.09811], [-80.777892, 35.097183], [-80.77766, 35.096477], [-80.777424, 35.0958], [-80.777191, 35.095131], [-80.77702, 35.094679], [-80.776718, 35.093835], [-80.776464, 35.093145], [-80.776293, 35.092663], [-80.776159, 35.092284], [-80.776009, 35.091883], [-80.775671, 35.090968], [-80.775595, 35.090747], [-80.775482, 35.090419], [-80.775298, 35.089902], [-80.775114, 35.089402], [-80.774968, 35.089], [-80.774809, 35.088528], [-80.774646, 35.088085], [-80.774544, 35.087745], [-80.774393, 35.087295], [-80.774068, 35.086425], [-80.773888, 35.085915], [-80.773825, 35.085732], [-80.773659, 35.085295], [-80.773578, 35.085038], [-80.773461, 35.084679], [-80.773317, 35.084216], [-80.773228, 35.083898], [-80.773152, 35.08367], [-80.77305, 35.0833], [-80.772936, 35.082921], [-80.772813, 35.082529], [-80.772775, 35.082384], [-80.77269, 35.082102], [-80.772622, 35.081864], [-80.772546, 35.081587], [-80.772473, 35.081311], [-80.772393, 35.081064], [-80.772299, 35.080694], [-80.772258, 35.080449], [-80.772226, 35.08025], [-80.772193, 35.079973], [-80.772182, 35.079666], [-80.772179, 35.079344], [-80.772186, 35.079108], [-80.772198, 35.07895], [-80.772208, 35.078704], [-80.77223, 35.078439], [-80.772249, 35.078255], [-80.772273, 35.07808], [-80.772319, 35.077857], [-80.772376, 35.077595], [-80.772459, 35.077255], [-80.772536, 35.076986], [-80.772602, 35.076794], [-80.772645, 35.076574], [-80.772694, 35.076328], [-80.772722, 35.076144], [-80.772747, 35.075856], [-80.772758, 35.075643], [-80.772765, 35.07543], [-80.77278, 35.075207], [-80.772783, 35.074988], [-80.772803, 35.074786], [-80.772896, 35.0744], [-80.773045, 35.073933], [-80.773131, 35.073724], [-80.77327, 35.073387], [-80.773557, 35.07265], [-80.773663, 35.072328], [-80.773703, 35.072189], [-80.773718, 35.072134], [-80.773753, 35.071943], [-80.773761, 35.071753], [-80.773732, 35.071524], [-80.773667, 35.07125], [-80.773544, 35.070813], [-80.773433, 35.070405], [-80.77329, 35.069946], [-80.77318, 35.069685], [-80.773087, 35.069467], [-80.772977, 35.069279], [-80.772812, 35.069037], [-80.772598, 35.068826], [-80.772318, 35.068596], [-80.771889, 35.068353], [-80.771731, 35.068274], [-80.771536, 35.068161], [-80.771281, 35.067991], [-80.771085, 35.067822], [-80.770835, 35.067523], [-80.770627, 35.06718], [-80.770515, 35.066898], [-80.770418, 35.066591], [-80.770372, 35.066414], [-80.770359, 35.066362], [-80.770333, 35.066264], [-80.77025, 35.065898], [-80.77016, 35.065437], [-80.770083, 35.064984], [-80.770053, 35.064717], [-80.770032, 35.064536], [-80.770003, 35.064176], [-80.769985, 35.06388], [-80.769971, 35.063638], [-80.769963, 35.063383], [-80.76996, 35.063263], [-80.769959, 35.063209], [-80.769954, 35.063086], [-80.769948, 35.062863], [-80.769926, 35.062239], [-80.7699, 35.061504], [-80.769885, 35.061063], [-80.769877, 35.060853], [-80.769857, 35.060331], [-80.769849, 35.06017], [-80.769846, 35.06011], [-80.76984, 35.059996], [-80.769836, 35.059872], [-80.769833, 35.059777], [-80.769814, 35.059109], [-80.769808, 35.0589], [-80.769806, 35.058846], [-80.769801, 35.058687], [-80.769799, 35.058629], [-80.769782, 35.058115], [-80.769763, 35.057589], [-80.769747, 35.057116], [-80.769741, 35.056935], [-80.769739, 35.05688], [-80.769735, 35.056756], [-80.76972, 35.056384], [-80.769707, 35.056045], [-80.7697, 35.055838], [-80.769695, 35.055701], [-80.769685, 35.055414], [-80.769683, 35.055359], [-80.769671, 35.055062], [-80.769664, 35.054726], [-80.769651, 35.05442], [-80.769647, 35.054323], [-80.76963, 35.053876], [-80.769615, 35.053438], [-80.769598, 35.053023], [-80.769588, 35.052679], [-80.769579, 35.052385], [-80.769526, 35.051], [-80.769513, 35.050663], [-80.769481, 35.049541], [-80.769448, 35.048348], [-80.769438, 35.047931], [-80.769437, 35.047859], [-80.769434, 35.047537], [-80.769427, 35.047384], [-80.769405, 35.046993], [-80.769387, 35.046564], [-80.769368, 35.046198], [-80.769353, 35.045942], [-80.769337, 35.045753], [-80.769311, 35.045486], [-80.769281, 35.045239], [-80.769238, 35.044932], [-80.769196, 35.044644], [-80.769153, 35.044346], [-80.769098, 35.043958], [-80.769061, 35.043697], [-80.768995, 35.043262], [-80.768923, 35.042751], [-80.768857, 35.042306], [-80.768845, 35.04222], [-80.768843, 35.042206], [-80.768777, 35.041737], [-80.768722, 35.041363], [-80.768664, 35.040955], [-80.768619, 35.040659], [-80.768581, 35.040408], [-80.768545, 35.040145], [-80.768513, 35.039923], [-80.768477, 35.03967], [-80.768434, 35.039387], [-80.768377, 35.039006], [-80.768313, 35.038557], [-80.768278, 35.038347], [-80.76811, 35.037662], [-80.767956, 35.03724], [-80.767861, 35.037003], [-80.767709, 35.036635], [-80.767584, 35.036348], [-80.767576, 35.036331]]}}, {"type": "Feature", "properties": {"name": "Randolph Rd", "ksi": 1, "fatal": 1, "serious": 0, "ped": 0, "bike": 0, "miles": 4.29, "per_mile": 0.2}, "geometry": {"type": "LineString", "coordinates": [[-80.824608, 35.210786], [-80.82455, 35.210736], [-80.824467, 35.210657], [-80.824246, 35.210427], [-80.824072, 35.210236], [-80.823791, 35.209927], [-80.823612, 35.209744], [-80.823454, 35.209588], [-80.82284, 35.208974], [-80.82283, 35.208964], [-80.822319, 35.208434], [-80.821917, 35.208017], [-80.821522, 35.207607], [-80.821451, 35.207534], [-80.821392, 35.207473], [-80.821306, 35.207384], [-80.821035, 35.207102], [-80.820731, 35.206787], [-80.820726, 35.206781], [-80.820596, 35.206647], [-80.820334, 35.206375], [-80.820204, 35.206238], [-80.819752, 35.20577], [-80.819747, 35.205765], [-80.819276, 35.205267], [-80.819003, 35.204969], [-80.818879, 35.204837], [-80.818718, 35.20466], [-80.818539, 35.204463], [-80.818385, 35.204322], [-80.818119, 35.204058], [-80.817927, 35.203859], [-80.817522, 35.203442], [-80.817331, 35.20324], [-80.817025, 35.202928], [-80.816898, 35.202806], [-80.816787, 35.202691], [-80.816687, 35.202588], [-80.816274, 35.202173], [-80.816108, 35.202014], [-80.815937, 35.201858], [-80.815763, 35.201704], [-80.815635, 35.201596], [-80.815504, 35.201491], [-80.815368, 35.201389], [-80.81523, 35.20129], [-80.814947, 35.201098], [-80.81492, 35.201081], [-80.814716, 35.200945], [-80.814245, 35.200641], [-80.814165, 35.200587], [-80.813886, 35.200401], [-80.813305, 35.20002], [-80.813143, 35.199911], [-80.813027, 35.199835], [-80.812947, 35.199783], [-80.812944, 35.199781], [-80.812622, 35.199572], [-80.812278, 35.19936], [-80.811966, 35.199159], [-80.811865, 35.199091], [-80.811767, 35.19902], [-80.811672, 35.198945], [-80.811582, 35.198868], [-80.811494, 35.198788], [-80.811426, 35.19871], [-80.811227, 35.19849], [-80.811154, 35.198392], [-80.811116, 35.198337], [-80.811079, 35.198282], [-80.811043, 35.198226], [-80.811008, 35.19817], [-80.810975, 35.198113], [-80.810942, 35.198055], [-80.810911, 35.197998], [-80.810881, 35.197939], [-80.810852, 35.197881], [-80.810825, 35.197822], [-80.810798, 35.197762], [-80.810773, 35.197702], [-80.81075, 35.197642], [-80.810727, 35.197582], [-80.810706, 35.197521], [-80.810687, 35.19746], [-80.810668, 35.197398], [-80.810651, 35.197337], [-80.810635, 35.197275], [-80.81062, 35.197213], [-80.810607, 35.19715], [-80.810595, 35.197088], [-80.810584, 35.197025], [-80.810575, 35.196962], [-80.810568, 35.1969], [-80.810561, 35.196836], [-80.810555, 35.196773], [-80.810552, 35.19671], [-80.810549, 35.196647], [-80.810548, 35.196584], [-80.810548, 35.19652], [-80.81055, 35.196457], [-80.810552, 35.196394], [-80.810557, 35.196331], [-80.810562, 35.196268], [-80.810569, 35.196205], [-80.810577, 35.196142], [-80.810586, 35.196079], [-80.810598, 35.196016], [-80.810975, 35.193534], [-80.810999, 35.193375], [-80.811017, 35.19324], [-80.811028, 35.193149], [-80.811039, 35.193051], [-80.811054, 35.192924], [-80.811054, 35.192838], [-80.811059, 35.192746], [-80.81106, 35.192654], [-80.811058, 35.19256], [-80.811053, 35.192465], [-80.811039, 35.19229], [-80.811017, 35.192045], [-80.811002, 35.191843], [-80.810976, 35.191562], [-80.810884, 35.190707], [-80.810874, 35.190623], [-80.810844, 35.190321], [-80.810826, 35.190149], [-80.81075, 35.189482], [-80.810592, 35.189067], [-80.810392, 35.188658], [-80.810044, 35.187946], [-80.809913, 35.187677], [-80.809859, 35.187568], [-80.809648, 35.187137], [-80.809463, 35.186756], [-80.809314, 35.186452], [-80.809169, 35.186166], [-80.809149, 35.186132], [-80.808493, 35.185268], [-80.807632, 35.184234], [-80.806779, 35.183212], [-80.806147, 35.182453], [-80.805982, 35.182255], [-80.80537, 35.181521], [-80.805235, 35.181358], [-80.80509, 35.181185], [-80.805061, 35.181144], [-80.804913, 35.180979], [-80.804833, 35.180883], [-80.804753, 35.18081], [-80.804677, 35.180748], [-80.804564, 35.180654], [-80.804368, 35.180515], [-80.804177, 35.180385], [-80.804044, 35.180291], [-80.803683, 35.180042], [-80.803528, 35.179933], [-80.803078, 35.17962], [-80.802898, 35.179495], [-80.80259, 35.179277], [-80.802287, 35.179068], [-80.801243, 35.178351], [-80.800902, 35.178116], [-80.800733, 35.178001], [-80.800474, 35.17782], [-80.800296, 35.177696], [-80.800153, 35.177597], [-80.799903, 35.177423], [-80.799686, 35.177273], [-80.799555, 35.177182], [-80.799423, 35.177087], [-80.799297, 35.176989], [-80.799181, 35.176897], [-80.799032, 35.176769], [-80.798858, 35.176611], [-80.798612, 35.176355], [-80.798418, 35.176143], [-80.798336, 35.176059], [-80.798242, 35.17595], [-80.798232, 35.175937], [-80.798197, 35.175893], [-80.798182, 35.175858], [-80.798155, 35.175789], [-80.797973, 35.175254], [-80.797889, 35.175039], [-80.797788, 35.174775], [-80.797668, 35.174459], [-80.797663, 35.174446], [-80.797291, 35.17348], [-80.797258, 35.173396], [-80.797149, 35.173112], [-80.797061, 35.172883], [-80.796958, 35.172618], [-80.79685, 35.172344], [-80.796764, 35.172126], [-80.796658, 35.17186], [-80.796584, 35.171669], [-80.796468, 35.171372], [-80.796403, 35.171209], [-80.79632, 35.170996], [-80.796273, 35.170871], [-80.796259, 35.170836], [-80.796221, 35.17074], [-80.796112, 35.170452], [-80.795943, 35.170018], [-80.795878, 35.169851], [-80.795676, 35.169352], [-80.795469, 35.168846], [-80.795402, 35.168678], [-80.795289, 35.168396], [-80.795282, 35.168379], [-80.79521, 35.168198], [-80.795144, 35.16803], [-80.795026, 35.167731], [-80.794853, 35.167271], [-80.794815, 35.16716], [-80.794762, 35.167007], [-80.794705, 35.166806], [-80.794664, 35.166676], [-80.794568, 35.166364], [-80.794521, 35.166205], [-80.794461, 35.166037], [-80.794398, 35.165905], [-80.794369, 35.165841], [-80.794281, 35.165712], [-80.794175, 35.165562], [-80.794105, 35.165485], [-80.793909, 35.16529], [-80.793611, 35.165044], [-80.793397, 35.164869], [-80.792928, 35.164491], [-80.792458, 35.164106], [-80.792334, 35.164003], [-80.792152, 35.163852], [-80.791971, 35.163701], [-80.791407, 35.163189], [-80.791236, 35.163026], [-80.790929, 35.162733], [-80.790825, 35.162649], [-80.790808, 35.162635], [-80.790712, 35.162567], [-80.790607, 35.162502], [-80.790522, 35.162452], [-80.790382, 35.162382], [-80.790217, 35.162309], [-80.79006, 35.16225], [-80.789641, 35.162098], [-80.789489, 35.162042], [-80.78934, 35.16199], [-80.789228, 35.161941], [-80.789116, 35.161881], [-80.788999, 35.16181], [-80.788859, 35.161721], [-80.788709, 35.161608], [-80.788532, 35.161459], [-80.788203, 35.161199], [-80.787994, 35.161039], [-80.787828, 35.160932], [-80.787793, 35.160916], [-80.787766, 35.160903], [-80.78774, 35.160891], [-80.787714, 35.160878], [-80.787689, 35.160864], [-80.787663, 35.160851], [-80.787638, 35.160836], [-80.787613, 35.160822], [-80.787589, 35.160807], [-80.787565, 35.160792], [-80.787541, 35.160776], [-80.787517, 35.16076], [-80.787494, 35.160744], [-80.787471, 35.160728], [-80.787449, 35.160711], [-80.787427, 35.160694], [-80.787405, 35.160676], [-80.787384, 35.160658], [-80.787363, 35.16064], [-80.787343, 35.160622], [-80.787323, 35.160603], [-80.787303, 35.160584], [-80.787283, 35.160565], [-80.787265, 35.160545], [-80.787246, 35.160525], [-80.787228, 35.160505], [-80.78721, 35.160485], [-80.787193, 35.160464], [-80.787088, 35.160339], [-80.786804, 35.160001], [-80.786797, 35.159993]]}}, {"type": "Feature", "properties": {"name": "Rea Rd", "ksi": 7, "fatal": 4, "serious": 3, "ped": 0, "bike": 0, "miles": 8.0, "per_mile": 0.9}, "geometry": {"type": "LineString", "coordinates": [[-80.779444, 35.117352], [-80.779566, 35.11732], [-80.77967, 35.117293], [-80.779857, 35.117225], [-80.779969, 35.117175], [-80.780059, 35.11713], [-80.780094, 35.117113], [-80.780224, 35.117038], [-80.780409, 35.116922], [-80.780736, 35.116724], [-80.780962, 35.1166], [-80.781133, 35.116505], [-80.781398, 35.116361], [-80.781586, 35.116246], [-80.78164, 35.116214], [-80.781951, 35.116026], [-80.782187, 35.115896], [-80.782419, 35.115767], [-80.782497, 35.115721], [-80.782723, 35.115589], [-80.782747, 35.115575], [-80.783089, 35.115362], [-80.783469, 35.115109], [-80.783947, 35.114766], [-80.784287, 35.114519], [-80.784466, 35.114388], [-80.784663, 35.114243], [-80.784986, 35.114007], [-80.785304, 35.113775], [-80.785571, 35.113577], [-80.785899, 35.113341], [-80.786149, 35.113161], [-80.786839, 35.112649], [-80.787001, 35.112529], [-80.787423, 35.112231], [-80.787497, 35.112181], [-80.787575, 35.112133], [-80.787656, 35.112089], [-80.78774, 35.112049], [-80.787826, 35.112013], [-80.787915, 35.11198], [-80.788006, 35.111952], [-80.788081, 35.111931], [-80.788481, 35.111839], [-80.788703, 35.111798], [-80.788904, 35.111762], [-80.789062, 35.111735], [-80.78949, 35.111657], [-80.789672, 35.111618], [-80.789898, 35.11157], [-80.790179, 35.111501], [-80.790486, 35.111435], [-80.790906, 35.111346], [-80.791334, 35.111259], [-80.791581, 35.111195], [-80.791875, 35.11113], [-80.792004, 35.111101], [-80.792448, 35.111013], [-80.793074, 35.110916], [-80.793329, 35.110876], [-80.794037, 35.11073], [-80.794823, 35.110572], [-80.795561, 35.110413], [-80.795866, 35.11035], [-80.796498, 35.11022], [-80.796952, 35.110126], [-80.797346, 35.110045], [-80.797538, 35.109997], [-80.797882, 35.109917], [-80.798273, 35.109826], [-80.798482, 35.109779], [-80.798795, 35.109709], [-80.79927, 35.109603], [-80.799917, 35.10946], [-80.800291, 35.109375], [-80.800399, 35.109351], [-80.801492, 35.109129], [-80.802054, 35.109011], [-80.802329, 35.108942], [-80.802368, 35.108931], [-80.802408, 35.108917], [-80.802447, 35.108902], [-80.802484, 35.108884], [-80.802521, 35.108865], [-80.802556, 35.108844], [-80.802589, 35.108821], [-80.802713, 35.108729], [-80.802862, 35.108614], [-80.80311, 35.108412], [-80.80357, 35.108017], [-80.804208, 35.107478], [-80.804384, 35.107334], [-80.804402, 35.107319], [-80.804916, 35.106897], [-80.805112, 35.106741], [-80.805143, 35.106718], [-80.805312, 35.106588], [-80.805355, 35.106556], [-80.805735, 35.106271], [-80.805906, 35.106142], [-80.806165, 35.105949], [-80.806385, 35.10578], [-80.80667, 35.105567], [-80.806885, 35.105426], [-80.806986, 35.105364], [-80.807107, 35.105308], [-80.807249, 35.105252], [-80.807382, 35.105212], [-80.807538, 35.105182], [-80.807734, 35.105163], [-80.807928, 35.105146], [-80.807921, 35.105056], [-80.807917, 35.104901], [-80.807916, 35.104745], [-80.807922, 35.104608], [-80.807949, 35.104408], [-80.807969, 35.104241], [-80.808009, 35.104104], [-80.808094, 35.103814], [-80.808155, 35.103574], [-80.8082, 35.103398], [-80.808233, 35.103201], [-80.808259, 35.103068], [-80.808305, 35.102859], [-80.808368, 35.102595], [-80.808443, 35.102244], [-80.808487, 35.102058], [-80.808573, 35.101685], [-80.808656, 35.101337], [-80.808738, 35.100979], [-80.808833, 35.100575], [-80.808896, 35.100301], [-80.808926, 35.100171], [-80.809045, 35.099669], [-80.809163, 35.099166], [-80.809327, 35.098466], [-80.809457, 35.097901], [-80.809555, 35.097471], [-80.809585, 35.097342], [-80.809756, 35.096599], [-80.809781, 35.09649], [-80.809901, 35.09597], [-80.810114, 35.095065], [-80.810145, 35.094934], [-80.810318, 35.094203], [-80.810393, 35.093895], [-80.81055, 35.093244], [-80.810694, 35.092635], [-80.810759, 35.09236], [-80.810866, 35.091887], [-80.810918, 35.091657], [-80.810972, 35.09142], [-80.811, 35.091296], [-80.811019, 35.091213], [-80.811114, 35.0908], [-80.811258, 35.090151], [-80.811325, 35.089849], [-80.811377, 35.089613], [-80.811458, 35.089252], [-80.8115, 35.089086], [-80.811516, 35.089023], [-80.81175, 35.088019], [-80.81188, 35.087489], [-80.812012, 35.086954], [-80.812029, 35.086577], [-80.811999, 35.086271], [-80.811762, 35.085423], [-80.81158, 35.084619], [-80.811593, 35.084132], [-80.81167, 35.083778], [-80.811856, 35.083327], [-80.812095, 35.082987], [-80.812258, 35.082801], [-80.812598, 35.082495], [-80.812996, 35.082225], [-80.813931, 35.081852], [-80.815082, 35.08135], [-80.815455, 35.081128], [-80.815758, 35.080876], [-80.816052, 35.080561], [-80.816326, 35.08014], [-80.816354, 35.080083], [-80.816454, 35.079882], [-80.81651, 35.079696], [-80.816545, 35.079513], [-80.816552, 35.07941], [-80.816581, 35.078921], [-80.816628, 35.078369], [-80.816677, 35.077849], [-80.816737, 35.077], [-80.816805, 35.076682], [-80.816949, 35.076354], [-80.817097, 35.076091], [-80.817408, 35.075637], [-80.818061, 35.074642], [-80.818329, 35.074215], [-80.81863, 35.073771], [-80.818898, 35.073407], [-80.819148, 35.073008], [-80.819264, 35.07278], [-80.819319, 35.072618], [-80.819396, 35.072404], [-80.819449, 35.072137], [-80.819458, 35.071891], [-80.819441, 35.071611], [-80.819426, 35.071491], [-80.819422, 35.071457], [-80.819348, 35.071154], [-80.819285, 35.070985], [-80.819117, 35.070688], [-80.818573, 35.069963], [-80.818461, 35.069761], [-80.818423, 35.069692], [-80.818343, 35.069502], [-80.818276, 35.069288], [-80.81824, 35.069111], [-80.818217, 35.069003], [-80.818189, 35.068752], [-80.818069, 35.067676], [-80.818039, 35.067519], [-80.81803, 35.067486], [-80.818003, 35.06738], [-80.817911, 35.067071], [-80.817858, 35.066964], [-80.817055, 35.065867], [-80.816761, 35.065461], [-80.81665, 35.065308], [-80.816408, 35.064974], [-80.81637, 35.064921], [-80.815985, 35.064407], [-80.815796, 35.064139], [-80.815774, 35.06411], [-80.815584, 35.063875], [-80.81545, 35.063696], [-80.815345, 35.063556], [-80.815043, 35.063155], [-80.814909, 35.06296], [-80.814598, 35.062511], [-80.814529, 35.062411], [-80.813889, 35.061509], [-80.813597, 35.061109], [-80.813402, 35.060851], [-80.813256, 35.060648], [-80.813138, 35.060478], [-80.813063, 35.06037], [-80.813054, 35.060357], [-80.812971, 35.060242], [-80.812895, 35.060149], [-80.812825, 35.060045], [-80.812769, 35.059957], [-80.812727, 35.05988], [-80.812677, 35.05977], [-80.812585, 35.059577], [-80.812503, 35.059294], [-80.812446, 35.058962], [-80.812432, 35.058124], [-80.812451, 35.057119], [-80.812449, 35.056381], [-80.812455, 35.055974], [-80.812456, 35.055782], [-80.812441, 35.055542], [-80.8124, 35.055296], [-80.812337, 35.055072], [-80.812254, 35.054824], [-80.812137, 35.054578], [-80.811997, 35.054356], [-80.811944, 35.054273], [-80.811763, 35.054013], [-80.81158, 35.053824], [-80.810923, 35.053163], [-80.810649, 35.052912], [-80.810311, 35.052553], [-80.809942, 35.052146], [-80.809736, 35.051853], [-80.809554, 35.051537], [-80.809452, 35.051326], [-80.809413, 35.051243], [-80.809401, 35.051219], [-80.809259, 35.050854], [-80.809142, 35.050488], [-80.80902, 35.049995], [-80.808994, 35.049888], [-80.808898, 35.049493], [-80.808711, 35.048729], [-80.808595, 35.048229], [-80.808508, 35.047871], [-80.808421, 35.047513], [-80.808272, 35.046836], [-80.808172, 35.046393], [-80.808015, 35.045834], [-80.807985, 35.045705], [-80.807933, 35.045476], [-80.807878, 35.045207], [-80.807851, 35.045081], [-80.807837, 35.044901], [-80.807828, 35.04476], [-80.80782, 35.04459], [-80.807828, 35.044417], [-80.807847, 35.044262], [-80.807868, 35.044118], [-80.807934, 35.043831], [-80.807953, 35.043735], [-80.808048, 35.043254], [-80.808182, 35.042607], [-80.808197, 35.042522], [-80.80822, 35.042353], [-80.808237, 35.042132], [-80.808214, 35.041906], [-80.808176, 35.041679], [-80.80811, 35.041438], [-80.808027, 35.041233], [-80.807903, 35.040955], [-80.807738, 35.040693], [-80.807574, 35.040479], [-80.807284, 35.040186], [-80.806646, 35.03954], [-80.806348, 35.039239], [-80.806288, 35.039182], [-80.806122, 35.039021], [-80.805944, 35.038834], [-80.80575, 35.038609], [-80.805656, 35.038462], [-80.805565, 35.038322], [-80.805404, 35.038046], [-80.805281, 35.037823], [-80.805109, 35.037477], [-80.804985, 35.037171], [-80.804906, 35.03689], [-80.804846, 35.036665], [-80.804799, 35.036217], [-80.804781, 35.0357], [-80.804791, 35.035585], [-80.804805, 35.035447], [-80.804813, 35.035319], [-80.804886, 35.034933], [-80.804987, 35.034566], [-80.805048, 35.034422], [-80.805218, 35.03403], [-80.805351, 35.033753], [-80.805418, 35.033642], [-80.805635, 35.033283], [-80.805785, 35.033024], [-80.806008, 35.032641], [-80.806186, 35.032339], [-80.806369, 35.032008], [-80.806558, 35.031663], [-80.806708, 35.031414], [-80.806792, 35.031265], [-80.806886, 35.031112], [-80.80762, 35.029872], [-80.807908, 35.029383], [-80.808305, 35.028708], [-80.808508, 35.028366], [-80.808637, 35.028137], [-80.808712, 35.028006], [-80.808834, 35.027776], [-80.808962, 35.027556], [-80.809073, 35.02735], [-80.809184, 35.027106], [-80.809249, 35.026924], [-80.809302, 35.026743], [-80.809345, 35.026585], [-80.809412, 35.026223], [-80.809446, 35.025928], [-80.809468, 35.02561], [-80.80945, 35.025344], [-80.809416, 35.025092], [-80.809364, 35.024856], [-80.809283, 35.024557], [-80.809227, 35.024383], [-80.809154, 35.024213], [-80.809009, 35.023883], [-80.808879, 35.023592], [-80.808778, 35.023389], [-80.808693, 35.023234], [-80.808595, 35.023055]]}}, {"type": "Feature", "properties": {"name": "Reames Rd", "ksi": 1, "fatal": 0, "serious": 1, "ped": 0, "bike": 0, "miles": 4.1, "per_mile": 0.2}, "geometry": {"type": "MultiLineString", "coordinates": [[[-80.850585, 35.307033], [-80.850588, 35.307086], [-80.850595, 35.307114], [-80.850601, 35.307142], [-80.850606, 35.30717], [-80.850612, 35.307199], [-80.850616, 35.307227], [-80.85062, 35.307256], [-80.850623, 35.307284], [-80.850626, 35.307313], [-80.850628, 35.307341], [-80.850629, 35.30737], [-80.85063, 35.307399], [-80.85063, 35.307428], [-80.850635, 35.307477], [-80.850635, 35.307518], [-80.850632, 35.307573], [-80.850629, 35.307618], [-80.850621, 35.307661], [-80.850611, 35.307716], [-80.850601, 35.30775], [-80.850594, 35.307782], [-80.850583, 35.307812], [-80.850572, 35.307843], [-80.850561, 35.307876], [-80.850545, 35.307914], [-80.850526, 35.307955], [-80.850511, 35.307985], [-80.850494, 35.308016], [-80.850472, 35.308051], [-80.850446, 35.308091], [-80.850406, 35.308151], [-80.850343, 35.308235], [-80.850117, 35.308538], [-80.849938, 35.308774], [-80.849572, 35.309265], [-80.849367, 35.309538], [-80.849291, 35.309641], [-80.849222, 35.309738], [-80.849185, 35.309792], [-80.849151, 35.309847], [-80.849127, 35.309895], [-80.849099, 35.30995], [-80.849074, 35.310005], [-80.849049, 35.31007], [-80.849031, 35.310117], [-80.849013, 35.310167], [-80.848992, 35.310228], [-80.848978, 35.310276], [-80.848964, 35.310337], [-80.848951, 35.310404], [-80.848941, 35.310491], [-80.84894, 35.310504], [-80.848932, 35.310602], [-80.848928, 35.310701], [-80.848932, 35.310795], [-80.84894, 35.310877], [-80.848955, 35.310969], [-80.848974, 35.311059], [-80.848993, 35.311133], [-80.849015, 35.311201], [-80.849041, 35.311274], [-80.84908, 35.311361], [-80.849117, 35.311443], [-80.849177, 35.311546], [-80.84924, 35.311642], [-80.849328, 35.311768], [-80.84945, 35.311933], [-80.849599, 35.31213], [-80.849748, 35.312327], [-80.849899, 35.312532], [-80.850143, 35.312854], [-80.850424, 35.313232], [-80.850566, 35.313423], [-80.850796, 35.31373], [-80.85105, 35.314067], [-80.851302, 35.314402], [-80.851548, 35.314729], [-80.851756, 35.315005], [-80.85196, 35.315275], [-80.852151, 35.31553], [-80.852202, 35.315599], [-80.852312, 35.315744], [-80.852403, 35.315873], [-80.852443, 35.315932], [-80.852506, 35.316029], [-80.852535, 35.316077], [-80.852561, 35.316127], [-80.852582, 35.316168], [-80.852602, 35.316217], [-80.852616, 35.316254], [-80.852634, 35.316308], [-80.852648, 35.31635], [-80.852664, 35.316408], [-80.852678, 35.316473], [-80.852687, 35.316528], [-80.852696, 35.316597], [-80.852699, 35.316687], [-80.852694, 35.316804], [-80.85268, 35.316963], [-80.85264, 35.317306], [-80.852598, 35.317672], [-80.852576, 35.317878], [-80.852566, 35.317973], [-80.852553, 35.318099], [-80.8525, 35.318581], [-80.852476, 35.31883], [-80.852451, 35.31906], [-80.852423, 35.31933], [-80.852386, 35.319645], [-80.85236, 35.319897], [-80.852326, 35.320196], [-80.852296, 35.320478], [-80.852271, 35.320706], [-80.852246, 35.320946], [-80.852229, 35.321106], [-80.852209, 35.321297], [-80.852194, 35.321433], [-80.852184, 35.32153], [-80.852171, 35.32165], [-80.852159, 35.321759], [-80.852117, 35.322149], [-80.852084, 35.32244], [-80.852055, 35.322702], [-80.852049, 35.32275], [-80.852009, 35.323111], [-80.851976, 35.323423], [-80.851967, 35.323507], [-80.851965, 35.323525], [-80.851944, 35.323723], [-80.85192, 35.323952], [-80.851896, 35.324183], [-80.851877, 35.324363], [-80.851853, 35.324582], [-80.851823, 35.324839], [-80.851789, 35.325124], [-80.851757, 35.325439], [-80.851738, 35.325641], [-80.851725, 35.325745], [-80.851696, 35.325974], [-80.851672, 35.326192], [-80.85166, 35.326303], [-80.851625, 35.326629], [-80.851597, 35.32692], [-80.851568, 35.327203], [-80.851544, 35.327497], [-80.851533, 35.32762], [-80.85153, 35.327719], [-80.851526, 35.327821], [-80.851526, 35.327921], [-80.851528, 35.328037], [-80.851532, 35.32817], [-80.851538, 35.328261], [-80.851543, 35.328329], [-80.851556, 35.328486], [-80.851574, 35.328637], [-80.851591, 35.32877], [-80.851615, 35.328916], [-80.851653, 35.329117], [-80.851654, 35.329125], [-80.851697, 35.329315], [-80.851755, 35.329566], [-80.851821, 35.329844], [-80.851889, 35.330142], [-80.851955, 35.330425], [-80.85199, 35.330572], [-80.852029, 35.330738], [-80.852103, 35.33105], [-80.852167, 35.331323], [-80.852241, 35.331648], [-80.852294, 35.331883], [-80.852356, 35.332138], [-80.852387, 35.332257], [-80.852424, 35.332257], [-80.85246, 35.332262], [-80.852495, 35.332271], [-80.852528, 35.332285], [-80.852558, 35.332303], [-80.852584, 35.332324], [-80.852605, 35.332348], [-80.852622, 35.332375]], [[-80.852222, 35.33259], [-80.852249, 35.332612], [-80.85228, 35.33263], [-80.852314, 35.332644], [-80.852351, 35.332652], [-80.852389, 35.332656], [-80.852427, 35.332655], [-80.852464, 35.332649], [-80.85302, 35.333843], [-80.853063, 35.333941], [-80.85372, 35.335436], [-80.853803, 35.335628], [-80.853922, 35.335886], [-80.853998, 35.336027], [-80.854065, 35.336142], [-80.854093, 35.336183], [-80.854137, 35.336246], [-80.854226, 35.336348], [-80.854248, 35.336374], [-80.854303, 35.336439], [-80.854322, 35.336462], [-80.854429, 35.336579], [-80.854528, 35.33669], [-80.854561, 35.336725], [-80.854617, 35.336786], [-80.854761, 35.336945], [-80.854913, 35.337112], [-80.855082, 35.337298], [-80.855258, 35.337488], [-80.855409, 35.337652], [-80.855604, 35.337861], [-80.855783, 35.338057], [-80.855916, 35.3382], [-80.856013, 35.338304], [-80.856262, 35.33858], [-80.856379, 35.338708], [-80.856488, 35.338828], [-80.856664, 35.33902], [-80.85673, 35.339091], [-80.856999, 35.339386], [-80.857288, 35.339696], [-80.857508, 35.339934], [-80.857713, 35.340157], [-80.857899, 35.340365], [-80.858018, 35.340505], [-80.858108, 35.340615], [-80.858161, 35.340687], [-80.858179, 35.340711], [-80.85823, 35.340785], [-80.858258, 35.340832], [-80.858281, 35.340871], [-80.858307, 35.340921], [-80.858327, 35.340956], [-80.858355, 35.341011], [-80.858383, 35.341071], [-80.858412, 35.341138], [-80.858431, 35.341188], [-80.858445, 35.34123], [-80.858449, 35.341242], [-80.858468, 35.341305], [-80.85848, 35.341344], [-80.858499, 35.341408], [-80.858508, 35.34145], [-80.858519, 35.3415], [-80.858526, 35.34154], [-80.858534, 35.34159], [-80.858541, 35.341643], [-80.858547, 35.341691], [-80.858554, 35.34176], [-80.858559, 35.341826], [-80.858562, 35.341862], [-80.858567, 35.341917], [-80.85857, 35.342026], [-80.858571, 35.342094], [-80.858569, 35.342142], [-80.858566, 35.342203], [-80.858561, 35.342251], [-80.858554, 35.3423], [-80.858543, 35.342358], [-80.858531, 35.342409], [-80.858515, 35.342464], [-80.858492, 35.342533], [-80.858465, 35.342611], [-80.85842, 35.34273], [-80.858316, 35.343019], [-80.858205, 35.343326], [-80.858194, 35.343353], [-80.858072, 35.343687], [-80.858062, 35.343713], [-80.858044, 35.343761], [-80.858009, 35.343857], [-80.8579, 35.34415], [-80.857858, 35.344259], [-80.857811, 35.34438], [-80.857749, 35.344538], [-80.857582, 35.344982], [-80.857235, 35.34595], [-80.857198, 35.346052], [-80.857174, 35.34614], [-80.857154, 35.346218], [-80.85714, 35.346302], [-80.857112, 35.346472], [-80.857096, 35.346685], [-80.857121, 35.347095]], [[-80.839286, 35.34515], [-80.838897, 35.345406], [-80.838569, 35.34563], [-80.838401, 35.345758], [-80.834624, 35.348371], [-80.834501, 35.348461], [-80.834383, 35.348555], [-80.83427, 35.348653], [-80.834162, 35.348755], [-80.83406, 35.348861], [-80.833963, 35.34897], [-80.833872, 35.349082], [-80.833314, 35.349827], [-80.833265, 35.349881], [-80.833209, 35.349931], [-80.833147, 35.349976], [-80.83308, 35.350016], [-80.833009, 35.35005], [-80.832933, 35.350078], [-80.832855, 35.350099], [-80.832774, 35.350114], [-80.832683, 35.350122], [-80.832592, 35.350124], [-80.8325, 35.350122], [-80.832409, 35.350114], [-80.832326, 35.350095], [-80.832246, 35.35007], [-80.83217, 35.350039], [-80.832098, 35.350001], [-80.832031, 35.349958], [-80.828193, 35.346993], [-80.825708, 35.345097], [-80.825645, 35.345055], [-80.825578, 35.345017], [-80.825506, 35.344986], [-80.82543, 35.344961], [-80.825351, 35.344943], [-80.825271, 35.344932], [-80.823991, 35.344826]]]}}, {"type": "Feature", "properties": {"name": "Robinson Church Rd", "ksi": 4, "fatal": 1, "serious": 3, "ped": 0, "bike": 0, "miles": 4.01, "per_mile": 1.0}, "geometry": {"type": "LineString", "coordinates": [[-80.729736, 35.231369], [-80.729237, 35.231729], [-80.729216, 35.231741], [-80.729169, 35.231763], [-80.729154, 35.231769], [-80.72912, 35.231782], [-80.729069, 35.231796], [-80.729016, 35.231806], [-80.728963, 35.231812], [-80.728909, 35.231814], [-80.728855, 35.231812], [-80.72859, 35.231775], [-80.72833, 35.231734], [-80.728065, 35.231689], [-80.727879, 35.231658], [-80.72749, 35.231588], [-80.727094, 35.231517], [-80.726631, 35.231431], [-80.725914, 35.231297], [-80.725484, 35.231216], [-80.725395, 35.231199], [-80.725011, 35.231129], [-80.724798, 35.231089], [-80.724464, 35.231026], [-80.724032, 35.23094], [-80.723667, 35.230861], [-80.723287, 35.230775], [-80.723196, 35.230754], [-80.722608, 35.230614], [-80.722154, 35.230509], [-80.721852, 35.230441], [-80.721076, 35.230267], [-80.720722, 35.23019], [-80.720223, 35.230075], [-80.719955, 35.230014], [-80.718947, 35.229787], [-80.718394, 35.229664], [-80.717876, 35.229548], [-80.717391, 35.229433], [-80.7168, 35.229298], [-80.716368, 35.229199], [-80.715948, 35.229105], [-80.715689, 35.229052], [-80.715524, 35.229027], [-80.715375, 35.229005], [-80.715235, 35.228994], [-80.715049, 35.228985], [-80.714882, 35.228984], [-80.714751, 35.228994], [-80.714578, 35.229016], [-80.714391, 35.229052], [-80.714188, 35.229101], [-80.71398, 35.229163], [-80.713616, 35.229284], [-80.713205, 35.229417], [-80.7126, 35.229609], [-80.712256, 35.229718], [-80.711835, 35.229856], [-80.711411, 35.23], [-80.711199, 35.230071], [-80.710979, 35.230145], [-80.710595, 35.230271], [-80.710228, 35.230394], [-80.709741, 35.230554], [-80.709337, 35.230682], [-80.709073, 35.230766], [-80.70901, 35.230787], [-80.708641, 35.230903], [-80.708486, 35.230955], [-80.708353, 35.230999], [-80.708029, 35.2311], [-80.707662, 35.231223], [-80.707133, 35.231395], [-80.706721, 35.231532], [-80.706348, 35.231657], [-80.705971, 35.231786], [-80.70595, 35.231793], [-80.705549, 35.23194], [-80.705233, 35.232065], [-80.705053, 35.232149], [-80.704928, 35.23221], [-80.704819, 35.232273], [-80.704736, 35.23232], [-80.704659, 35.232375], [-80.704588, 35.232427], [-80.704506, 35.232489], [-80.704418, 35.232564], [-80.704313, 35.232664], [-80.70423, 35.232749], [-80.704176, 35.232805], [-80.704085, 35.232911], [-80.70397, 35.233053], [-80.703893, 35.233163], [-80.703756, 35.233369], [-80.703543, 35.233716], [-80.703316, 35.234103], [-80.703221, 35.234273], [-80.703102, 35.234479], [-80.702978, 35.234694], [-80.702853, 35.234913], [-80.702711, 35.235153], [-80.702548, 35.235439], [-80.702483, 35.235552], [-80.70247, 35.235574], [-80.702402, 35.235694], [-80.702363, 35.235762], [-80.702225, 35.235989], [-80.702056, 35.236281], [-80.702054, 35.236285], [-80.701904, 35.236548], [-80.701812, 35.236706], [-80.701774, 35.23677], [-80.70176, 35.236794], [-80.701656, 35.23698], [-80.701549, 35.237163], [-80.701412, 35.237391], [-80.701338, 35.237523], [-80.701243, 35.237688], [-80.701148, 35.237833], [-80.701139, 35.237846], [-80.701087, 35.237923], [-80.70105, 35.237979], [-80.700994, 35.238061], [-80.700958, 35.238112], [-80.700896, 35.238196], [-80.700851, 35.238253], [-80.700824, 35.238287], [-80.70079, 35.238329], [-80.700742, 35.238386], [-80.70068, 35.238456], [-80.700604, 35.238538], [-80.700521, 35.238625], [-80.700426, 35.238722], [-80.700282, 35.238862], [-80.700126, 35.239014], [-80.699995, 35.239138], [-80.699833, 35.239294], [-80.699832, 35.239295], [-80.699677, 35.239445], [-80.699522, 35.239594], [-80.699251, 35.239854], [-80.699086, 35.24001], [-80.698934, 35.240154], [-80.698795, 35.240285], [-80.698641, 35.240431], [-80.698438, 35.240625], [-80.698192, 35.240861], [-80.698053, 35.240992], [-80.697897, 35.241138], [-80.697843, 35.241188], [-80.697587, 35.24142], [-80.697431, 35.241554], [-80.697287, 35.241671], [-80.697144, 35.24178], [-80.696997, 35.241887], [-80.696889, 35.241961], [-80.696815, 35.242009], [-80.696706, 35.242076], [-80.696652, 35.242105], [-80.696583, 35.24214], [-80.696497, 35.242183], [-80.696324, 35.242265], [-80.696201, 35.24232], [-80.69605, 35.242379], [-80.695926, 35.242426], [-80.695765, 35.242482], [-80.695638, 35.242521], [-80.695544, 35.242548], [-80.695438, 35.242577], [-80.695334, 35.242604], [-80.695226, 35.242629], [-80.695078, 35.242663], [-80.694936, 35.242692], [-80.694803, 35.242719], [-80.694643, 35.24275], [-80.694448, 35.242787], [-80.694193, 35.242833], [-80.693934, 35.24288], [-80.693895, 35.242887], [-80.693714, 35.242919], [-80.693506, 35.242955], [-80.693233, 35.243], [-80.69304, 35.243034], [-80.693008, 35.24304], [-80.692702, 35.243091], [-80.6925, 35.243127], [-80.692274, 35.243167], [-80.692038, 35.24321], [-80.69179, 35.243255], [-80.69138, 35.243328], [-80.690998, 35.243394], [-80.690819, 35.243422], [-80.690639, 35.243451], [-80.69038, 35.243491], [-80.690158, 35.243524], [-80.689934, 35.243553], [-80.689707, 35.243576], [-80.689475, 35.243598], [-80.689287, 35.243613], [-80.689172, 35.24362], [-80.689079, 35.243625], [-80.68897, 35.24363], [-80.688836, 35.243635], [-80.688732, 35.243636], [-80.688611, 35.243637], [-80.68846, 35.243638], [-80.688303, 35.243634], [-80.688143, 35.243629], [-80.68801, 35.243625], [-80.687845, 35.243615], [-80.687697, 35.243605], [-80.687579, 35.243595], [-80.687455, 35.243583], [-80.687288, 35.243566], [-80.687135, 35.243548], [-80.686988, 35.243527], [-80.68678, 35.243497], [-80.686643, 35.243477], [-80.68652, 35.243455], [-80.686372, 35.243427], [-80.686322, 35.243417], [-80.68621, 35.243394], [-80.686096, 35.243369], [-80.685881, 35.243318], [-80.685723, 35.243278], [-80.685547, 35.243229], [-80.685407, 35.243189], [-80.685267, 35.243148], [-80.685088, 35.24309], [-80.684936, 35.243038], [-80.684792, 35.24299], [-80.684543, 35.242903], [-80.684236, 35.242794], [-80.684019, 35.242714], [-80.683733, 35.242611], [-80.683481, 35.24252], [-80.683087, 35.242376], [-80.682746, 35.242252], [-80.682534, 35.242181], [-80.682287, 35.242094], [-80.682234, 35.242076], [-80.682099, 35.24203], [-80.681956, 35.241986], [-80.681839, 35.241954], [-80.68175, 35.241931], [-80.681668, 35.241913], [-80.681564, 35.241895], [-80.681483, 35.241883], [-80.681391, 35.241874], [-80.681283, 35.24187], [-80.681189, 35.241868], [-80.681013, 35.241875], [-80.680894, 35.241883], [-80.680745, 35.241906], [-80.680591, 35.241936], [-80.680457, 35.241969], [-80.680353, 35.241997], [-80.680215, 35.242037], [-80.680078, 35.242079], [-80.680045, 35.24209], [-80.679878, 35.242144], [-80.679724, 35.242189], [-80.679572, 35.24223], [-80.679411, 35.242272], [-80.679287, 35.242298], [-80.679177, 35.242318], [-80.679061, 35.242336], [-80.678942, 35.242348], [-80.678801, 35.24236], [-80.678664, 35.242366], [-80.678539, 35.242367], [-80.678413, 35.242367], [-80.678256, 35.242363], [-80.678117, 35.242355], [-80.678, 35.242347], [-80.677866, 35.242334], [-80.677737, 35.242315], [-80.677592, 35.242292], [-80.677463, 35.242267], [-80.677348, 35.24224], [-80.677219, 35.242207], [-80.677089, 35.242169], [-80.676974, 35.242131], [-80.676853, 35.24209], [-80.676722, 35.242038], [-80.676587, 35.24198], [-80.676466, 35.241924], [-80.676354, 35.241868], [-80.676226, 35.241802], [-80.67615, 35.241762], [-80.676076, 35.241724], [-80.67593, 35.241644], [-80.675763, 35.24155], [-80.675556, 35.241436], [-80.67527, 35.241276], [-80.675002, 35.241123], [-80.674871, 35.241052], [-80.674801, 35.241013], [-80.674562, 35.240878], [-80.674319, 35.240741], [-80.674122, 35.24063], [-80.673946, 35.240527], [-80.673792, 35.240439], [-80.673665, 35.240364], [-80.673557, 35.240299], [-80.673449, 35.240228], [-80.673398, 35.240195], [-80.673389, 35.240189], [-80.673339, 35.240155], [-80.673264, 35.240099], [-80.67319, 35.240039], [-80.673105, 35.239971], [-80.673022, 35.239898], [-80.672943, 35.239823], [-80.672859, 35.239741], [-80.672782, 35.239666], [-80.672677, 35.239557], [-80.672571, 35.239452], [-80.672559, 35.239441], [-80.672472, 35.239354], [-80.672308, 35.239183], [-80.672155, 35.239021], [-80.671994, 35.238849], [-80.671746, 35.238585], [-80.67156, 35.238392], [-80.671553, 35.238385], [-80.67135, 35.238171], [-80.671199, 35.238009], [-80.670993, 35.237793], [-80.670898, 35.237701], [-80.67081, 35.237623], [-80.670742, 35.237568], [-80.670678, 35.237521], [-80.670604, 35.237469], [-80.670514, 35.237417], [-80.670428, 35.23737], [-80.670302, 35.237313], [-80.670152, 35.237247], [-80.670011, 35.237187], [-80.66991, 35.237154]]}}, {"type": "Feature", "properties": {"name": "Rozzelles Ferry Rd", "ksi": 5, "fatal": 3, "serious": 2, "ped": 2, "bike": 0, "miles": 6.26, "per_mile": 0.8}, "geometry": {"type": "MultiLineString", "coordinates": [[[-80.858713, 35.241733], [-80.858763, 35.241759], [-80.859145, 35.24195], [-80.859521, 35.242137], [-80.860364, 35.24257], [-80.860736, 35.242757], [-80.861123, 35.242952], [-80.861362, 35.243072], [-80.862046, 35.243417], [-80.862274, 35.243532], [-80.862303, 35.243547], [-80.862865, 35.243825], [-80.863418, 35.244104], [-80.863531, 35.244161], [-80.863826, 35.244307], [-80.864013, 35.2444], [-80.86479, 35.244793], [-80.865636, 35.24522], [-80.865958, 35.245383], [-80.866044, 35.245425], [-80.867017, 35.245909], [-80.867599, 35.246212], [-80.867722, 35.246276], [-80.867814, 35.246325], [-80.867904, 35.246378], [-80.86799, 35.246434], [-80.868051, 35.246478], [-80.868096, 35.246513], [-80.868161, 35.246571], [-80.868223, 35.246631], [-80.868279, 35.246694], [-80.868288, 35.246704], [-80.868343, 35.246772], [-80.868394, 35.246842], [-80.868398, 35.246848], [-80.868441, 35.246915], [-80.868459, 35.246947], [-80.868586, 35.247196], [-80.868782, 35.24757], [-80.86905, 35.248092], [-80.869089, 35.248168], [-80.869378, 35.248728], [-80.869543, 35.249052], [-80.869687, 35.249329], [-80.869748, 35.249448], [-80.870317, 35.25055], [-80.870456, 35.250817], [-80.870686, 35.251268], [-80.87096, 35.251804], [-80.871513, 35.252869], [-80.871622, 35.253079], [-80.871854, 35.25351], [-80.871919, 35.253601], [-80.871988, 35.25369], [-80.872062, 35.253776], [-80.872139, 35.25386], [-80.872222, 35.25394], [-80.872308, 35.254018], [-80.872348, 35.254052], [-80.872572, 35.254227], [-80.872597, 35.254241], [-80.872615, 35.254254], [-80.872631, 35.254267], [-80.872647, 35.25428], [-80.872663, 35.254293], [-80.872678, 35.254306], [-80.872694, 35.25432], [-80.872709, 35.254334], [-80.872723, 35.254348], [-80.872738, 35.254362], [-80.872752, 35.254376], [-80.872766, 35.254391], [-80.87278, 35.254406], [-80.872793, 35.254421], [-80.872805, 35.254437], [-80.872818, 35.254452], [-80.87283, 35.254468], [-80.872842, 35.254483], [-80.872854, 35.254499], [-80.872865, 35.254515], [-80.872876, 35.254532], [-80.872886, 35.254548], [-80.872896, 35.254565], [-80.872906, 35.254581], [-80.872916, 35.254598], [-80.872925, 35.254615], [-80.872933, 35.254632], [-80.872942, 35.25465], [-80.87295, 35.254667], [-80.872957, 35.254684], [-80.872965, 35.254702], [-80.872971, 35.25472], [-80.872978, 35.254737], [-80.872984, 35.254755], [-80.87299, 35.254773], [-80.872995, 35.254791], [-80.873, 35.254809], [-80.873005, 35.254827], [-80.873009, 35.254846], [-80.873013, 35.254864], [-80.873017, 35.254885]], [[-80.873905, 35.255274], [-80.874174, 35.255484], [-80.874641, 35.255858], [-80.875094, 35.256212], [-80.87529, 35.256354], [-80.875522, 35.256535], [-80.875714, 35.256683], [-80.875772, 35.256735], [-80.875862, 35.256818], [-80.876045, 35.256962], [-80.876243, 35.257115], [-80.876402, 35.257236], [-80.876562, 35.257346], [-80.876834, 35.257542], [-80.876839, 35.257545], [-80.877128, 35.257802], [-80.877476, 35.258071], [-80.87778, 35.2583], [-80.877828, 35.258341], [-80.877889, 35.258392], [-80.878065, 35.258538], [-80.878191, 35.258642], [-80.87854, 35.258939], [-80.878608, 35.259006], [-80.878673, 35.259076], [-80.878733, 35.259149], [-80.878789, 35.259223], [-80.878835, 35.259291], [-80.878869, 35.25934], [-80.878888, 35.259369], [-80.878937, 35.259448], [-80.878982, 35.259528], [-80.879014, 35.259596], [-80.879034, 35.259657], [-80.879059, 35.259716], [-80.879088, 35.259774], [-80.879123, 35.25983], [-80.879129, 35.259839], [-80.879226, 35.259972], [-80.879328, 35.260102], [-80.879434, 35.260229], [-80.879444, 35.260242], [-80.879645, 35.260473], [-80.879776, 35.260619], [-80.87985, 35.260701], [-80.879974, 35.260838], [-80.8801, 35.260976], [-80.880131, 35.26101], [-80.880293, 35.261183], [-80.880308, 35.261198], [-80.880441, 35.261336], [-80.880973, 35.261941], [-80.8811, 35.262086], [-80.881637, 35.262709], [-80.88181, 35.26291], [-80.882597, 35.263823], [-80.882617, 35.263846], [-80.882737, 35.263985], [-80.883133, 35.264445], [-80.883466, 35.264831], [-80.883878, 35.265312], [-80.884081, 35.265555], [-80.884162, 35.265651], [-80.884434, 35.265973], [-80.884621, 35.266194], [-80.884662, 35.266243], [-80.885145, 35.266829], [-80.885214, 35.266896], [-80.886054, 35.267891], [-80.886703, 35.268669], [-80.887319, 35.269408], [-80.887372, 35.269472], [-80.887615, 35.269748], [-80.887911, 35.270094], [-80.888032, 35.270242], [-80.888457, 35.270767], [-80.888593, 35.270932], [-80.888797, 35.271179], [-80.88931, 35.271792], [-80.889575, 35.272102], [-80.889981, 35.272564], [-80.890131, 35.272731], [-80.890275, 35.272881], [-80.890423, 35.273028], [-80.890574, 35.273173], [-80.890656, 35.273248], [-80.891324, 35.273761], [-80.891793, 35.274141], [-80.891936, 35.274242], [-80.892084, 35.27434], [-80.892234, 35.274434], [-80.892307, 35.274478], [-80.892411, 35.274531], [-80.892563, 35.274603], [-80.892847, 35.274697], [-80.893093, 35.274779], [-80.893508, 35.274919], [-80.89371, 35.274975], [-80.894142, 35.275111], [-80.894652, 35.275283], [-80.894727, 35.275308], [-80.894844, 35.275352], [-80.894959, 35.275399], [-80.895071, 35.275451], [-80.895181, 35.275506], [-80.895271, 35.275555], [-80.895358, 35.275607], [-80.895442, 35.275662], [-80.895637, 35.275811], [-80.895815, 35.275948], [-80.895915, 35.276023], [-80.896385, 35.27638], [-80.89648, 35.276467], [-80.896535, 35.276535], [-80.896861, 35.276772], [-80.896874, 35.276785], [-80.896882, 35.276792], [-80.896928, 35.276835], [-80.896977, 35.276877], [-80.897108, 35.27698], [-80.89723, 35.27708], [-80.897327, 35.277159], [-80.897718, 35.277501], [-80.89801, 35.277762], [-80.898071, 35.277817], [-80.898444, 35.278155], [-80.898807, 35.278483], [-80.899169, 35.27881], [-80.899522, 35.279124], [-80.899878, 35.27944], [-80.900063, 35.279596], [-80.900176, 35.27968], [-80.900236, 35.279724], [-80.900335, 35.279791], [-80.900369, 35.279814], [-80.900508, 35.279904], [-80.900601, 35.279961], [-80.900697, 35.280015], [-80.900866, 35.280113], [-80.901174, 35.280289], [-80.901547, 35.280501], [-80.90189, 35.280699], [-80.902186, 35.280866], [-80.90248, 35.281033], [-80.902827, 35.28123], [-80.903132, 35.281403], [-80.903367, 35.28156], [-80.903524, 35.281646], [-80.90379, 35.281771], [-80.904006, 35.281845], [-80.904119, 35.281885], [-80.904255, 35.281927], [-80.904392, 35.281966], [-80.904506, 35.281994], [-80.904621, 35.282017], [-80.904737, 35.282036], [-80.904874, 35.282054], [-80.905011, 35.282068], [-80.905149, 35.282077], [-80.905287, 35.282082], [-80.905516, 35.282086], [-80.905926, 35.282091], [-80.906167, 35.282096], [-80.906751, 35.282103], [-80.907196, 35.28211], [-80.907327, 35.282123], [-80.907801, 35.282136], [-80.908229, 35.282145], [-80.908788, 35.282153], [-80.90922, 35.282145], [-80.909721, 35.282151], [-80.910186, 35.28216], [-80.910534, 35.282164], [-80.910895, 35.282169], [-80.911264, 35.282173], [-80.911588, 35.282178], [-80.911957, 35.282184], [-80.912414, 35.282192], [-80.912935, 35.2822], [-80.913351, 35.282208], [-80.913978, 35.282217], [-80.914251, 35.282221], [-80.918134, 35.282286], [-80.919567, 35.282337], [-80.920965, 35.282341], [-80.921142, 35.282347], [-80.921318, 35.282347], [-80.921494, 35.282339], [-80.92167, 35.282324], [-80.921845, 35.282302], [-80.922018, 35.282273], [-80.922189, 35.282238], [-80.922358, 35.282195], [-80.923232, 35.281918]], [[-80.95251, 35.320802], [-80.952748, 35.321099], [-80.952941, 35.321376], [-80.953257, 35.321805], [-80.953487, 35.322153], [-80.953616, 35.322344], [-80.953706, 35.322476], [-80.954152, 35.323158], [-80.954676, 35.323898], [-80.954871, 35.324183], [-80.955777, 35.325515], [-80.955899, 35.325695], [-80.956032, 35.325891], [-80.956149, 35.326063], [-80.956271, 35.326237], [-80.956319, 35.326308], [-80.956381, 35.326402], [-80.95648, 35.326549], [-80.956557, 35.326666], [-80.956632, 35.326773], [-80.956718, 35.326902], [-80.956808, 35.327037], [-80.956872, 35.327131], [-80.956933, 35.327222], [-80.956984, 35.327294], [-80.956988, 35.327299], [-80.957064, 35.327411], [-80.957141, 35.327524], [-80.957223, 35.327642], [-80.957295, 35.327751], [-80.957394, 35.327899], [-80.95751, 35.328074], [-80.957539, 35.328118], [-80.957653, 35.328289], [-80.957737, 35.328421], [-80.957817, 35.328543], [-80.957903, 35.328682], [-80.958041, 35.32889], [-80.958162, 35.329083], [-80.958232, 35.329191], [-80.9583, 35.329296], [-80.958435, 35.329514], [-80.95855, 35.329695], [-80.95866, 35.329871], [-80.95877, 35.330045], [-80.95887, 35.33021], [-80.958893, 35.330247], [-80.958999, 35.330419], [-80.959073, 35.330535], [-80.959146, 35.330648], [-80.959207, 35.330742], [-80.95922, 35.330763], [-80.959287, 35.330874], [-80.959361, 35.330991], [-80.959466, 35.331153], [-80.959558, 35.331302], [-80.959669, 35.331479], [-80.959805, 35.331701], [-80.959932, 35.331903], [-80.960063, 35.332107], [-80.96027, 35.332428], [-80.960453, 35.332713], [-80.960594, 35.332941], [-80.960766, 35.333218], [-80.960881, 35.333403], [-80.961011, 35.333613], [-80.961142, 35.333825], [-80.96126, 35.33401], [-80.961371, 35.334188], [-80.961452, 35.334318], [-80.961515, 35.33442], [-80.961587, 35.334535], [-80.961665, 35.334658], [-80.961744, 35.334786], [-80.961824, 35.334913], [-80.961847, 35.33495], [-80.961953, 35.335116], [-80.962031, 35.335237], [-80.96211, 35.335359], [-80.962245, 35.335567], [-80.96236, 35.33575], [-80.962394, 35.335806], [-80.962491, 35.335955], [-80.962612, 35.336154], [-80.962643, 35.336203], [-80.962704, 35.336299], [-80.962796, 35.336447], [-80.962878, 35.336576], [-80.962933, 35.33666], [-80.962974, 35.336729], [-80.963018, 35.336809], [-80.963065, 35.336909], [-80.963101, 35.33699], [-80.963128, 35.337065], [-80.963152, 35.337136], [-80.963179, 35.337228], [-80.963197, 35.337309], [-80.963222, 35.337531], [-80.963249, 35.337703], [-80.963244, 35.33782], [-80.963228, 35.337898], [-80.963172, 35.337993], [-80.9631, 35.338092], [-80.963038, 35.338183], [-80.962979, 35.338273]]]}}, {"type": "Feature", "properties": {"name": "S Tryon St", "ksi": 32, "fatal": 12, "serious": 20, "ped": 6, "bike": 2, "miles": 13.4, "per_mile": 2.4}, "geometry": {"type": "LineString", "coordinates": [[-80.843083, 35.2272], [-80.844206, 35.226414], [-80.845304, 35.225653], [-80.846379, 35.22492], [-80.847457, 35.22418], [-80.848519, 35.223457], [-80.848674, 35.223351], [-80.84896, 35.223148], [-80.849034, 35.223092], [-80.849104, 35.223034], [-80.84917, 35.222973], [-80.849213, 35.222929], [-80.84941, 35.222721], [-80.84958, 35.222555], [-80.849595, 35.22254], [-80.849678, 35.222459], [-80.849995, 35.222151], [-80.85002, 35.222124], [-80.850035, 35.22211], [-80.850115, 35.222028], [-80.85012, 35.222023], [-80.850254, 35.221886], [-80.850361, 35.221777], [-80.850605, 35.221529], [-80.850627, 35.221507], [-80.851009, 35.221131], [-80.85121, 35.220936], [-80.851396, 35.220754], [-80.851674, 35.220474], [-80.852065, 35.220087], [-80.852377, 35.219792], [-80.852577, 35.2196], [-80.852838, 35.21935], [-80.853277, 35.218924], [-80.853839, 35.218379], [-80.853915, 35.218303], [-80.854778, 35.217479], [-80.854869, 35.217392], [-80.85534, 35.216923], [-80.855587, 35.216687], [-80.855721, 35.216557], [-80.856075, 35.216211], [-80.856105, 35.216184], [-80.856144, 35.216153], [-80.856188, 35.216126], [-80.856233, 35.216102], [-80.856237, 35.216101], [-80.856282, 35.216083], [-80.856459, 35.216026], [-80.857077, 35.21579], [-80.857404, 35.215663], [-80.857888, 35.215488], [-80.858307, 35.215328], [-80.858539, 35.215239], [-80.859241, 35.214971], [-80.859827, 35.214754], [-80.860048, 35.214671], [-80.860353, 35.214557], [-80.860796, 35.21439], [-80.861377, 35.214169], [-80.861533, 35.214109], [-80.861858, 35.213989], [-80.862099, 35.2139], [-80.862552, 35.213723], [-80.862943, 35.213574], [-80.863461, 35.213383], [-80.863653, 35.213313], [-80.863788, 35.21325], [-80.863921, 35.213183], [-80.864052, 35.213113], [-80.864091, 35.21309], [-80.864118, 35.213075], [-80.864518, 35.212831], [-80.865011, 35.212532], [-80.865173, 35.212434], [-80.865527, 35.212222], [-80.865621, 35.212163], [-80.865713, 35.212101], [-80.865801, 35.212035], [-80.865885, 35.211967], [-80.865965, 35.211895], [-80.866069, 35.211793], [-80.866169, 35.211688], [-80.866265, 35.21158], [-80.86628, 35.211562], [-80.866358, 35.211459], [-80.866431, 35.211353], [-80.866471, 35.211289], [-80.866499, 35.211245], [-80.866544, 35.211168], [-80.86655, 35.211155], [-80.866584, 35.211089], [-80.866618, 35.211008], [-80.866645, 35.210936], [-80.866681, 35.210847], [-80.866712, 35.210756], [-80.866738, 35.210664], [-80.866759, 35.210572], [-80.866775, 35.210479], [-80.866776, 35.210468], [-80.866841, 35.21008], [-80.866879, 35.209849], [-80.866908, 35.209646], [-80.866917, 35.209584], [-80.866963, 35.209293], [-80.867013, 35.209034], [-80.867016, 35.209014], [-80.867037, 35.208916], [-80.867062, 35.20882], [-80.867093, 35.208724], [-80.867129, 35.20863], [-80.867169, 35.208537], [-80.867211, 35.208457], [-80.867217, 35.208445], [-80.867278, 35.208339], [-80.867344, 35.208235], [-80.867413, 35.208133], [-80.867488, 35.208034], [-80.867601, 35.207895], [-80.867664, 35.207818], [-80.868355, 35.20696], [-80.869459, 35.205589], [-80.869602, 35.205402], [-80.869677, 35.205316], [-80.869747, 35.205227], [-80.869814, 35.205136], [-80.869871, 35.205052], [-80.869925, 35.204966], [-80.869973, 35.204878], [-80.870016, 35.204789], [-80.870034, 35.204753], [-80.870108, 35.204609], [-80.870186, 35.204467], [-80.870187, 35.204464], [-80.870248, 35.204363], [-80.870314, 35.204263], [-80.870384, 35.204166], [-80.870473, 35.204063], [-80.870693, 35.203819], [-80.870866, 35.203634], [-80.870903, 35.203594], [-80.871112, 35.203373], [-80.87133, 35.203134], [-80.871433, 35.20302], [-80.871624, 35.202812], [-80.871661, 35.202774], [-80.87182, 35.202608], [-80.871868, 35.202558], [-80.87196, 35.20246], [-80.87216, 35.202248], [-80.872264, 35.202133], [-80.872575, 35.201785], [-80.8726, 35.201757], [-80.872718, 35.201623], [-80.87283, 35.201487], [-80.872921, 35.201372], [-80.872939, 35.201349], [-80.873043, 35.201208], [-80.873506, 35.200618], [-80.87363, 35.200464], [-80.873825, 35.200223], [-80.873858, 35.200182], [-80.873938, 35.200083], [-80.874874, 35.198876], [-80.875661, 35.197862], [-80.875672, 35.197849], [-80.876139, 35.197247], [-80.877215, 35.195861], [-80.877928, 35.194943], [-80.878008, 35.194839], [-80.878082, 35.194742], [-80.878143, 35.194661], [-80.87931, 35.193178], [-80.879915, 35.19241], [-80.880478, 35.191694], [-80.880941, 35.191106], [-80.881309, 35.190635], [-80.881462, 35.19044], [-80.882469, 35.189153], [-80.882545, 35.189048], [-80.883364, 35.188008], [-80.884349, 35.186755], [-80.884352, 35.186752], [-80.885327, 35.185513], [-80.885937, 35.184737], [-80.886522, 35.183994], [-80.886724, 35.183738], [-80.88717, 35.183162], [-80.887513, 35.182718], [-80.887656, 35.182534], [-80.887914, 35.182201], [-80.888077, 35.181991], [-80.888611, 35.181458], [-80.888696, 35.181374], [-80.889199, 35.180822], [-80.889295, 35.180732], [-80.890959, 35.178959], [-80.891448, 35.178452], [-80.891967, 35.177914], [-80.892655, 35.177197], [-80.892742, 35.177107], [-80.893444, 35.176378], [-80.893497, 35.176322], [-80.893651, 35.176184], [-80.893778, 35.176075], [-80.893907, 35.175969], [-80.894038, 35.175864], [-80.894171, 35.17576], [-80.894262, 35.175693], [-80.894307, 35.175659], [-80.894416, 35.175581], [-80.894445, 35.17556], [-80.894585, 35.175463], [-80.894654, 35.175417], [-80.894727, 35.175368], [-80.89474, 35.17536], [-80.89487, 35.175275], [-80.895016, 35.175184], [-80.895164, 35.175095], [-80.895314, 35.175008], [-80.895465, 35.174924], [-80.895618, 35.174841], [-80.895752, 35.174772], [-80.895773, 35.174761], [-80.897071, 35.174073], [-80.898702, 35.173209], [-80.900584, 35.172211], [-80.902131, 35.171257], [-80.902218, 35.171203], [-80.902252, 35.171182], [-80.902825, 35.170818], [-80.903294, 35.170533], [-80.903543, 35.170385], [-80.904303, 35.169904], [-80.904718, 35.169636], [-80.905148, 35.169357], [-80.905864, 35.168871], [-80.906448, 35.16846], [-80.907022, 35.168038], [-80.907529, 35.167682], [-80.907819, 35.167485], [-80.908335, 35.167154], [-80.908787, 35.166862], [-80.909222, 35.166585], [-80.909598, 35.166352], [-80.910101, 35.166034], [-80.910711, 35.165644], [-80.9111, 35.165403], [-80.911556, 35.165112], [-80.911991, 35.164849], [-80.912529, 35.164528], [-80.913115, 35.164205], [-80.913389, 35.164059], [-80.913743, 35.163865], [-80.91408, 35.163672], [-80.914518, 35.16342], [-80.915509, 35.1628], [-80.915771, 35.16263], [-80.916222, 35.162336], [-80.917261, 35.161684], [-80.917348, 35.161629], [-80.918198, 35.16109], [-80.91874, 35.160747], [-80.919097, 35.16052], [-80.919785, 35.160084], [-80.920107, 35.159872], [-80.920252, 35.159772], [-80.920388, 35.159669], [-80.920464, 35.159609], [-80.920592, 35.159507], [-80.920728, 35.159372], [-80.920866, 35.159231], [-80.921026, 35.159063], [-80.921142, 35.158936], [-80.921281, 35.15875], [-80.921345, 35.158673], [-80.921413, 35.158569], [-80.92153, 35.158404], [-80.921545, 35.15838], [-80.921606, 35.15829], [-80.921656, 35.158205], [-80.921761, 35.158037], [-80.921854, 35.157867], [-80.921969, 35.157621], [-80.922003, 35.157542], [-80.922096, 35.157352], [-80.922207, 35.157104], [-80.922372, 35.15673], [-80.922492, 35.156469], [-80.922708, 35.155943], [-80.92286, 35.155546], [-80.923009, 35.155125], [-80.923081, 35.154901], [-80.923187, 35.154632], [-80.923289, 35.15431], [-80.923427, 35.153963], [-80.923606, 35.153502], [-80.923801, 35.152998], [-80.923952, 35.152598], [-80.924037, 35.152377], [-80.924186, 35.151987], [-80.924338, 35.151572], [-80.924505, 35.151171], [-80.924567, 35.151023], [-80.924755, 35.150548], [-80.92499, 35.149953], [-80.925209, 35.149404], [-80.925381, 35.14897], [-80.925478, 35.148728], [-80.925533, 35.148591], [-80.925751, 35.148043], [-80.925796, 35.147931], [-80.925913, 35.147642], [-80.926011, 35.147398], [-80.926163, 35.147036], [-80.926196, 35.146959], [-80.92631, 35.146699], [-80.926366, 35.146591], [-80.926435, 35.146466], [-80.926594, 35.146203], [-80.926768, 35.145917], [-80.926831, 35.145812], [-80.927009, 35.14557], [-80.927108, 35.145444], [-80.927245, 35.145285], [-80.927363, 35.145152], [-80.927515, 35.144981], [-80.927614, 35.144874], [-80.92778, 35.144715], [-80.927974, 35.144541], [-80.928181, 35.144363], [-80.928463, 35.144139], [-80.928532, 35.144084], [-80.928959, 35.143749], [-80.929224, 35.143545], [-80.929304, 35.14347], [-80.929527, 35.143294], [-80.929552, 35.143274], [-80.929768, 35.143103], [-80.929949, 35.14296], [-80.930084, 35.142854], [-80.930238, 35.142732], [-80.930411, 35.142597], [-80.930557, 35.142481], [-80.930588, 35.142456], [-80.930619, 35.142431], [-80.930736, 35.142337], [-80.930961, 35.14216], [-80.931119, 35.142039], [-80.931394, 35.14182], [-80.931565, 35.141689], [-80.931831, 35.141494], [-80.932063, 35.141289], [-80.932244, 35.141152], [-80.932493, 35.14095], [-80.932733, 35.14076], [-80.933006, 35.14055], [-80.933126, 35.14045], [-80.933472, 35.14016], [-80.934124, 35.139625], [-80.934365, 35.13944], [-80.934622, 35.13924], [-80.93487, 35.139043], [-80.935087, 35.138874], [-80.935403, 35.138624], [-80.935473, 35.13857], [-80.93567, 35.138415], [-80.935923, 35.138215], [-80.936132, 35.138051], [-80.936399, 35.137842], [-80.936568, 35.137706], [-80.936727, 35.137583], [-80.936835, 35.137491], [-80.936844, 35.137484], [-80.936986, 35.137371], [-80.937077, 35.137299], [-80.93712, 35.137265], [-80.937364, 35.137057], [-80.937533, 35.136904], [-80.937677, 35.136759], [-80.937845, 35.13657], [-80.93797, 35.13642], [-80.93817, 35.136166], [-80.938443, 35.135823], [-80.938761, 35.135383], [-80.938937, 35.135129], [-80.939161, 35.134783], [-80.939263, 35.134615], [-80.9396, 35.134049], [-80.939828, 35.13365], [-80.940097, 35.13318], [-80.940479, 35.132488], [-80.940564, 35.132334], [-80.940611, 35.132239], [-80.940744, 35.131972], [-80.940909, 35.131637], [-80.941065, 35.131246], [-80.941204, 35.13092], [-80.941533, 35.130117], [-80.941622, 35.129891], [-80.941744, 35.129637], [-80.941789, 35.129513], [-80.941927, 35.129187], [-80.942169, 35.128582], [-80.94234, 35.128189], [-80.942649, 35.127426], [-80.942764, 35.127145], [-80.942844, 35.126967], [-80.942975, 35.12666], [-80.943074, 35.126439], [-80.943167, 35.126239], [-80.943263, 35.126049], [-80.943361, 35.125871], [-80.943487, 35.125658], [-80.943593, 35.125484], [-80.943695, 35.125333], [-80.943847, 35.125114], [-80.944022, 35.124885], [-80.944217, 35.124648], [-80.944349, 35.124498], [-80.944491, 35.124342], [-80.944665, 35.124164], [-80.944822, 35.12401], [-80.944973, 35.123867], [-80.945038, 35.123811], [-80.94516, 35.123705], [-80.945329, 35.123568], [-80.945475, 35.123451], [-80.945641, 35.123322], [-80.945797, 35.123211], [-80.945983, 35.123082], [-80.946137, 35.122983], [-80.946278, 35.12289], [-80.946452, 35.12279], [-80.946598, 35.122705], [-80.946761, 35.122612], [-80.946923, 35.122523], [-80.947099, 35.122434], [-80.947318, 35.122322], [-80.947854, 35.122062], [-80.948503, 35.12176], [-80.94867, 35.12168], [-80.949064, 35.121489], [-80.949247, 35.1214], [-80.949617, 35.121219], [-80.950311, 35.120889], [-80.95082, 35.12064], [-80.951283, 35.120399], [-80.951971, 35.120063], [-80.952749, 35.119682], [-80.953163, 35.119486], [-80.95363, 35.119261], [-80.954177, 35.118998], [-80.954874, 35.118658], [-80.955388, 35.118403], [-80.955966, 35.118113], [-80.956033, 35.11808], [-80.956165, 35.118013], [-80.956869, 35.11767], [-80.957603, 35.117312], [-80.958195, 35.117025], [-80.958651, 35.116798], [-80.958985, 35.116632], [-80.959485, 35.116392], [-80.959677, 35.116294], [-80.959905, 35.116187], [-80.95996, 35.11616], [-80.960015, 35.116135], [-80.961363, 35.115531], [-80.961603, 35.115429], [-80.961838, 35.115335], [-80.962128, 35.11522], [-80.962274, 35.115161], [-80.962687, 35.114993], [-80.963014, 35.114863], [-80.963282, 35.114763], [-80.963578, 35.114657], [-80.963891, 35.11454], [-80.964044, 35.114489], [-80.964218, 35.114431], [-80.964542, 35.11432], [-80.964793, 35.114236], [-80.965072, 35.114149], [-80.965351, 35.114061], [-80.966221, 35.113801], [-80.966608, 35.113689], [-80.967637, 35.113403], [-80.967822, 35.113351], [-80.967894, 35.113332], [-80.968768, 35.113088], [-80.969512, 35.112881], [-80.970107, 35.112713], [-80.970327, 35.11265], [-80.97057, 35.112582], [-80.970769, 35.11252], [-80.970938, 35.112458], [-80.971094, 35.1124], [-80.971228, 35.112345], [-80.971371, 35.112282], [-80.971523, 35.112212], [-80.971669, 35.112139], [-80.971835, 35.112049], [-80.971896, 35.112015], [-80.972561, 35.111604], [-80.973149, 35.111239], [-80.973503, 35.111013], [-80.974095, 35.110643], [-80.974533, 35.110367], [-80.974954, 35.110106], [-80.975083, 35.110026], [-80.975303, 35.109898], [-80.975405, 35.109836], [-80.975805, 35.109593], [-80.976175, 35.109367], [-80.976396, 35.109233], [-80.976663, 35.109067], [-80.97681, 35.108976], [-80.976854, 35.108949], [-80.977105, 35.108793], [-80.977397, 35.108615], [-80.977667, 35.108448], [-80.978116, 35.108169], [-80.978583, 35.107878], [-80.97879, 35.107749], [-80.979286, 35.107442], [-80.979335, 35.107411], [-80.97971, 35.107179], [-80.980151, 35.106904], [-80.980534, 35.106671], [-80.980749, 35.106544], [-80.980841, 35.106489], [-80.981172, 35.106302], [-80.981536, 35.106108], [-80.981932, 35.105898], [-80.982368, 35.105686], [-80.982838, 35.105455], [-80.983229, 35.105272], [-80.983625, 35.105083], [-80.983981, 35.104914], [-80.984568, 35.104631], [-80.984919, 35.104462], [-80.985486, 35.104189], [-80.985496, 35.104184], [-80.986198, 35.103845], [-80.986774, 35.103567], [-80.987372, 35.103319], [-80.988167, 35.102954], [-80.988616, 35.10274], [-80.9902, 35.101918], [-80.990592, 35.101725], [-80.992702, 35.100706], [-80.992744, 35.100686], [-80.99299, 35.100567], [-80.99324, 35.100446], [-80.99365, 35.100247], [-80.993683, 35.100231], [-80.99425, 35.099955], [-80.994925, 35.099631], [-80.995157, 35.099518], [-80.995337, 35.099431], [-80.995616, 35.099296], [-80.995829, 35.099193], [-80.996189, 35.099021], [-80.99655, 35.098845], [-80.996887, 35.098683], [-80.997134, 35.098568], [-80.997253, 35.098509], [-80.997726, 35.098279], [-80.998308, 35.097997], [-80.998773, 35.097774], [-80.999161, 35.097585], [-80.999254, 35.09754], [-80.999622, 35.097364], [-80.999724, 35.097316], [-81.000047, 35.09716], [-81.000307, 35.097034], [-81.000785, 35.096804], [-81.001128, 35.096632], [-81.001397, 35.096506], [-81.001477, 35.096469], [-81.001724, 35.09635], [-81.001975, 35.096229], [-81.002226, 35.096108], [-81.002549, 35.095952], [-81.002756, 35.095851], [-81.002934, 35.095764], [-81.003435, 35.095522], [-81.003653, 35.095418], [-81.003867, 35.095316], [-81.004099, 35.095201], [-81.004314, 35.095086], [-81.004582, 35.094936], [-81.004712, 35.09486], [-81.004805, 35.094804], [-81.004938, 35.094721], [-81.005046, 35.094652], [-81.00516, 35.094576]]}}, {"type": "Feature", "properties": {"name": "Sardis Rd", "ksi": 1, "fatal": 1, "serious": 0, "ped": 0, "bike": 0, "miles": 4.24, "per_mile": 0.2}, "geometry": {"type": "LineString", "coordinates": [[-80.79497, 35.154442], [-80.79438, 35.15516], [-80.794224, 35.155357], [-80.79412, 35.155481], [-80.794027, 35.155589], [-80.793925, 35.155703], [-80.793821, 35.155815], [-80.793713, 35.155926], [-80.793604, 35.156035], [-80.793492, 35.156142], [-80.793379, 35.156248], [-80.793262, 35.156353], [-80.793144, 35.156455], [-80.793024, 35.156556], [-80.792881, 35.156671], [-80.792801, 35.156728], [-80.792721, 35.156784], [-80.792616, 35.156857], [-80.792505, 35.156932], [-80.792293, 35.157064], [-80.792152, 35.157152], [-80.791908, 35.157318], [-80.791704, 35.157457], [-80.791555, 35.157548], [-80.791019, 35.157877], [-80.790536, 35.158185], [-80.79035, 35.158304], [-80.78991, 35.158579], [-80.789412, 35.158896], [-80.789261, 35.158992], [-80.788579, 35.159428], [-80.787915, 35.159852], [-80.787322, 35.160205], [-80.787088, 35.160339], [-80.786762, 35.160526], [-80.785732, 35.161118], [-80.785688, 35.161143], [-80.785347, 35.161335], [-80.78519, 35.161413], [-80.785054, 35.161478], [-80.784899, 35.161546], [-80.784812, 35.161578], [-80.784729, 35.161609], [-80.784605, 35.161648], [-80.784444, 35.161688], [-80.784223, 35.161735], [-80.784052, 35.161765], [-80.783867, 35.161792], [-80.78368, 35.161811], [-80.783509, 35.161818], [-80.783465, 35.161819], [-80.783311, 35.161822], [-80.78312, 35.161816], [-80.782933, 35.161806], [-80.782749, 35.161792], [-80.782556, 35.161772], [-80.782371, 35.16175], [-80.782216, 35.161729], [-80.782121, 35.161712], [-80.781968, 35.161683], [-80.781772, 35.161639], [-80.781489, 35.161573], [-80.781285, 35.161524], [-80.781152, 35.161489], [-80.781009, 35.161447], [-80.780845, 35.161398], [-80.780585, 35.161325], [-80.780314, 35.16125], [-80.780195, 35.161221], [-80.780094, 35.161195], [-80.779991, 35.16117], [-80.779931, 35.161164], [-80.779866, 35.161158], [-80.779852, 35.161157], [-80.779809, 35.161155], [-80.779783, 35.161154], [-80.779654, 35.161161], [-80.779369, 35.161194], [-80.779175, 35.161253], [-80.778994, 35.16081], [-80.778982, 35.160781], [-80.778973, 35.160759], [-80.778964, 35.160736], [-80.778954, 35.160714], [-80.778943, 35.160693], [-80.778932, 35.160671], [-80.778921, 35.160649], [-80.778909, 35.160628], [-80.778896, 35.160607], [-80.778884, 35.160586], [-80.778871, 35.160565], [-80.778857, 35.160545], [-80.778843, 35.160524], [-80.778829, 35.160504], [-80.778813, 35.160484], [-80.778798, 35.160464], [-80.778782, 35.160444], [-80.778766, 35.160425], [-80.77875, 35.160406], [-80.778733, 35.160387], [-80.778716, 35.160368], [-80.778698, 35.16035], [-80.77868, 35.160332], [-80.778661, 35.160314], [-80.778642, 35.160297], [-80.778623, 35.160279], [-80.778603, 35.160262], [-80.778583, 35.160246], [-80.778563, 35.160229], [-80.778542, 35.160213], [-80.778521, 35.160197], [-80.778499, 35.160182], [-80.778478, 35.160166], [-80.778438, 35.16014], [-80.77798, 35.159869], [-80.77777, 35.159746], [-80.77761, 35.159659], [-80.777572, 35.159638], [-80.777304, 35.159487], [-80.777184, 35.159403], [-80.777086, 35.159326], [-80.777003, 35.159246], [-80.77689, 35.159138], [-80.776789, 35.159022], [-80.776722, 35.158921], [-80.776671, 35.158831], [-80.776634, 35.158745], [-80.776601, 35.158662], [-80.77656, 35.158551], [-80.776514, 35.158406], [-80.776429, 35.158133], [-80.776311, 35.15776], [-80.776162, 35.157314], [-80.776039, 35.156982], [-80.775893, 35.156626], [-80.77567, 35.156102], [-80.77551, 35.155725], [-80.775066, 35.154678], [-80.774848, 35.154164], [-80.774833, 35.15413], [-80.774678, 35.153783], [-80.774588, 35.153593], [-80.77456, 35.153534], [-80.774505, 35.153419], [-80.774424, 35.153272], [-80.774374, 35.153182], [-80.774282, 35.153031], [-80.774169, 35.152863], [-80.774105, 35.152773], [-80.774053, 35.1527], [-80.773926, 35.152523], [-80.773776, 35.152317], [-80.773671, 35.152175], [-80.773603, 35.152081], [-80.773538, 35.151988], [-80.773447, 35.15186], [-80.773382, 35.151762], [-80.773328, 35.151676], [-80.773263, 35.15156], [-80.773215, 35.151462], [-80.773172, 35.151362], [-80.773134, 35.151261], [-80.773117, 35.15121], [-80.773079, 35.151074], [-80.773046, 35.150932], [-80.773004, 35.150713], [-80.772967, 35.150521], [-80.772887, 35.15012], [-80.772813, 35.149758], [-80.772775, 35.149574], [-80.772671, 35.149041], [-80.772602, 35.148685], [-80.772552, 35.148423], [-80.772535, 35.148346], [-80.772511, 35.148238], [-80.772474, 35.148053], [-80.77244, 35.147875], [-80.772431, 35.147828], [-80.77239, 35.14762], [-80.772348, 35.147399], [-80.772292, 35.147116], [-80.772253, 35.146913], [-80.772222, 35.146751], [-80.772175, 35.146512], [-80.772102, 35.14615], [-80.772083, 35.14605], [-80.772024, 35.145748], [-80.77195, 35.14536], [-80.771894, 35.14509], [-80.771831, 35.144813], [-80.771766, 35.144505], [-80.771716, 35.144232], [-80.771693, 35.1441], [-80.771667, 35.143959], [-80.771566, 35.143413], [-80.771511, 35.143121], [-80.771508, 35.143104], [-80.77146, 35.142842], [-80.771432, 35.142696], [-80.771398, 35.142549], [-80.771359, 35.142404], [-80.771358, 35.142401], [-80.771313, 35.14225], [-80.771262, 35.1421], [-80.771232, 35.142019], [-80.771164, 35.14185], [-80.771098, 35.141702], [-80.77109, 35.141684], [-80.771067, 35.141636], [-80.770894, 35.141265], [-80.770714, 35.14088], [-80.770569, 35.140571], [-80.77053, 35.140489], [-80.770346, 35.140097], [-80.770179, 35.139754], [-80.770071, 35.139535], [-80.770005, 35.139411], [-80.769936, 35.139289], [-80.769896, 35.139224], [-80.769894, 35.139221], [-80.769819, 35.1391], [-80.76974, 35.138981], [-80.769686, 35.138904], [-80.769656, 35.138864], [-80.769568, 35.138749], [-80.769479, 35.13864], [-80.769386, 35.138531], [-80.769287, 35.138425], [-80.769188, 35.138326], [-80.769067, 35.13821], [-80.768942, 35.138097], [-80.768812, 35.137986], [-80.768723, 35.137912], [-80.768329, 35.137584], [-80.767628, 35.136999], [-80.767313, 35.136749], [-80.767076, 35.136562], [-80.766653, 35.136254], [-80.766545, 35.136175], [-80.766256, 35.135963], [-80.766097, 35.135848], [-80.76585, 35.135671], [-80.765457, 35.13539], [-80.765312, 35.135284], [-80.764941, 35.135017], [-80.764446, 35.134659], [-80.764389, 35.134619], [-80.764002, 35.134342], [-80.763496, 35.13399], [-80.763201, 35.133774], [-80.762904, 35.133561], [-80.762602, 35.133351], [-80.762563, 35.133325], [-80.762188, 35.133055], [-80.761839, 35.13281], [-80.76181, 35.132789], [-80.761487, 35.132567], [-80.761327, 35.132458], [-80.76117, 35.132345], [-80.761017, 35.132229], [-80.760867, 35.13211], [-80.760721, 35.131988], [-80.760709, 35.131978], [-80.760317, 35.131684], [-80.75985, 35.131339], [-80.759118, 35.130799], [-80.758869, 35.130619], [-80.758622, 35.130444], [-80.758246, 35.130172], [-80.758198, 35.130137], [-80.757883, 35.129911], [-80.757656, 35.129745], [-80.757555, 35.12969], [-80.757277, 35.129481], [-80.757112, 35.129359], [-80.756749, 35.129091], [-80.756727, 35.129074], [-80.756275, 35.128748], [-80.756108, 35.128648], [-80.755843, 35.128464], [-80.755464, 35.128191], [-80.755233, 35.128016], [-80.755203, 35.127993], [-80.754939, 35.127791], [-80.754653, 35.127588], [-80.754498, 35.127488], [-80.754391, 35.127426], [-80.754294, 35.127375], [-80.754209, 35.127337], [-80.754121, 35.127304], [-80.75404, 35.127277], [-80.753938, 35.127251], [-80.75377, 35.127216], [-80.753678, 35.127201], [-80.753559, 35.127186], [-80.753333, 35.127173], [-80.753027, 35.127162], [-80.752411, 35.127154], [-80.752064, 35.127141], [-80.751898, 35.127126], [-80.751755, 35.127106], [-80.751609, 35.127076], [-80.751458, 35.127039], [-80.751273, 35.126988], [-80.751191, 35.12696], [-80.75111, 35.126929], [-80.75102, 35.126894], [-80.750901, 35.12684], [-80.750635, 35.126705], [-80.750632, 35.126703], [-80.750428, 35.126595], [-80.75014, 35.126447], [-80.749856, 35.126298], [-80.749557, 35.126138], [-80.749421, 35.126055], [-80.749386, 35.126034]]}}, {"type": "Feature", "properties": {"name": "Sharon Rd", "ksi": 5, "fatal": 1, "serious": 4, "ped": 0, "bike": 0, "miles": 5.47, "per_mile": 0.9}, "geometry": {"type": "LineString", "coordinates": [[-80.830001, 35.187488], [-80.82976, 35.187342], [-80.829651, 35.18727], [-80.829621, 35.187248], [-80.829546, 35.187194], [-80.829449, 35.187119], [-80.829322, 35.187019], [-80.829198, 35.186918], [-80.829079, 35.186813], [-80.82904, 35.186777], [-80.828927, 35.186672], [-80.828725, 35.18647], [-80.828599, 35.186341], [-80.828478, 35.186204], [-80.828361, 35.186063], [-80.828345, 35.186043], [-80.828258, 35.185935], [-80.828175, 35.185825], [-80.828119, 35.185739], [-80.828095, 35.185692], [-80.828077, 35.185638], [-80.828065, 35.18559], [-80.828064, 35.185584], [-80.828056, 35.18553], [-80.828054, 35.18549], [-80.828068, 35.185277], [-80.828083, 35.184988], [-80.828101, 35.184723], [-80.828118, 35.18437], [-80.828134, 35.184076], [-80.828146, 35.183863], [-80.828153, 35.183743], [-80.828156, 35.18369], [-80.82816, 35.183629], [-80.828187, 35.183143], [-80.8282, 35.18298], [-80.828219, 35.182595], [-80.828239, 35.182207], [-80.82824, 35.182195], [-80.828251, 35.182116], [-80.828268, 35.182038], [-80.82829, 35.181961], [-80.828317, 35.181885], [-80.828338, 35.181834], [-80.82836, 35.181795], [-80.828382, 35.181761], [-80.82841, 35.18172], [-80.828456, 35.181659], [-80.828545, 35.181539], [-80.828705, 35.181332], [-80.82893, 35.181048], [-80.828955, 35.181018], [-80.829007, 35.180947], [-80.829054, 35.180874], [-80.829097, 35.1808], [-80.829135, 35.180723], [-80.829169, 35.180645], [-80.829197, 35.180566], [-80.829203, 35.180544], [-80.829223, 35.180461], [-80.829237, 35.180378], [-80.829246, 35.180293], [-80.82925, 35.180209], [-80.82925, 35.180205], [-80.829244, 35.180133], [-80.829232, 35.180055], [-80.829215, 35.179977], [-80.829193, 35.1799], [-80.829192, 35.179898], [-80.829166, 35.179824], [-80.829134, 35.179749], [-80.828974, 35.179477], [-80.828792, 35.179179], [-80.828771, 35.179145], [-80.828617, 35.178889], [-80.8285, 35.178696], [-80.828373, 35.178485], [-80.828296, 35.178355], [-80.828248, 35.178271], [-80.828205, 35.178193], [-80.828179, 35.178143], [-80.828156, 35.178097], [-80.828113, 35.177996], [-80.828073, 35.177885], [-80.828052, 35.177811], [-80.828026, 35.177721], [-80.828012, 35.177655], [-80.828001, 35.177581], [-80.827993, 35.177508], [-80.827993, 35.177504], [-80.827984, 35.177401], [-80.827978, 35.177298], [-80.827978, 35.177219], [-80.827983, 35.177065], [-80.827989, 35.176939], [-80.827989, 35.176871], [-80.827988, 35.176801], [-80.827983, 35.176737], [-80.827975, 35.176671], [-80.827952, 35.176582], [-80.827934, 35.176515], [-80.827898, 35.176415], [-80.827865, 35.176337], [-80.827837, 35.176285], [-80.827794, 35.176217], [-80.827757, 35.176162], [-80.827715, 35.176107], [-80.827663, 35.176044], [-80.827597, 35.175973], [-80.827503, 35.175875], [-80.82738, 35.175755], [-80.827189, 35.175569], [-80.827096, 35.175479], [-80.826924, 35.175309], [-80.826677, 35.175072], [-80.826487, 35.174888], [-80.826345, 35.174752], [-80.826192, 35.174606], [-80.825915, 35.174366], [-80.8256, 35.174111], [-80.825343, 35.17391], [-80.825267, 35.173851], [-80.824741, 35.173435], [-80.824199, 35.17301], [-80.823851, 35.172731], [-80.823471, 35.172441], [-80.823226, 35.17226], [-80.823158, 35.17218], [-80.823124, 35.172141], [-80.823039, 35.172035], [-80.822944, 35.171885], [-80.822908, 35.171805], [-80.822796, 35.171375], [-80.822668, 35.170927], [-80.822554, 35.170505], [-80.822472, 35.170215], [-80.822438, 35.169969], [-80.822418, 35.169756], [-80.822412, 35.169568], [-80.822414, 35.169391], [-80.822434, 35.16923], [-80.822454, 35.169074], [-80.822489, 35.168786], [-80.822508, 35.168557], [-80.82251, 35.168542], [-80.822512, 35.168527], [-80.822513, 35.168512], [-80.822514, 35.168498], [-80.822515, 35.168483], [-80.822516, 35.168468], [-80.822516, 35.168453], [-80.822516, 35.168439], [-80.822516, 35.168424], [-80.822515, 35.168409], [-80.822514, 35.168394], [-80.822512, 35.168379], [-80.822511, 35.168364], [-80.822509, 35.168349], [-80.822473, 35.168205], [-80.822467, 35.168191], [-80.822462, 35.168176], [-80.822456, 35.168163], [-80.822449, 35.168148], [-80.822443, 35.168135], [-80.822436, 35.168121], [-80.822429, 35.168107], [-80.822422, 35.168094], [-80.822414, 35.168081], [-80.822406, 35.168067], [-80.822398, 35.168054], [-80.822389, 35.168041], [-80.82238, 35.168028], [-80.822371, 35.168015], [-80.822353, 35.167991], [-80.822087, 35.167575], [-80.821889, 35.167272], [-80.821766, 35.167084], [-80.821704, 35.166987], [-80.821646, 35.166886], [-80.821592, 35.166783], [-80.821543, 35.166678], [-80.821499, 35.166572], [-80.821461, 35.166464], [-80.821409, 35.166248], [-80.821398, 35.166174], [-80.821384, 35.166078], [-80.82135, 35.165485], [-80.821277, 35.164232], [-80.821224, 35.163195], [-80.821172, 35.162343], [-80.821159, 35.161943], [-80.821148, 35.161593], [-80.821103, 35.160872], [-80.821081, 35.160533], [-80.82103, 35.159746], [-80.821034, 35.159424], [-80.821036, 35.159401], [-80.821047, 35.159324], [-80.821063, 35.159247], [-80.821084, 35.159172], [-80.82111, 35.159097], [-80.821141, 35.159024], [-80.821178, 35.158952], [-80.821219, 35.158882], [-80.821403, 35.1586], [-80.821484, 35.158475], [-80.82173, 35.158133], [-80.822049, 35.157664], [-80.822055, 35.157655], [-80.822393, 35.157198], [-80.822523, 35.157035], [-80.822552, 35.157], [-80.822556, 35.156995], [-80.822708, 35.156812], [-80.822868, 35.156627], [-80.822874, 35.156621], [-80.823124, 35.15635], [-80.823472, 35.155995], [-80.823773, 35.155677], [-80.823864, 35.15558], [-80.824464, 35.154958], [-80.824527, 35.154896], [-80.824996, 35.154398], [-80.82542, 35.153979], [-80.825615, 35.153787], [-80.825916, 35.153544], [-80.82686, 35.152735], [-80.827426, 35.15225], [-80.827854, 35.151889], [-80.82854, 35.151313], [-80.828628, 35.151238], [-80.828673, 35.1512], [-80.828874, 35.15103], [-80.829112, 35.150815], [-80.82934, 35.150593], [-80.829558, 35.150365], [-80.829767, 35.15013], [-80.829965, 35.14989], [-80.830153, 35.149644], [-80.83031, 35.149424], [-80.830331, 35.149393], [-80.830416, 35.149266], [-80.830498, 35.149137], [-80.830577, 35.149008], [-80.830654, 35.148877], [-80.830727, 35.148745], [-80.830798, 35.148612], [-80.830866, 35.148478], [-80.830889, 35.148458], [-80.830981, 35.148236], [-80.831312, 35.147581], [-80.831883, 35.146446], [-80.832184, 35.145849], [-80.832395, 35.145412], [-80.832978, 35.144203], [-80.833125, 35.143897], [-80.833199, 35.143753], [-80.833306, 35.143544], [-80.833419, 35.143327], [-80.833476, 35.143211], [-80.833506, 35.143149], [-80.833541, 35.143079], [-80.833558, 35.143045], [-80.833576, 35.143009], [-80.833618, 35.142934], [-80.833665, 35.142862], [-80.833717, 35.142792], [-80.833735, 35.142769], [-80.833807, 35.142688], [-80.833883, 35.142609], [-80.833963, 35.142533], [-80.834134, 35.142371], [-80.834309, 35.142211], [-80.834488, 35.142054], [-80.834575, 35.14198], [-80.834964, 35.141652], [-80.835304, 35.141362], [-80.835791, 35.140947], [-80.835844, 35.140896], [-80.835905, 35.140846], [-80.83597, 35.140798], [-80.836038, 35.140755], [-80.83611, 35.140715], [-80.836183, 35.14068], [-80.836204, 35.140671], [-80.836274, 35.140643], [-80.836349, 35.14062], [-80.836423, 35.140601], [-80.836431, 35.140599], [-80.836596, 35.14056], [-80.836626, 35.140552], [-80.836689, 35.140533], [-80.83675, 35.140511], [-80.836764, 35.140505], [-80.836808, 35.140485], [-80.836864, 35.140455], [-80.836917, 35.140423], [-80.836967, 35.140387], [-80.837013, 35.140348], [-80.837056, 35.140306], [-80.837095, 35.140264], [-80.837213, 35.140118], [-80.837265, 35.140053], [-80.837416, 35.139866], [-80.837703, 35.139511], [-80.837906, 35.139258], [-80.837955, 35.139196], [-80.838101, 35.139008], [-80.838185, 35.138898], [-80.838263, 35.138787], [-80.838338, 35.138673], [-80.838355, 35.138644], [-80.838425, 35.138533], [-80.838489, 35.138422], [-80.838548, 35.138309], [-80.838586, 35.13823], [-80.838637, 35.138127], [-80.838749, 35.137904], [-80.838821, 35.137745], [-80.838855, 35.137665], [-80.838884, 35.137585], [-80.838909, 35.137504], [-80.838928, 35.137422], [-80.838942, 35.137339], [-80.838945, 35.137316], [-80.838959, 35.137181], [-80.838967, 35.137054], [-80.838988, 35.136677], [-80.839003, 35.13639], [-80.839029, 35.135949], [-80.839044, 35.135695], [-80.839059, 35.135446], [-80.839061, 35.13541], [-80.839081, 35.135099], [-80.839096, 35.134886], [-80.839103, 35.134759], [-80.839116, 35.134543], [-80.83913, 35.134415], [-80.83914, 35.134327], [-80.839154, 35.134154], [-80.839156, 35.133783], [-80.839118, 35.133379], [-80.839103, 35.133286], [-80.839082, 35.133193], [-80.839059, 35.133101], [-80.839288, 35.133052], [-80.839386, 35.133028], [-80.839482, 35.132999], [-80.839576, 35.132965], [-80.839667, 35.132927], [-80.840588, 35.132505], [-80.840716, 35.132442], [-80.840843, 35.132376], [-80.840972, 35.132298], [-80.841098, 35.132216], [-80.841219, 35.132129], [-80.841335, 35.132039], [-80.841448, 35.131945], [-80.841684, 35.131715], [-80.842683, 35.130761], [-80.842784, 35.13066], [-80.842879, 35.130556], [-80.842969, 35.130449], [-80.843024, 35.130369], [-80.843074, 35.130286], [-80.843117, 35.130202], [-80.843155, 35.130115], [-80.843186, 35.130027], [-80.84319, 35.130015], [-80.843308, 35.129687], [-80.84335, 35.129579], [-80.843399, 35.129474], [-80.843454, 35.12937], [-80.843529, 35.129257], [-80.843612, 35.129148], [-80.843701, 35.129042], [-80.843796, 35.12894], [-80.844047, 35.1287], [-80.844137, 35.128613], [-80.844232, 35.128531], [-80.844334, 35.128454], [-80.844441, 35.128382], [-80.844553, 35.128316], [-80.84467, 35.128255], [-80.844791, 35.1282], [-80.844916, 35.128151], [-80.845044, 35.128108], [-80.845175, 35.128072], [-80.845309, 35.128043], [-80.845568, 35.127993], [-80.84608, 35.127898], [-80.846561, 35.127801], [-80.847312, 35.127629], [-80.847473, 35.127585], [-80.847633, 35.127536], [-80.84779, 35.127482], [-80.847944, 35.127423], [-80.848095, 35.127359], [-80.848266, 35.127283], [-80.848435, 35.127204], [-80.849022, 35.126917], [-80.84917, 35.126844], [-80.849298, 35.126778], [-80.849422, 35.126706], [-80.849542, 35.126631], [-80.849878, 35.126413], [-80.850015, 35.12632], [-80.850149, 35.126224], [-80.850704, 35.12581], [-80.850814, 35.125722], [-80.850919, 35.125631], [-80.85102, 35.125537], [-80.851132, 35.125433], [-80.851239, 35.125327], [-80.851341, 35.125216], [-80.851558, 35.124993], [-80.851658, 35.124885], [-80.851753, 35.124774], [-80.851843, 35.12466], [-80.85189, 35.1246], [-80.852182, 35.12422], [-80.852253, 35.124122], [-80.852329, 35.124027], [-80.852412, 35.123936], [-80.8525, 35.123848], [-80.852594, 35.123764], [-80.852668, 35.123703], [-80.852744, 35.123645], [-80.854474, 35.122415]]}}, {"type": "Feature", "properties": {"name": "South Bv", "ksi": 9, "fatal": 5, "serious": 4, "ped": 2, "bike": 0, "miles": 9.38, "per_mile": 1.0}, "geometry": {"type": "MultiLineString", "coordinates": [[[-80.875624, 35.188819], [-80.875662, 35.188227], [-80.875673, 35.188019], [-80.875678, 35.187837], [-80.875678, 35.187719], [-80.875686, 35.187325], [-80.875688, 35.187031], [-80.875699, 35.186526], [-80.875709, 35.186071], [-80.875712, 35.185733], [-80.875722, 35.185278], [-80.875733, 35.184795], [-80.875735, 35.184432], [-80.875745, 35.18404], [-80.875752, 35.183425], [-80.875761, 35.18298], [-80.87577, 35.182582], [-80.875777, 35.182094], [-80.87578, 35.181895], [-80.875783, 35.181708], [-80.875789, 35.181359], [-80.875798, 35.180998], [-80.875799, 35.18062], [-80.875817, 35.179973], [-80.875822, 35.179542], [-80.875824, 35.179391], [-80.875836, 35.178962], [-80.875836, 35.178813], [-80.875837, 35.178786], [-80.875837, 35.178646], [-80.875846, 35.178325], [-80.875848, 35.178165], [-80.875856, 35.177697], [-80.875865, 35.177099], [-80.875871, 35.176718], [-80.875876, 35.176484], [-80.875881, 35.176255], [-80.875902, 35.17557], [-80.875928, 35.175059], [-80.875936, 35.174635], [-80.875947, 35.17404], [-80.875952, 35.173773], [-80.875959, 35.173362], [-80.875945, 35.172954], [-80.875944, 35.172618], [-80.875954, 35.171986], [-80.87597, 35.171291], [-80.875975, 35.170846], [-80.875991, 35.170091], [-80.876009, 35.169391], [-80.876014, 35.168732], [-80.876032, 35.168213], [-80.87604, 35.167814], [-80.87604, 35.167785], [-80.876043, 35.167278], [-80.876044, 35.167177], [-80.876044, 35.16717], [-80.876056, 35.166492], [-80.876139, 35.164923], [-80.876152, 35.164767], [-80.876158, 35.163983], [-80.876091, 35.163129], [-80.876092, 35.162908], [-80.876096, 35.161967], [-80.876161, 35.161076], [-80.876164, 35.160799], [-80.876178, 35.160443], [-80.87618, 35.16014], [-80.876184, 35.159882], [-80.876187, 35.159546], [-80.876195, 35.159242], [-80.8762, 35.159052], [-80.876203, 35.158945], [-80.876205, 35.158754], [-80.876208, 35.158486], [-80.876213, 35.158087], [-80.876247, 35.156776], [-80.876257, 35.156174], [-80.876318, 35.1527], [-80.876341, 35.151382], [-80.876355, 35.150855], [-80.876358, 35.150504], [-80.876374, 35.15009], [-80.876383, 35.149656], [-80.876383, 35.149484], [-80.876384, 35.149244], [-80.87639, 35.148898], [-80.876398, 35.148409], [-80.876407, 35.148098], [-80.876407, 35.147758], [-80.87642, 35.147374], [-80.876427, 35.147065], [-80.876432, 35.146786], [-80.876434, 35.146682], [-80.876442, 35.146297], [-80.876447, 35.145971], [-80.876456, 35.145606], [-80.876463, 35.14534], [-80.876468, 35.145178], [-80.876477, 35.14487], [-80.87647, 35.144656], [-80.876468, 35.144614], [-80.876472, 35.1444], [-80.876503, 35.142861], [-80.876535, 35.141313], [-80.876551, 35.140512], [-80.876561, 35.139869], [-80.876562, 35.139779], [-80.876572, 35.139281], [-80.876578, 35.139136], [-80.876579, 35.13899], [-80.876579, 35.138963], [-80.876335, 35.137719], [-80.876028, 35.136149], [-80.875983, 35.13595], [-80.875334, 35.132917], [-80.875307, 35.13274], [-80.875285, 35.132559], [-80.87527, 35.132377], [-80.875263, 35.132195], [-80.875265, 35.132012], [-80.875274, 35.13183], [-80.875291, 35.131648], [-80.875317, 35.131467], [-80.87535, 35.131286], [-80.875392, 35.131107], [-80.875441, 35.130929], [-80.875498, 35.130753], [-80.875602, 35.130479], [-80.875803, 35.129959], [-80.875948, 35.129594], [-80.876102, 35.129221], [-80.876184, 35.129058], [-80.876272, 35.128897], [-80.876364, 35.128737], [-80.876462, 35.12858], [-80.876564, 35.128424], [-80.87675, 35.128156], [-80.876767, 35.128131], [-80.87729, 35.12736], [-80.877378, 35.127223], [-80.87746, 35.127085], [-80.877538, 35.126945], [-80.877611, 35.126804], [-80.877679, 35.12666], [-80.877718, 35.126573], [-80.878296, 35.125368], [-80.878426, 35.125102], [-80.878518, 35.124911], [-80.878528, 35.124891], [-80.879404, 35.123011], [-80.879933, 35.121885], [-80.880193, 35.121331], [-80.880203, 35.121313], [-80.88045, 35.120804], [-80.880832, 35.120186], [-80.881165, 35.119627], [-80.881181, 35.1196], [-80.882218, 35.117922], [-80.882336, 35.117754], [-80.882506, 35.117475], [-80.882678, 35.117189], [-80.882759, 35.117057], [-80.882844, 35.11691], [-80.882924, 35.11676], [-80.882999, 35.116609], [-80.88307, 35.116456], [-80.88311, 35.116354], [-80.883159, 35.116215], [-80.883204, 35.116076], [-80.883242, 35.115935], [-80.883276, 35.115793], [-80.883306, 35.115651], [-80.883317, 35.115586], [-80.883335, 35.115462], [-80.883348, 35.115338], [-80.883356, 35.115214], [-80.883358, 35.115089], [-80.883355, 35.114965], [-80.883344, 35.11463], [-80.883342, 35.114609], [-80.883145, 35.113581], [-80.883012, 35.112971], [-80.882798, 35.112101], [-80.882626, 35.11147], [-80.88262, 35.111459], [-80.882545, 35.111179], [-80.882389, 35.110637], [-80.882373, 35.110583], [-80.882239, 35.110128], [-80.882135, 35.109785], [-80.88202, 35.109399], [-80.881973, 35.10924], [-80.881889, 35.108947], [-80.881756, 35.108501], [-80.881609, 35.108005], [-80.881456, 35.107503], [-80.881446, 35.10747], [-80.88134, 35.107098], [-80.881228, 35.106726], [-80.881142, 35.10643], [-80.881053, 35.106126], [-80.880975, 35.105839], [-80.880922, 35.105626], [-80.880885, 35.10547], [-80.880847, 35.10528], [-80.880818, 35.105118], [-80.880808, 35.105065], [-80.880781, 35.104927], [-80.88076, 35.104789], [-80.880735, 35.104605], [-80.880705, 35.104397], [-80.880684, 35.10403], [-80.880678, 35.103822], [-80.880676, 35.103614], [-80.880678, 35.103468], [-80.880679, 35.103406], [-80.880679, 35.103388], [-80.880686, 35.103198], [-80.880697, 35.10299], [-80.880714, 35.102782], [-80.880734, 35.102575], [-80.880759, 35.102368], [-80.880778, 35.102228], [-80.880788, 35.102161], [-80.880821, 35.101955], [-80.880828, 35.101915], [-80.880871, 35.101757], [-80.880911, 35.101597], [-80.88094, 35.101468]], [[-80.871972, 35.195533], [-80.87225, 35.19537], [-80.872297, 35.195336], [-80.872335, 35.195305], [-80.872367, 35.195281], [-80.872399, 35.195254], [-80.872445, 35.195214], [-80.87249, 35.195174], [-80.872541, 35.195128], [-80.872592, 35.195078], [-80.872649, 35.195022], [-80.872705, 35.194963], [-80.872757, 35.194909], [-80.872795, 35.194865], [-80.872836, 35.194818], [-80.872874, 35.194772], [-80.872916, 35.194719], [-80.872951, 35.194673], [-80.872985, 35.194629], [-80.873019, 35.194585], [-80.873053, 35.194537], [-80.87309, 35.194478], [-80.873132, 35.194416], [-80.873156, 35.194379], [-80.873285, 35.194149], [-80.873871, 35.193113], [-80.874396, 35.192185], [-80.874907, 35.191281], [-80.875319, 35.190553], [-80.875369, 35.190464], [-80.875401, 35.190403], [-80.875429, 35.190347], [-80.875454, 35.190299], [-80.875478, 35.190249], [-80.8755, 35.190203], [-80.875524, 35.190139], [-80.875541, 35.190094], [-80.875562, 35.190036], [-80.875576, 35.189996], [-80.8756, 35.189919], [-80.87561, 35.189883], [-80.875617, 35.189855], [-80.875638, 35.189773], [-80.875654, 35.189675], [-80.875663, 35.189569], [-80.875669, 35.189344], [-80.875662, 35.189235], [-80.875624, 35.188819]], [[-80.871972, 35.195533], [-80.872154, 35.195346], [-80.872193, 35.195304], [-80.872219, 35.195276], [-80.872246, 35.195248], [-80.872269, 35.195222], [-80.872291, 35.195192], [-80.87234, 35.195122], [-80.87236, 35.195094], [-80.872402, 35.195027], [-80.872534, 35.194797], [-80.872841, 35.194259], [-80.873395, 35.193278], [-80.874594, 35.19116], [-80.874599, 35.191151], [-80.875109, 35.190244], [-80.875187, 35.190105], [-80.87529, 35.189913], [-80.875344, 35.189804], [-80.875367, 35.189754], [-80.87538, 35.189721], [-80.875405, 35.189663], [-80.875421, 35.189618], [-80.87544, 35.189563], [-80.875459, 35.189505], [-80.875477, 35.189441], [-80.875486, 35.189405], [-80.875502, 35.189344], [-80.875511, 35.1893], [-80.875529, 35.189217], [-80.875538, 35.189167], [-80.875624, 35.188819]], [[-80.846836, 35.219315], [-80.847023, 35.219263], [-80.84723, 35.2192], [-80.8481, 35.218955], [-80.848315, 35.218889], [-80.848405, 35.218856], [-80.84844, 35.218843], [-80.848565, 35.218795], [-80.848688, 35.218745], [-80.848714, 35.218734], [-80.848811, 35.218694], [-80.848903, 35.218653], [-80.849104, 35.21856], [-80.849301, 35.218462], [-80.849494, 35.218359], [-80.849682, 35.218251], [-80.849867, 35.218138], [-80.850046, 35.21802], [-80.850221, 35.217897], [-80.850391, 35.217769], [-80.850616, 35.217592], [-80.850836, 35.21741], [-80.85105, 35.217223], [-80.851193, 35.217107], [-80.851332, 35.216989], [-80.852113, 35.216374], [-80.85246, 35.216103], [-80.85257, 35.216002], [-80.852672, 35.215914], [-80.852889, 35.215748], [-80.852975, 35.215687], [-80.853002, 35.215669], [-80.85306, 35.215631], [-80.853118, 35.215594], [-80.853178, 35.215558], [-80.853238, 35.215522], [-80.853299, 35.215488], [-80.853361, 35.215454], [-80.853423, 35.215421], [-80.853744, 35.215206], [-80.853805, 35.215165], [-80.8539, 35.215096], [-80.853991, 35.215024], [-80.854079, 35.214949], [-80.854249, 35.214824], [-80.854568, 35.21457], [-80.854661, 35.214495], [-80.855071, 35.214158], [-80.855607, 35.213672], [-80.85664, 35.212735], [-80.857115, 35.212305], [-80.857234, 35.212196], [-80.857491, 35.211968], [-80.857708, 35.211751], [-80.857856, 35.211602], [-80.858064, 35.211418], [-80.858362, 35.211154], [-80.858791, 35.210776], [-80.858863, 35.210714], [-80.859731, 35.209918], [-80.859761, 35.20989], [-80.859788, 35.209858], [-80.859809, 35.209825], [-80.859826, 35.209789], [-80.859831, 35.209774], [-80.859838, 35.209753], [-80.859845, 35.209715], [-80.859993, 35.208997], [-80.860166, 35.208239], [-80.860173, 35.208209], [-80.860189, 35.208146], [-80.860217, 35.208054], [-80.860251, 35.207964], [-80.860289, 35.207875], [-80.860332, 35.207787], [-80.860341, 35.20777], [-80.860362, 35.207732], [-80.860405, 35.207652], [-80.860453, 35.207574], [-80.860506, 35.207498], [-80.860564, 35.207423], [-80.860625, 35.207352], [-80.860683, 35.207292], [-80.861046, 35.20693], [-80.861207, 35.206768], [-80.861533, 35.206439], [-80.862341, 35.205623], [-80.862452, 35.205512], [-80.86325, 35.204713], [-80.863376, 35.204584], [-80.863764, 35.204189], [-80.864571, 35.203315], [-80.864874, 35.202971], [-80.864937, 35.202897], [-80.86528, 35.202407], [-80.866019, 35.201336], [-80.866382, 35.200813], [-80.86648, 35.20067], [-80.866642, 35.200425], [-80.866733, 35.200292], [-80.866944, 35.19998], [-80.867061, 35.199816], [-80.867269, 35.199525], [-80.867405, 35.199355], [-80.867482, 35.199263], [-80.867561, 35.199173], [-80.867642, 35.199084], [-80.867725, 35.198995], [-80.867809, 35.198908], [-80.86782, 35.198898], [-80.867896, 35.198823], [-80.867984, 35.198739], [-80.868074, 35.198655], [-80.868168, 35.198572], [-80.86826, 35.198493], [-80.868355, 35.198414], [-80.868451, 35.198336], [-80.86848, 35.198311], [-80.868823, 35.197995], [-80.868917, 35.197909], [-80.869624, 35.197254], [-80.869759, 35.197131], [-80.870076, 35.19684], [-80.870319, 35.196624], [-80.870377, 35.196577], [-80.870481, 35.196496], [-80.87059, 35.196418], [-80.870701, 35.196343], [-80.870987, 35.196155], [-80.871284, 35.195972], [-80.871594, 35.195779], [-80.871824, 35.195634], [-80.871972, 35.195533]]]}}, {"type": "Feature", "properties": {"name": "Statesville Rd", "ksi": 7, "fatal": 4, "serious": 3, "ped": 2, "bike": 0, "miles": 5.69, "per_mile": 1.2}, "geometry": {"type": "LineString", "coordinates": [[-80.836567, 35.272956], [-80.836501, 35.273115], [-80.836086, 35.274131], [-80.836035, 35.274255], [-80.835779, 35.27488], [-80.835674, 35.275083], [-80.835473, 35.275471], [-80.835368, 35.275652], [-80.835123, 35.276061], [-80.835021, 35.276274], [-80.834976, 35.276368], [-80.834874, 35.276583], [-80.834767, 35.276879], [-80.834725, 35.277032], [-80.834688, 35.277186], [-80.834676, 35.277242], [-80.834655, 35.27734], [-80.834629, 35.277495], [-80.834593, 35.277731], [-80.834517, 35.278234], [-80.834469, 35.27849], [-80.834429, 35.278748], [-80.834396, 35.279005], [-80.83437, 35.279264], [-80.834351, 35.279523], [-80.834339, 35.279782], [-80.834334, 35.280041], [-80.834347, 35.280269], [-80.834366, 35.280497], [-80.834392, 35.280725], [-80.834418, 35.280916], [-80.83445, 35.281107], [-80.834486, 35.281297], [-80.834533, 35.281515], [-80.834587, 35.281732], [-80.834647, 35.281948], [-80.834712, 35.282135], [-80.835126, 35.283194], [-80.835275, 35.283558], [-80.835518, 35.284173], [-80.835521, 35.28418], [-80.835601, 35.28438], [-80.835675, 35.284582], [-80.835677, 35.284588], [-80.835732, 35.284748], [-80.835769, 35.284875], [-80.835799, 35.285002], [-80.835805, 35.285029], [-80.835986, 35.285847], [-80.836016, 35.285981], [-80.836034, 35.286067], [-80.836049, 35.286141], [-80.836137, 35.286539], [-80.83617, 35.286691], [-80.836188, 35.286774], [-80.836266, 35.287135], [-80.836378, 35.287642], [-80.836434, 35.2879], [-80.836443, 35.28794], [-80.836475, 35.288091], [-80.836509, 35.288239], [-80.836619, 35.288693], [-80.836653, 35.288866], [-80.836717, 35.289089], [-80.836881, 35.289624], [-80.836959, 35.289867], [-80.837014, 35.290036], [-80.837084, 35.290232], [-80.837183, 35.290493], [-80.837348, 35.290897], [-80.837364, 35.290933], [-80.837368, 35.290944], [-80.837382, 35.290976], [-80.837521, 35.291297], [-80.837643, 35.291576], [-80.8378, 35.291938], [-80.837823, 35.291991], [-80.837832, 35.29201], [-80.838111, 35.292644], [-80.838171, 35.292784], [-80.83822, 35.292893], [-80.838253, 35.292982], [-80.838385, 35.29328], [-80.838509, 35.293569], [-80.838643, 35.293836], [-80.838822, 35.294235], [-80.838961, 35.29455], [-80.838996, 35.294629], [-80.839067, 35.294792], [-80.839155, 35.294992], [-80.839188, 35.29507], [-80.839217, 35.295134], [-80.839253, 35.295221], [-80.839309, 35.295354], [-80.839366, 35.295482], [-80.839415, 35.295604], [-80.839464, 35.295733], [-80.839506, 35.295846], [-80.839543, 35.295949], [-80.83957, 35.296024], [-80.839618, 35.29616], [-80.839663, 35.296312], [-80.839664, 35.296318], [-80.839719, 35.296507], [-80.839746, 35.296615], [-80.839781, 35.296757], [-80.839807, 35.29686], [-80.839836, 35.296982], [-80.839873, 35.297181], [-80.839885, 35.297248], [-80.839918, 35.297442], [-80.83994, 35.297612], [-80.839964, 35.29782], [-80.83998, 35.298024], [-80.839995, 35.298329], [-80.84, 35.298551], [-80.839991, 35.298938], [-80.839988, 35.299188], [-80.839988, 35.299226], [-80.839982, 35.299515], [-80.839946, 35.300055], [-80.839926, 35.300978], [-80.839906, 35.301756], [-80.839894, 35.30237], [-80.839901, 35.303004], [-80.839888, 35.303182], [-80.839877, 35.303293], [-80.839879, 35.303356], [-80.839874, 35.303431], [-80.839864, 35.303539], [-80.839824, 35.303786], [-80.83975, 35.304267], [-80.839617, 35.305071], [-80.839569, 35.305426], [-80.839566, 35.305437], [-80.839561, 35.305455], [-80.839302, 35.307204], [-80.83915, 35.308229], [-80.839124, 35.308407], [-80.838963, 35.309319], [-80.838922, 35.30966], [-80.838867, 35.309974], [-80.838878, 35.310443], [-80.838889, 35.310644], [-80.838919, 35.310851], [-80.838953, 35.311058], [-80.838991, 35.311265], [-80.839034, 35.311471], [-80.839116, 35.311816], [-80.839338, 35.312502], [-80.839474, 35.312965], [-80.839601, 35.313429], [-80.839717, 35.313895], [-80.839786, 35.314085], [-80.839884, 35.314346], [-80.839986, 35.314671], [-80.840067, 35.314908], [-80.840156, 35.315163], [-80.840163, 35.315183], [-80.840234, 35.315389], [-80.840311, 35.315617], [-80.840408, 35.315894], [-80.840498, 35.316141], [-80.840571, 35.316354], [-80.840658, 35.316603], [-80.840767, 35.316921], [-80.840896, 35.317309], [-80.841029, 35.317724], [-80.84118, 35.318148], [-80.841351, 35.318637], [-80.841538, 35.319166], [-80.841719, 35.319686], [-80.841901, 35.320177], [-80.841946, 35.320316], [-80.842043, 35.320609], [-80.84214, 35.320862], [-80.842217, 35.321063], [-80.842286, 35.321251], [-80.842379, 35.321521], [-80.842401, 35.321583], [-80.842482, 35.321811], [-80.842553, 35.322023], [-80.842622, 35.322221], [-80.842741, 35.322565], [-80.842856, 35.3229], [-80.842937, 35.323154], [-80.842976, 35.323271], [-80.843019, 35.323423], [-80.843059, 35.32357], [-80.843099, 35.323725], [-80.843141, 35.323904], [-80.843177, 35.324055], [-80.843222, 35.324262], [-80.843259, 35.324444], [-80.843297, 35.324628], [-80.843333, 35.324817], [-80.843362, 35.324995], [-80.843379, 35.325112], [-80.8434, 35.325267], [-80.843417, 35.325409], [-80.843438, 35.325576], [-80.843461, 35.325816], [-80.843477, 35.326032], [-80.843493, 35.326231], [-80.843505, 35.326422], [-80.84351, 35.326641], [-80.843515, 35.326853], [-80.843514, 35.327104], [-80.84351, 35.32738], [-80.843497, 35.327708], [-80.843471, 35.328072], [-80.843445, 35.328348], [-80.843429, 35.328504], [-80.843402, 35.328734], [-80.843378, 35.328977], [-80.843376, 35.329003], [-80.843367, 35.329078], [-80.843351, 35.329228], [-80.843331, 35.32941], [-80.843312, 35.329594], [-80.843254, 35.330077], [-80.843224, 35.33036], [-80.843199, 35.330588], [-80.843144, 35.331122], [-80.843075, 35.331778], [-80.843011, 35.332346], [-80.842987, 35.332566], [-80.842962, 35.332808], [-80.842907, 35.333339], [-80.842833, 35.334015], [-80.842785, 35.334465], [-80.842766, 35.334643], [-80.842695, 35.335315], [-80.842651, 35.335729], [-80.842564, 35.336548], [-80.842474, 35.337372], [-80.842402, 35.338049], [-80.842346, 35.338503], [-80.842278, 35.339152], [-80.84221, 35.339795], [-80.842209, 35.339805], [-80.84215, 35.340347], [-80.842111, 35.340769], [-80.8421, 35.340893], [-80.842068, 35.34117], [-80.842046, 35.341374], [-80.842001, 35.341771], [-80.841997, 35.341809], [-80.841961, 35.342151], [-80.841926, 35.342478], [-80.841882, 35.342879], [-80.841844, 35.343256], [-80.84183, 35.343407], [-80.841811, 35.343576], [-80.841775, 35.343864], [-80.841748, 35.344122], [-80.841741, 35.34418], [-80.841713, 35.34444], [-80.841668, 35.344873], [-80.841628, 35.34523], [-80.841574, 35.345716], [-80.841535, 35.346082], [-80.841498, 35.346356], [-80.841463, 35.346667], [-80.841436, 35.346932], [-80.841412, 35.347182], [-80.841385, 35.347472], [-80.841363, 35.347723], [-80.841333, 35.347989], [-80.841316, 35.348138], [-80.841302, 35.348257], [-80.841293, 35.348325], [-80.84129, 35.348359], [-80.841279, 35.348453], [-80.841263, 35.348595], [-80.841228, 35.348917], [-80.841181, 35.349391], [-80.841127, 35.349857], [-80.841083, 35.350317], [-80.841048, 35.350611], [-80.840985, 35.351185], [-80.840935, 35.351648], [-80.840861, 35.352314], [-80.840799, 35.352867], [-80.840717, 35.353542], [-80.840681, 35.353838], [-80.840669, 35.353937]]}}, {"type": "Feature", "properties": {"name": "Steele Creek Rd", "ksi": 8, "fatal": 1, "serious": 7, "ped": 0, "bike": 1, "miles": 6.92, "per_mile": 1.2}, "geometry": {"type": "LineString", "coordinates": [[-80.964001, 35.168498], [-80.964349, 35.168094], [-80.964374, 35.168066], [-80.964826, 35.167626], [-80.964969, 35.167449], [-80.964997, 35.167414], [-80.965239, 35.167155], [-80.965451, 35.166943], [-80.965486, 35.166909], [-80.9655, 35.166894], [-80.965611, 35.166783], [-80.965872, 35.166518], [-80.966108, 35.166281], [-80.966174, 35.166214], [-80.966652, 35.165729], [-80.966824, 35.165556], [-80.967222, 35.165155], [-80.967555, 35.164818], [-80.967628, 35.164745], [-80.968229, 35.164137], [-80.968501, 35.163858], [-80.968616, 35.163739], [-80.969823, 35.162512], [-80.969931, 35.162378], [-80.970034, 35.16224], [-80.970131, 35.1621], [-80.970222, 35.161958], [-80.97027, 35.161875], [-80.970316, 35.161792], [-80.970394, 35.16164], [-80.970465, 35.161485], [-80.970529, 35.161328], [-80.970586, 35.16117], [-80.97061, 35.161097], [-80.970626, 35.161045], [-80.970669, 35.160888], [-80.970698, 35.160721], [-80.97072, 35.160553], [-80.970732, 35.160385], [-80.970737, 35.160217], [-80.970733, 35.160049], [-80.97072, 35.15988], [-80.970679, 35.159436], [-80.97052, 35.15809], [-80.970512, 35.158026], [-80.970426, 35.157355], [-80.970343, 35.156628], [-80.970265, 35.155983], [-80.97021, 35.155535], [-80.970127, 35.154867], [-80.970102, 35.15468], [-80.970085, 35.154554], [-80.970058, 35.154323], [-80.970047, 35.154219], [-80.970023, 35.153992], [-80.970014, 35.153818], [-80.970015, 35.153682], [-80.97002, 35.153573], [-80.970029, 35.153511], [-80.970038, 35.153454], [-80.970051, 35.153391], [-80.970065, 35.153333], [-80.970082, 35.153266], [-80.970129, 35.153112], [-80.970176, 35.152972], [-80.970233, 35.152804], [-80.97028, 35.152668], [-80.970325, 35.152539], [-80.970441, 35.152223], [-80.970559, 35.151909], [-80.970642, 35.1517], [-80.970689, 35.151581], [-80.970815, 35.15126], [-80.970843, 35.151191], [-80.970913, 35.151003], [-80.971017, 35.150727], [-80.971102, 35.1505], [-80.971199, 35.150247], [-80.971298, 35.149981], [-80.971395, 35.14972], [-80.97148, 35.149477], [-80.971526, 35.149339], [-80.971566, 35.149217], [-80.971635, 35.148996], [-80.971704, 35.148742], [-80.971742, 35.148582], [-80.971793, 35.148356], [-80.971846, 35.148089], [-80.971853, 35.148055], [-80.971902, 35.147811], [-80.971955, 35.147542], [-80.972031, 35.147204], [-80.972105, 35.146897], [-80.972134, 35.146787], [-80.972174, 35.146638], [-80.972234, 35.146439], [-80.972273, 35.146324], [-80.97232, 35.146193], [-80.972381, 35.146037], [-80.972425, 35.145933], [-80.972484, 35.145809], [-80.972511, 35.145759], [-80.972562, 35.145665], [-80.972668, 35.145472], [-80.972787, 35.145277], [-80.97296, 35.144988], [-80.973134, 35.144703], [-80.973317, 35.144404], [-80.973488, 35.144117], [-80.973608, 35.143916], [-80.973846, 35.143538], [-80.974351, 35.142664], [-80.974584, 35.142227], [-80.974752, 35.141927], [-80.974897, 35.141657], [-80.9749, 35.141653], [-80.974933, 35.141592], [-80.975108, 35.141269], [-80.975254, 35.141006], [-80.975508, 35.140565], [-80.975592, 35.140428], [-80.975708, 35.140235], [-80.975848, 35.140013], [-80.97596, 35.139844], [-80.976068, 35.139691], [-80.976255, 35.139428], [-80.976408, 35.139207], [-80.976529, 35.139031], [-80.976573, 35.138969], [-80.976782, 35.138675], [-80.976952, 35.138427], [-80.977072, 35.138256], [-80.977206, 35.138057], [-80.977311, 35.137897], [-80.977382, 35.137779], [-80.977441, 35.137671], [-80.977488, 35.137575], [-80.977537, 35.137467], [-80.977556, 35.137425], [-80.977587, 35.137341], [-80.977751, 35.136772], [-80.977791, 35.136606], [-80.977827, 35.136417], [-80.977851, 35.136289], [-80.97797, 35.135822], [-80.978136, 35.135172], [-80.97822, 35.134872], [-80.978259, 35.134788], [-80.978281, 35.1347], [-80.978338, 35.134475], [-80.97845, 35.134051], [-80.978837, 35.132552], [-80.978922, 35.132221], [-80.979027, 35.131807], [-80.979138, 35.131373], [-80.979244, 35.130954], [-80.97936, 35.130494], [-80.979478, 35.130042], [-80.979567, 35.129702], [-80.979588, 35.129622], [-80.979751, 35.128989], [-80.97985, 35.128607], [-80.979897, 35.128423], [-80.980006, 35.128009], [-80.980143, 35.127477], [-80.980256, 35.127037], [-80.980345, 35.12669], [-80.980439, 35.126323], [-80.980501, 35.126074], [-80.980553, 35.125874], [-80.980585, 35.125748], [-80.980738, 35.125165], [-80.980869, 35.124658], [-80.980991, 35.124193], [-80.981137, 35.12363], [-80.981148, 35.123587], [-80.981317, 35.122946], [-80.981444, 35.122462], [-80.981587, 35.12196], [-80.981637, 35.121804], [-80.981724, 35.121592], [-80.981762, 35.121511], [-80.981796, 35.121423], [-80.981887, 35.12123], [-80.981993, 35.121013], [-80.982083, 35.12085], [-80.982134, 35.120765], [-80.982191, 35.120667], [-80.982251, 35.120571], [-80.982309, 35.120478], [-80.982379, 35.120374], [-80.982434, 35.120293], [-80.982489, 35.120216], [-80.98254, 35.120142], [-80.982598, 35.12006], [-80.982662, 35.119969], [-80.982717, 35.119897], [-80.982813, 35.119782], [-80.98291, 35.119668], [-80.983065, 35.119486], [-80.983191, 35.119341], [-80.983312, 35.119208], [-80.983351, 35.119169], [-80.983449, 35.119073], [-80.983534, 35.118986], [-80.98361, 35.118914], [-80.983675, 35.118852], [-80.983748, 35.118784], [-80.983829, 35.118714], [-80.98391, 35.118649], [-80.984082, 35.118505], [-80.984521, 35.118154], [-80.984621, 35.118075], [-80.984666, 35.118039], [-80.984915, 35.117842], [-80.985266, 35.117565], [-80.985836, 35.117114], [-80.986021, 35.116968], [-80.986202, 35.116825], [-80.986349, 35.116707], [-80.986476, 35.116604], [-80.986589, 35.116488], [-80.986694, 35.116376], [-80.986767, 35.116275], [-80.986853, 35.116135], [-80.986892, 35.116064], [-80.98693, 35.115975], [-80.986967, 35.115853], [-80.987005, 35.115676], [-80.987022, 35.11552], [-80.987033, 35.115329], [-80.987044, 35.115048], [-80.987059, 35.114664], [-80.987074, 35.114303], [-80.987089, 35.114097], [-80.98709, 35.114086], [-80.987108, 35.113875], [-80.987127, 35.113668], [-80.987149, 35.11349], [-80.987174, 35.113298], [-80.987203, 35.113098], [-80.987239, 35.112911], [-80.987351, 35.112255], [-80.987393, 35.112031], [-80.987438, 35.111782], [-80.987508, 35.111402], [-80.98754, 35.111232], [-80.98762, 35.110776], [-80.98767, 35.110497], [-80.987684, 35.11042], [-80.987726, 35.110188], [-80.987779, 35.109891], [-80.98783, 35.109619], [-80.987872, 35.109382], [-80.987921, 35.109124], [-80.987959, 35.108908], [-80.987994, 35.108706], [-80.988026, 35.108528], [-80.988039, 35.108454], [-80.98807, 35.108287], [-80.988102, 35.108121], [-80.988144, 35.10793], [-80.988181, 35.107788], [-80.988225, 35.107612], [-80.988285, 35.107395], [-80.988376, 35.107085], [-80.988472, 35.106754], [-80.988564, 35.106445], [-80.98865, 35.106153], [-80.988742, 35.10584], [-80.988832, 35.105531], [-80.988945, 35.105157], [-80.98901, 35.104883], [-80.989043, 35.104676], [-80.989064, 35.104392], [-80.989065, 35.104253], [-80.989067, 35.104182], [-80.989053, 35.103987], [-80.989008, 35.103761], [-80.988947, 35.103555], [-80.988892, 35.103395], [-80.988839, 35.103262], [-80.988738, 35.103034], [-80.988616, 35.10274], [-80.988536, 35.102484], [-80.988442, 35.102202], [-80.988392, 35.102045], [-80.988344, 35.101874], [-80.988305, 35.10171], [-80.988272, 35.101534], [-80.988257, 35.101413], [-80.988255, 35.101215], [-80.988265, 35.101014], [-80.988281, 35.100852], [-80.988312, 35.10067], [-80.988357, 35.100502], [-80.988411, 35.100358], [-80.988469, 35.100219], [-80.988536, 35.100096], [-80.988608, 35.09998], [-80.988701, 35.099852], [-80.988794, 35.099732], [-80.988884, 35.099628], [-80.989002, 35.099508], [-80.989006, 35.099504], [-80.989114, 35.099402], [-80.98923, 35.099302], [-80.989353, 35.099207], [-80.98947, 35.099126], [-80.989636, 35.099031], [-80.989756, 35.098964], [-80.989877, 35.098903], [-80.989994, 35.098848], [-80.990121, 35.098794], [-80.990445, 35.09865], [-80.990551, 35.098598], [-80.990666, 35.098537], [-80.990798, 35.09846], [-80.990865, 35.098421], [-80.990946, 35.098363], [-80.991066, 35.098272], [-80.991191, 35.098163], [-80.991262, 35.098095], [-80.991338, 35.098013], [-80.991417, 35.097923], [-80.991499, 35.097812], [-80.991582, 35.097675], [-80.991652, 35.097554], [-80.991727, 35.097391], [-80.991803, 35.097201], [-80.991904, 35.096947], [-80.991998, 35.09675], [-80.992057, 35.096579], [-80.992091, 35.096471], [-80.992119, 35.096358], [-80.992138, 35.096264], [-80.992152, 35.096157], [-80.992162, 35.096045], [-80.992166, 35.095948], [-80.992166, 35.095874], [-80.992166, 35.095859], [-80.992161, 35.095721], [-80.992156, 35.095651], [-80.992141, 35.095528], [-80.992125, 35.095399], [-80.992103, 35.095272], [-80.99207, 35.095084], [-80.992036, 35.094894], [-80.992002, 35.094699], [-80.991957, 35.09444], [-80.99194, 35.094337], [-80.991896, 35.094067], [-80.991873, 35.093909], [-80.991853, 35.093762], [-80.991836, 35.093642], [-80.991828, 35.09352], [-80.991824, 35.093438], [-80.991822, 35.09341], [-80.991823, 35.093279], [-80.991829, 35.093117], [-80.991836, 35.093005], [-80.991868, 35.092724], [-80.99191, 35.092447], [-80.99199, 35.091946], [-80.992063, 35.091498], [-80.992145, 35.090998], [-80.992204, 35.090627], [-80.992271, 35.090222], [-80.992326, 35.089882], [-80.992377, 35.089562], [-80.992426, 35.089251], [-80.992471, 35.088943], [-80.992537, 35.088512], [-80.992563, 35.088354], [-80.992585, 35.088219], [-80.992635, 35.087905], [-80.99265, 35.08774], [-80.992651, 35.087588], [-80.992645, 35.087479], [-80.99263, 35.087372], [-80.992603, 35.087236], [-80.992558, 35.08706], [-80.9925, 35.086872], [-80.992459, 35.086757], [-80.992355, 35.086437], [-80.992291, 35.086242], [-80.992159, 35.085847], [-80.991991, 35.085329], [-80.991826, 35.084835], [-80.99175, 35.084605], [-80.991517, 35.083905], [-80.991388, 35.083524], [-80.991272, 35.08318], [-80.991206, 35.082981], [-80.991143, 35.082791], [-80.991042, 35.082481], [-80.990903, 35.082059], [-80.990777, 35.081676], [-80.990772, 35.081663], [-80.990684, 35.08139], [-80.990586, 35.081088], [-80.990489, 35.080793], [-80.990478, 35.08076], [-80.990464, 35.080719], [-80.99041, 35.080552], [-80.990343, 35.080344], [-80.990272, 35.080132], [-80.990135, 35.079719], [-80.990105, 35.079626], [-80.990035, 35.079418], [-80.989934, 35.079115], [-80.989825, 35.078787], [-80.989741, 35.078529], [-80.989696, 35.078392], [-80.989557, 35.077973], [-80.989459, 35.077682], [-80.98937, 35.077413], [-80.989338, 35.077318], [-80.989317, 35.077256], [-80.989234, 35.077007], [-80.989214, 35.076933], [-80.989153, 35.076721], [-80.989115, 35.076576], [-80.989075, 35.076434], [-80.989051, 35.076322], [-80.989041, 35.076258], [-80.989023, 35.076127], [-80.989017, 35.076004], [-80.989013, 35.075876], [-80.989016, 35.07577], [-80.989024, 35.075698], [-80.989039, 35.075606], [-80.989049, 35.075545], [-80.989094, 35.075278], [-80.989132, 35.075017]]}}, {"type": "Feature", "properties": {"name": "The Plaza", "ksi": 22, "fatal": 12, "serious": 10, "ped": 10, "bike": 2, "miles": 7.0, "per_mile": 3.1}, "geometry": {"type": "LineString", "coordinates": [[-80.811125, 35.218286], [-80.810992, 35.218457], [-80.810878, 35.218613], [-80.810855, 35.21865], [-80.810836, 35.21869], [-80.810821, 35.218731], [-80.810812, 35.218773], [-80.810808, 35.218816], [-80.810809, 35.218859], [-80.810815, 35.218997], [-80.810822, 35.219258], [-80.810823, 35.219319], [-80.810829, 35.21963], [-80.81084, 35.219973], [-80.810845, 35.220052], [-80.810846, 35.220138], [-80.810841, 35.220225], [-80.810837, 35.220264], [-80.810831, 35.22031], [-80.810802, 35.220543], [-80.8108, 35.220551], [-80.810769, 35.220684], [-80.810729, 35.220834], [-80.810563, 35.221518], [-80.810543, 35.221598], [-80.810212, 35.222961], [-80.810173, 35.223125], [-80.809677, 35.225072], [-80.809371, 35.226276], [-80.809258, 35.226723], [-80.808987, 35.227823], [-80.808773, 35.228699], [-80.808439, 35.23006], [-80.808165, 35.231176], [-80.808048, 35.231655], [-80.807853, 35.23245], [-80.807771, 35.232822], [-80.807696, 35.232855], [-80.807634, 35.232893], [-80.807624, 35.232901], [-80.807439, 35.233021], [-80.807254, 35.233145], [-80.807169, 35.233211], [-80.807087, 35.23328], [-80.80701, 35.233351], [-80.806936, 35.233426], [-80.806916, 35.233447], [-80.80652, 35.233852], [-80.806449, 35.233914], [-80.806368, 35.233985], [-80.806324, 35.234024], [-80.806265, 35.234078], [-80.806202, 35.23413], [-80.806133, 35.23419], [-80.805927, 35.234368], [-80.805711, 35.23456], [-80.805598, 35.234651], [-80.805549, 35.23469], [-80.805477, 35.234746], [-80.805402, 35.234799], [-80.805323, 35.234849], [-80.805128, 35.234977], [-80.805007, 35.235052], [-80.804622, 35.235272], [-80.804127, 35.235565], [-80.804097, 35.235583], [-80.803683, 35.235828], [-80.803536, 35.235916], [-80.803451, 35.235967], [-80.803319, 35.236038], [-80.803152, 35.236129], [-80.802955, 35.236233], [-80.802741, 35.236329], [-80.802635, 35.23638], [-80.802451, 35.236467], [-80.802127, 35.236619], [-80.801604, 35.236867], [-80.801234, 35.237034], [-80.801004, 35.237143], [-80.800841, 35.23722], [-80.800742, 35.237266], [-80.800688, 35.237292], [-80.800633, 35.237319], [-80.800579, 35.237347], [-80.800526, 35.237375], [-80.800474, 35.237405], [-80.800422, 35.237435], [-80.80037, 35.237465], [-80.80032, 35.237497], [-80.80027, 35.237529], [-80.800221, 35.237562], [-80.800172, 35.237596], [-80.800125, 35.23763], [-80.800077, 35.237664], [-80.800031, 35.2377], [-80.799986, 35.237737], [-80.799941, 35.237773], [-80.799897, 35.237811], [-80.799842, 35.237859], [-80.799633, 35.238066], [-80.798972, 35.238719], [-80.798596, 35.239089], [-80.798591, 35.239095], [-80.798385, 35.239298], [-80.798366, 35.239317], [-80.798069, 35.239614], [-80.797865, 35.23982], [-80.797637, 35.240046], [-80.797454, 35.240228], [-80.797189, 35.240493], [-80.796932, 35.240749], [-80.796663, 35.241018], [-80.79641, 35.24127], [-80.79595, 35.241732], [-80.795667, 35.242018], [-80.795456, 35.24223], [-80.794846, 35.242826], [-80.794725, 35.242948], [-80.794419, 35.243258], [-80.794055, 35.24362], [-80.793934, 35.243744], [-80.793753, 35.243928], [-80.793486, 35.244183], [-80.793118, 35.244551], [-80.792969, 35.2447], [-80.792797, 35.244864], [-80.792724, 35.244929], [-80.792643, 35.24499], [-80.792567, 35.245045], [-80.792546, 35.245061], [-80.792448, 35.245123], [-80.792354, 35.245182], [-80.792293, 35.245219], [-80.792175, 35.245283], [-80.79207, 35.245335], [-80.791951, 35.245393], [-80.79189, 35.245416], [-80.791744, 35.245467], [-80.791596, 35.245514], [-80.791446, 35.245558], [-80.791294, 35.245597], [-80.791144, 35.245632], [-80.790939, 35.245687], [-80.790626, 35.245775], [-80.790398, 35.245833], [-80.789907, 35.245962], [-80.789456, 35.246081], [-80.788984, 35.246211], [-80.788655, 35.246313], [-80.788225, 35.246495], [-80.787904, 35.24665], [-80.787667, 35.246764], [-80.787268, 35.246951], [-80.78706, 35.247046], [-80.786449, 35.247323], [-80.786239, 35.247419], [-80.785781, 35.247626], [-80.785521, 35.247747], [-80.785263, 35.247866], [-80.785129, 35.247927], [-80.784907, 35.248029], [-80.784691, 35.248127], [-80.784365, 35.248276], [-80.783897, 35.248486], [-80.783289, 35.24874], [-80.783126, 35.2488], [-80.782585, 35.249001], [-80.781782, 35.249299], [-80.781028, 35.249517], [-80.778757, 35.250172], [-80.778037, 35.25038], [-80.777187, 35.250625], [-80.777138, 35.250642], [-80.7771, 35.250654], [-80.777063, 35.250665], [-80.777025, 35.250676], [-80.776987, 35.250686], [-80.776949, 35.250696], [-80.776911, 35.250705], [-80.776872, 35.250714], [-80.776834, 35.250722], [-80.776794, 35.25073], [-80.776755, 35.250737], [-80.776738, 35.250739], [-80.776716, 35.250743], [-80.776677, 35.250749], [-80.776637, 35.250754], [-80.776598, 35.250759], [-80.776558, 35.250763], [-80.776518, 35.250767], [-80.776478, 35.25077], [-80.776439, 35.250772], [-80.776399, 35.250774], [-80.776359, 35.250775], [-80.776319, 35.250776], [-80.776279, 35.250776], [-80.776239, 35.250776], [-80.776199, 35.250775], [-80.776159, 35.250773], [-80.776119, 35.250771], [-80.776079, 35.250769], [-80.776039, 35.250765], [-80.776, 35.250761], [-80.77596, 35.250757], [-80.775921, 35.250752], [-80.775881, 35.250746], [-80.775842, 35.25074], [-80.775802, 35.250734], [-80.775764, 35.250726], [-80.775725, 35.250719], [-80.775686, 35.25071], [-80.775648, 35.250701], [-80.775609, 35.250692], [-80.775571, 35.250682], [-80.775533, 35.250671], [-80.775496, 35.25066], [-80.775458, 35.250649], [-80.775421, 35.250637], [-80.775384, 35.250624], [-80.775347, 35.250611], [-80.775311, 35.250597], [-80.774593, 35.250346], [-80.772738, 35.249699], [-80.772368, 35.24957], [-80.771779, 35.249364], [-80.771738, 35.249349], [-80.771697, 35.249334], [-80.771655, 35.249321], [-80.771613, 35.249307], [-80.771571, 35.249294], [-80.771529, 35.249282], [-80.771486, 35.249271], [-80.771443, 35.24926], [-80.7714, 35.249249], [-80.771357, 35.249239], [-80.771313, 35.249231], [-80.771269, 35.249222], [-80.771225, 35.249214], [-80.771181, 35.249207], [-80.771137, 35.2492], [-80.771093, 35.249195], [-80.771048, 35.249189], [-80.771003, 35.249184], [-80.770959, 35.24918], [-80.770914, 35.249177], [-80.770869, 35.249174], [-80.770824, 35.249172], [-80.770779, 35.249171], [-80.770735, 35.24917], [-80.77069, 35.24917], [-80.770645, 35.24917], [-80.77056, 35.249173], [-80.76942, 35.2492], [-80.766572, 35.24927], [-80.765353, 35.249299], [-80.765297, 35.2493], [-80.765242, 35.249302], [-80.765187, 35.249304], [-80.765132, 35.249307], [-80.765077, 35.249312], [-80.765022, 35.249316], [-80.764967, 35.249322], [-80.764912, 35.249328], [-80.764857, 35.249335], [-80.764803, 35.249343], [-80.764749, 35.249352], [-80.764695, 35.249362], [-80.76464, 35.249372], [-80.764587, 35.249383], [-80.764533, 35.249395], [-80.76448, 35.249407], [-80.764427, 35.24942], [-80.764375, 35.249435], [-80.764322, 35.24945], [-80.764271, 35.249465], [-80.764218, 35.249481], [-80.764167, 35.249498], [-80.764116, 35.249516], [-80.764066, 35.249535], [-80.764006, 35.249558], [-80.763403, 35.249758], [-80.761998, 35.250226], [-80.761705, 35.250323], [-80.761615, 35.250355], [-80.76093, 35.250594], [-80.759731, 35.251013], [-80.759666, 35.251037], [-80.759627, 35.25105], [-80.759587, 35.251063], [-80.759547, 35.251075], [-80.759507, 35.251087], [-80.759466, 35.251098], [-80.759425, 35.251108], [-80.759385, 35.251118], [-80.759344, 35.251128], [-80.759303, 35.251136], [-80.759261, 35.251144], [-80.759219, 35.251152], [-80.759177, 35.251159], [-80.759136, 35.251165], [-80.759094, 35.251171], [-80.759052, 35.251176], [-80.759009, 35.251181], [-80.758967, 35.251185], [-80.758925, 35.251188], [-80.758882, 35.251191], [-80.75884, 35.251193], [-80.758797, 35.251194], [-80.758754, 35.251195], [-80.758712, 35.251195], [-80.758682, 35.251195], [-80.758669, 35.251195], [-80.758627, 35.251194], [-80.758584, 35.251192], [-80.758542, 35.25119], [-80.758499, 35.251187], [-80.758457, 35.251184], [-80.758414, 35.25118], [-80.758372, 35.251175], [-80.75833, 35.25117], [-80.758288, 35.251164], [-80.758246, 35.251158], [-80.758205, 35.251151], [-80.758163, 35.251143], [-80.758122, 35.251135], [-80.75808, 35.251126], [-80.758039, 35.251117], [-80.757999, 35.251107], [-80.757958, 35.251096], [-80.757918, 35.251085], [-80.757877, 35.251073], [-80.757837, 35.251061], [-80.757798, 35.251048], [-80.757759, 35.251035], [-80.757719, 35.251021], [-80.757681, 35.251007], [-80.757643, 35.250991], [-80.757604, 35.250976], [-80.757567, 35.25096], [-80.757529, 35.250943], [-80.757492, 35.250926], [-80.757455, 35.250908], [-80.757419, 35.25089], [-80.757383, 35.250871], [-80.757348, 35.250852], [-80.757312, 35.250832], [-80.757278, 35.250811], [-80.757244, 35.250791], [-80.75721, 35.250769], [-80.757176, 35.250747], [-80.757144, 35.250725], [-80.757112, 35.250703], [-80.757079, 35.250679], [-80.757048, 35.250656], [-80.756071, 35.250018], [-80.755486, 35.249636], [-80.75413, 35.24875], [-80.752495, 35.247683], [-80.752424, 35.247709], [-80.752402, 35.247718], [-80.752375, 35.247735], [-80.752141, 35.247899], [-80.751753, 35.248172], [-80.751748, 35.248176], [-80.751567, 35.248306], [-80.751377, 35.248441], [-80.750953, 35.248742], [-80.750448, 35.249108], [-80.749676, 35.249655], [-80.749513, 35.249763], [-80.749318, 35.249889], [-80.749063, 35.250054], [-80.74874, 35.250274], [-80.748389, 35.250529], [-80.748066, 35.250763], [-80.747798, 35.25095], [-80.747463, 35.251175], [-80.747312, 35.251274], [-80.747228, 35.25133], [-80.747096, 35.251414], [-80.74693, 35.251516], [-80.746682, 35.251668], [-80.746428, 35.251835], [-80.746125, 35.252023], [-80.74601, 35.252094], [-80.74547, 35.252443], [-80.745255, 35.252587], [-80.744422, 35.253119], [-80.743963, 35.253404], [-80.743951, 35.253412], [-80.743641, 35.253612], [-80.743309, 35.253823], [-80.743037, 35.253995], [-80.7428, 35.254145], [-80.742783, 35.254156], [-80.742288, 35.254472], [-80.742139, 35.254567], [-80.741905, 35.254719], [-80.741697, 35.254852], [-80.741309, 35.255102], [-80.741151, 35.255204], [-80.740495, 35.255599], [-80.740097, 35.255852], [-80.739703, 35.256099], [-80.73927, 35.256369], [-80.738883, 35.256614], [-80.738553, 35.256825], [-80.738007, 35.257172], [-80.737735, 35.257347], [-80.737541, 35.257471], [-80.73725, 35.257656], [-80.737053, 35.257768], [-80.736741, 35.257967], [-80.736503, 35.258121], [-80.736317, 35.258234], [-80.736216, 35.258278], [-80.736079, 35.258322], [-80.73593, 35.258349], [-80.735784, 35.258354], [-80.735387, 35.258366], [-80.735096, 35.258385], [-80.734279, 35.258413], [-80.733546, 35.258439], [-80.732714, 35.258463], [-80.732055, 35.2585], [-80.730599, 35.258548], [-80.729631, 35.258584], [-80.729459, 35.258591], [-80.728539, 35.25861], [-80.727732, 35.258624], [-80.727552, 35.258623], [-80.727403, 35.25862], [-80.727304, 35.258616], [-80.727185, 35.2586], [-80.727062, 35.258577], [-80.726922, 35.258541], [-80.726775, 35.258497], [-80.726653, 35.258445], [-80.726522, 35.258379], [-80.726421, 35.258325], [-80.726228, 35.258198], [-80.726127, 35.258129], [-80.725812, 35.257926], [-80.725378, 35.257647], [-80.725055, 35.257461], [-80.724882, 35.25736], [-80.724601, 35.257206], [-80.72429, 35.257049], [-80.724015, 35.256921], [-80.72372, 35.25679], [-80.723459, 35.256679], [-80.723227, 35.256586], [-80.723172, 35.256565], [-80.722906, 35.256465], [-80.72233, 35.256255], [-80.72162, 35.255999], [-80.721514, 35.255962], [-80.721328, 35.255893], [-80.721152, 35.255832], [-80.720978, 35.255773], [-80.720786, 35.255718], [-80.720616, 35.255674], [-80.720442, 35.255634], [-80.720249, 35.255597], [-80.720065, 35.255564], [-80.719921, 35.255546], [-80.719735, 35.255528], [-80.719566, 35.255515], [-80.719341, 35.2555], [-80.718859, 35.25547], [-80.718178, 35.255434], [-80.717718, 35.255408]]}}, {"type": "Feature", "properties": {"name": "Tuckaseegee Rd", "ksi": 9, "fatal": 2, "serious": 7, "ped": 2, "bike": 0, "miles": 5.78, "per_mile": 1.6}, "geometry": {"type": "MultiLineString", "coordinates": [[[-80.86466, 35.236808], [-80.864977, 35.236801], [-80.865128, 35.236795], [-80.865498, 35.236781], [-80.866166, 35.236761], [-80.867004, 35.236726], [-80.867739, 35.2367], [-80.868832, 35.236659], [-80.870032, 35.236614], [-80.870492, 35.236591], [-80.870519, 35.23659], [-80.871253, 35.236572], [-80.871696, 35.236566], [-80.872632, 35.236561], [-80.873451, 35.236551], [-80.874101, 35.236547], [-80.874506, 35.236526], [-80.874586, 35.236602], [-80.874706, 35.236769], [-80.875036, 35.237505], [-80.87528, 35.238046], [-80.875381, 35.238275], [-80.87546, 35.238453], [-80.875686, 35.238961], [-80.875794, 35.239188], [-80.875847, 35.2393], [-80.876098, 35.239857], [-80.876167, 35.240011], [-80.876199, 35.240081], [-80.876334, 35.240375], [-80.876337, 35.240383], [-80.876597, 35.240951], [-80.876633, 35.241046], [-80.876673, 35.24114], [-80.876719, 35.241232], [-80.876766, 35.241316], [-80.876769, 35.241323], [-80.876824, 35.241411], [-80.876884, 35.241498], [-80.87692, 35.241546], [-80.876922, 35.241548], [-80.876961, 35.241592], [-80.877005, 35.241635], [-80.877053, 35.241676], [-80.877105, 35.241713], [-80.877161, 35.241747], [-80.8772, 35.241768], [-80.87745, 35.241886], [-80.877997, 35.242112], [-80.878663, 35.242386], [-80.879442, 35.242704], [-80.87981, 35.242854], [-80.880079, 35.242965], [-80.880415, 35.243104], [-80.88083, 35.243285], [-80.881007, 35.243362], [-80.881505, 35.243597], [-80.881705, 35.243689], [-80.882156, 35.243897], [-80.882253, 35.243942], [-80.882422, 35.244019], [-80.882524, 35.244066], [-80.882789, 35.244189], [-80.883285, 35.244426], [-80.883425, 35.24449], [-80.883893, 35.244702], [-80.884537, 35.245002], [-80.884626, 35.245043], [-80.885021, 35.245226], [-80.885177, 35.2453], [-80.885276, 35.245347], [-80.885418, 35.245409], [-80.885445, 35.24542], [-80.885561, 35.245468], [-80.885584, 35.245475], [-80.885682, 35.24551], [-80.885786, 35.245541], [-80.885893, 35.245569], [-80.885923, 35.245578], [-80.886057, 35.24561], [-80.886191, 35.245639], [-80.886328, 35.245663], [-80.886728, 35.245734], [-80.886909, 35.245766], [-80.887165, 35.245811], [-80.887772, 35.24592], [-80.888261, 35.246007], [-80.888343, 35.246022], [-80.888429, 35.246037], [-80.889035, 35.246144], [-80.889329, 35.246198], [-80.889471, 35.246224], [-80.890006, 35.24632], [-80.890413, 35.246392], [-80.890865, 35.246474], [-80.891322, 35.246555], [-80.891484, 35.246584], [-80.891547, 35.246596], [-80.891619, 35.246609], [-80.891634, 35.246611], [-80.891724, 35.24662], [-80.891814, 35.246626], [-80.891905, 35.246627], [-80.891996, 35.246623], [-80.892103, 35.246617], [-80.892229, 35.246593], [-80.892341, 35.246553], [-80.892416, 35.246503], [-80.89242, 35.246502], [-80.892924, 35.245876], [-80.893115, 35.245646], [-80.89323, 35.245512]], [[-80.895795, 35.244071], [-80.895874, 35.244332], [-80.895903, 35.244397], [-80.895952, 35.244497], [-80.896006, 35.244594], [-80.896065, 35.24469], [-80.896128, 35.244784], [-80.896196, 35.244876], [-80.896269, 35.244965], [-80.896345, 35.245051], [-80.896349, 35.245056], [-80.896399, 35.245112], [-80.896453, 35.245165], [-80.896475, 35.245184], [-80.896511, 35.245215], [-80.896579, 35.245271], [-80.896748, 35.2454], [-80.896858, 35.245477], [-80.897023, 35.245586], [-80.897084, 35.245623], [-80.897191, 35.245678], [-80.897198, 35.245682], [-80.897303, 35.245735], [-80.897326, 35.245745], [-80.897345, 35.245754], [-80.89741, 35.245783], [-80.897415, 35.245785], [-80.897479, 35.245811], [-80.897485, 35.245813], [-80.897641, 35.245872], [-80.897721, 35.2459], [-80.897821, 35.24593], [-80.897919, 35.24596], [-80.897984, 35.245978], [-80.898099, 35.246008], [-80.898161, 35.24602], [-80.89831, 35.246052], [-80.898463, 35.246076], [-80.89862, 35.24611], [-80.898779, 35.24614], [-80.899249, 35.246225], [-80.899544, 35.24629], [-80.899556, 35.246292], [-80.899757, 35.246336], [-80.89988, 35.246371], [-80.900011, 35.246402], [-80.900127, 35.246427], [-80.900324, 35.246467], [-80.900518, 35.246505], [-80.900606, 35.246518], [-80.900694, 35.246531], [-80.901145, 35.246599], [-80.901703, 35.246686], [-80.9018, 35.246702], [-80.901845, 35.24671], [-80.901979, 35.246734], [-80.902112, 35.246761], [-80.902243, 35.246793], [-80.902323, 35.246815], [-80.902352, 35.246823], [-80.903018, 35.246999], [-80.904966, 35.247515], [-80.905045, 35.247536], [-80.905356, 35.247618], [-80.905736, 35.247729], [-80.906739, 35.247995], [-80.906985, 35.248058], [-80.907848, 35.248278], [-80.90795, 35.248303], [-80.908114, 35.24834], [-80.908515, 35.248432], [-80.908744, 35.248495], [-80.908857, 35.248525], [-80.909243, 35.248627], [-80.909322, 35.248645], [-80.909401, 35.248659], [-80.909482, 35.248669], [-80.909547, 35.248673], [-80.909628, 35.248675], [-80.909709, 35.248672], [-80.909789, 35.248664], [-80.909869, 35.248653], [-80.909948, 35.248637], [-80.909982, 35.248629], [-80.910081, 35.248603], [-80.910179, 35.248572], [-80.910275, 35.248538], [-80.910278, 35.248537], [-80.910368, 35.2485], [-80.910769, 35.248339], [-80.91123, 35.248154], [-80.911892, 35.247888], [-80.91207, 35.247817], [-80.912358, 35.247703], [-80.912713, 35.24756], [-80.913153, 35.24738], [-80.913417, 35.247272], [-80.913547, 35.247207], [-80.914038, 35.247018], [-80.914282, 35.246916], [-80.914722, 35.246746], [-80.91482, 35.246716], [-80.91491, 35.246682], [-80.914962, 35.246662], [-80.915092, 35.246613], [-80.915118, 35.246604], [-80.915245, 35.246553], [-80.915309, 35.246527], [-80.915495, 35.246444], [-80.915679, 35.246358], [-80.915859, 35.246267], [-80.915953, 35.246217], [-80.916105, 35.246132], [-80.916254, 35.246044], [-80.916399, 35.245951], [-80.916542, 35.245856], [-80.917112, 35.245456], [-80.917365, 35.245287], [-80.9174, 35.245268], [-80.917484, 35.245225], [-80.91757, 35.245187], [-80.917659, 35.245152], [-80.91775, 35.245121], [-80.917844, 35.245094], [-80.918009, 35.245047], [-80.918748, 35.244835], [-80.918863, 35.244801], [-80.918996, 35.244766], [-80.919131, 35.244736], [-80.919267, 35.24471], [-80.919361, 35.244695], [-80.919495, 35.244678], [-80.91963, 35.244665], [-80.919765, 35.244656], [-80.919805, 35.244655], [-80.91984, 35.244654], [-80.91988, 35.244653], [-80.920279, 35.244655], [-80.920886, 35.244659], [-80.921182, 35.244658], [-80.92157, 35.244657], [-80.9219, 35.244651], [-80.922174, 35.244649], [-80.922372, 35.244647], [-80.922519, 35.244645], [-80.922648, 35.244644], [-80.922781, 35.244643], [-80.922823, 35.244642], [-80.922988, 35.244641], [-80.923202, 35.244638], [-80.923338, 35.244637], [-80.923606, 35.244636], [-80.923837, 35.244636], [-80.924085, 35.244632], [-80.924211, 35.244631], [-80.924224, 35.244631], [-80.924467, 35.244628], [-80.924626, 35.244627], [-80.924646, 35.244627], [-80.924807, 35.244626], [-80.924988, 35.244618], [-80.925143, 35.244615], [-80.92526, 35.244613], [-80.925426, 35.244609], [-80.925616, 35.244606], [-80.925753, 35.244601], [-80.925879, 35.244597], [-80.926002, 35.244595], [-80.926137, 35.244594], [-80.926322, 35.244594], [-80.926507, 35.24459], [-80.926676, 35.244589], [-80.926821, 35.24459], [-80.927, 35.24459], [-80.927088, 35.244589], [-80.927188, 35.244588], [-80.927492, 35.2446], [-80.927613, 35.244597], [-80.927763, 35.244592], [-80.927914, 35.244587], [-80.928049, 35.244581], [-80.928255, 35.244571], [-80.928461, 35.24456], [-80.92848, 35.244558], [-80.928694, 35.244546], [-80.928889, 35.244535], [-80.929024, 35.244526], [-80.929275, 35.244511], [-80.929501, 35.244497], [-80.929661, 35.24449], [-80.929783, 35.244482], [-80.929935, 35.244473], [-80.930051, 35.244467], [-80.930172, 35.244461], [-80.930312, 35.244454], [-80.930447, 35.244447], [-80.930599, 35.244439], [-80.930756, 35.24443], [-80.93094, 35.244419], [-80.931655, 35.24438], [-80.932035, 35.244362], [-80.932119, 35.244357], [-80.932335, 35.244356], [-80.932438, 35.244358], [-80.932526, 35.244363], [-80.932613, 35.244371], [-80.932708, 35.244382], [-80.93279, 35.244395], [-80.932869, 35.24441], [-80.932966, 35.244432], [-80.93306, 35.244455], [-80.933174, 35.244488], [-80.933261, 35.244515], [-80.933364, 35.24455], [-80.93345, 35.244581], [-80.933494, 35.244597], [-80.933644, 35.244653], [-80.93391, 35.244738], [-80.934225, 35.244842], [-80.934396, 35.244891], [-80.934543, 35.244931], [-80.934972, 35.245066], [-80.935137, 35.245118], [-80.935419, 35.2452], [-80.935696, 35.245289], [-80.935925, 35.245361], [-80.936057, 35.245407], [-80.936207, 35.245464], [-80.936358, 35.245533], [-80.936575, 35.245629], [-80.936696, 35.245682], [-80.936933, 35.245803], [-80.937333, 35.246008], [-80.938059, 35.246362], [-80.938258, 35.246455], [-80.938387, 35.24651], [-80.93853, 35.246562], [-80.938595, 35.246583], [-80.938679, 35.246602], [-80.938782, 35.24662], [-80.938877, 35.246631], [-80.939013, 35.246646], [-80.939181, 35.246659], [-80.939541, 35.246691], [-80.93976, 35.246711], [-80.939866, 35.246721], [-80.940196, 35.246755], [-80.940516, 35.246788], [-80.940808, 35.246817], [-80.941194, 35.246858], [-80.941484, 35.246887], [-80.942018, 35.24694], [-80.942373, 35.246978], [-80.942528, 35.246994], [-80.942655, 35.247007], [-80.942716, 35.247014], [-80.942884, 35.247031], [-80.943184, 35.247066], [-80.943571, 35.247112], [-80.944025, 35.247174], [-80.94449, 35.247239], [-80.944598, 35.247254], [-80.944791, 35.247281], [-80.944808, 35.247284], [-80.945211, 35.24734], [-80.945652, 35.247401], [-80.945879, 35.247431], [-80.946232, 35.247478], [-80.946439, 35.247506], [-80.946565, 35.247521], [-80.946674, 35.24753], [-80.946809, 35.247534], [-80.946913, 35.247534], [-80.947023, 35.247527], [-80.947154, 35.247513], [-80.947294, 35.247491], [-80.947423, 35.247466], [-80.947523, 35.247447], [-80.947609, 35.24743], [-80.947828, 35.247387], [-80.948036, 35.247349], [-80.948488, 35.247259], [-80.949401, 35.247082], [-80.949891, 35.246986], [-80.950167, 35.246925], [-80.950407, 35.246868], [-80.95074, 35.246782], [-80.951114, 35.246679], [-80.951436, 35.246585], [-80.952427, 35.246303], [-80.952869, 35.246174], [-80.953283, 35.246056], [-80.953548, 35.245982], [-80.95381, 35.24591], [-80.953954, 35.245866], [-80.954029, 35.245844], [-80.954155, 35.245811], [-80.954225, 35.245792], [-80.954295, 35.245777], [-80.954349, 35.245769], [-80.954404, 35.245765], [-80.954475, 35.245762], [-80.954544, 35.245764], [-80.954626, 35.245767], [-80.954728, 35.245776], [-80.954924, 35.245799], [-80.955183, 35.245829], [-80.955392, 35.245855], [-80.955558, 35.245873], [-80.955754, 35.245894], [-80.955922, 35.245912], [-80.955992, 35.245917], [-80.956101, 35.245926], [-80.956204, 35.245929], [-80.956284, 35.245931], [-80.956361, 35.245931], [-80.956448, 35.245929], [-80.956535, 35.245925], [-80.956632, 35.245919], [-80.956733, 35.245908], [-80.956815, 35.245899], [-80.956904, 35.245886], [-80.957004, 35.24587], [-80.957109, 35.245847], [-80.957213, 35.245824], [-80.95727, 35.245811], [-80.957296, 35.245805], [-80.95739, 35.245779], [-80.957469, 35.245753], [-80.957554, 35.245724], [-80.957647, 35.24569], [-80.957706, 35.245668], [-80.957819, 35.245622], [-80.957952, 35.245559], [-80.95806, 35.245505], [-80.958153, 35.245452], [-80.958247, 35.245396], [-80.958364, 35.24532], [-80.958407, 35.24529], [-80.958461, 35.245251], [-80.958516, 35.245213], [-80.958558, 35.245183], [-80.958573, 35.245172], [-80.958628, 35.245132], [-80.958678, 35.245095], [-80.958779, 35.245021], [-80.958895, 35.244935]]]}}, {"type": "Feature", "properties": {"name": "University City Bv", "ksi": 23, "fatal": 6, "serious": 17, "ped": 7, "bike": 1, "miles": 6.17, "per_mile": 3.7}, "geometry": {"type": "MultiLineString", "coordinates": [[[-80.769112, 35.291066], [-80.767884, 35.290659], [-80.766871, 35.29033], [-80.766653, 35.290267], [-80.766433, 35.290209], [-80.766211, 35.290156], [-80.765988, 35.290108], [-80.765762, 35.290066], [-80.76559, 35.290035], [-80.765416, 35.29001], [-80.76524, 35.289992], [-80.765064, 35.289981], [-80.764887, 35.289976], [-80.76471, 35.289978], [-80.764534, 35.289986], [-80.763379, 35.290073], [-80.760976, 35.290255], [-80.760756, 35.290276], [-80.760538, 35.290304], [-80.760336, 35.290336], [-80.760136, 35.290374], [-80.759937, 35.290418], [-80.75925, 35.290608], [-80.759082, 35.290653], [-80.758913, 35.290691], [-80.758741, 35.290723], [-80.758568, 35.290749], [-80.758394, 35.290769], [-80.758219, 35.290782], [-80.758043, 35.290789], [-80.757867, 35.29079], [-80.757692, 35.290785], [-80.757516, 35.290773], [-80.757342, 35.290755], [-80.757169, 35.29073], [-80.756997, 35.2907], [-80.7568, 35.290677], [-80.756618, 35.290684], [-80.756436, 35.290697], [-80.756255, 35.290717], [-80.756076, 35.290743], [-80.755898, 35.290776], [-80.755722, 35.290815], [-80.755548, 35.29086], [-80.755377, 35.290911], [-80.754496, 35.291239], [-80.753772, 35.291508], [-80.752601, 35.291912], [-80.752186, 35.292063], [-80.752006, 35.292126], [-80.751808, 35.292197], [-80.751463, 35.292321], [-80.750986, 35.292492], [-80.750859, 35.292539], [-80.750712, 35.292593], [-80.750186, 35.292788], [-80.749329, 35.293094], [-80.748711, 35.293328], [-80.748505, 35.293415], [-80.748157, 35.29357], [-80.748008, 35.293638], [-80.748, 35.293642], [-80.747798, 35.293735], [-80.746475, 35.294338], [-80.74486, 35.295075], [-80.743175, 35.295843], [-80.741504, 35.296617], [-80.741069, 35.296808], [-80.739106, 35.297726], [-80.738108, 35.298194], [-80.73698, 35.298694], [-80.736259, 35.298992], [-80.734427, 35.299817], [-80.733984, 35.300025], [-80.732479, 35.300732], [-80.731926, 35.300987], [-80.731376, 35.301236], [-80.731214, 35.301311], [-80.730758, 35.301528], [-80.729354, 35.302332], [-80.729203, 35.302436], [-80.729189, 35.302445], [-80.726988, 35.303963], [-80.725981, 35.304657], [-80.724233, 35.305864], [-80.722706, 35.306854], [-80.722029, 35.307326], [-80.721426, 35.307727], [-80.721165, 35.307889], [-80.720997, 35.308], [-80.720904, 35.308061], [-80.720877, 35.308076], [-80.720687, 35.308178], [-80.720462, 35.308304], [-80.720115, 35.308479], [-80.719745, 35.308654], [-80.719243, 35.30886], [-80.718709, 35.309089], [-80.717737, 35.309417], [-80.717437, 35.309507], [-80.717167, 35.30959], [-80.716863, 35.309689], [-80.716438, 35.309828], [-80.716413, 35.309836], [-80.71615, 35.309922], [-80.715835, 35.310026], [-80.715333, 35.310191], [-80.715206, 35.310234], [-80.714848, 35.310354], [-80.714445, 35.310488], [-80.714128, 35.31059], [-80.713879, 35.31067], [-80.713678, 35.310735], [-80.713461, 35.310802], [-80.712833, 35.310993], [-80.712588, 35.311068], [-80.712268, 35.311167], [-80.712233, 35.311177], [-80.712124, 35.311208], [-80.711838, 35.311289], [-80.711267, 35.311442], [-80.710829, 35.311554], [-80.71073, 35.31158], [-80.710706, 35.311586], [-80.710682, 35.311592], [-80.710657, 35.311598], [-80.710389, 35.311661], [-80.710091, 35.31173], [-80.709913, 35.31177], [-80.709732, 35.31181], [-80.709509, 35.31186], [-80.709234, 35.311921], [-80.709072, 35.311957], [-80.708473, 35.312094], [-80.708146, 35.312168], [-80.707903, 35.312223], [-80.707865, 35.31223], [-80.707515, 35.3123], [-80.707277, 35.312347], [-80.706542, 35.312495], [-80.706348, 35.312538], [-80.706079, 35.312594], [-80.705856, 35.31264], [-80.705482, 35.31272], [-80.704992, 35.312825], [-80.704913, 35.312843], [-80.704437, 35.31295], [-80.703828, 35.31308], [-80.703752, 35.313096], [-80.703383, 35.313171], [-80.7029, 35.313286], [-80.70272, 35.313328], [-80.702566, 35.313366], [-80.702035, 35.313539], [-80.701473, 35.31373], [-80.701313, 35.313783], [-80.700791, 35.313942], [-80.700707, 35.313968], [-80.700518, 35.314026], [-80.700407, 35.314061], [-80.700177, 35.314131], [-80.700088, 35.314159], [-80.699963, 35.314197], [-80.699845, 35.31423], [-80.699589, 35.314298], [-80.699411, 35.314346], [-80.699331, 35.314368], [-80.699087, 35.314426], [-80.698866, 35.314478], [-80.698507, 35.314551], [-80.69817, 35.314621], [-80.697728, 35.314687], [-80.697623, 35.314699], [-80.697282, 35.31474], [-80.697109, 35.314761], [-80.696688, 35.314802], [-80.696407, 35.314831], [-80.696092, 35.314856], [-80.695783, 35.314882], [-80.695127, 35.314932], [-80.694106, 35.315012], [-80.693416, 35.315057]], [[-80.793374, 35.296076], [-80.792872, 35.29605], [-80.792531, 35.296032], [-80.79087, 35.295946], [-80.790859, 35.295945], [-80.789884, 35.295955], [-80.789644, 35.295984], [-80.789077, 35.296058], [-80.78851, 35.296138], [-80.787945, 35.296224], [-80.787381, 35.296316], [-80.787107, 35.296328], [-80.785215, 35.296606], [-80.784954, 35.296625], [-80.784691, 35.296637], [-80.784428, 35.296642], [-80.784165, 35.296639], [-80.783903, 35.29663], [-80.783641, 35.296613], [-80.783379, 35.296589], [-80.783119, 35.296558], [-80.78286, 35.29652], [-80.782603, 35.296475], [-80.782348, 35.296422], [-80.782095, 35.296363], [-80.781845, 35.296297], [-80.781598, 35.296224], [-80.781353, 35.296145], [-80.781113, 35.296058], [-80.780875, 35.295965], [-80.780642, 35.295866], [-80.780413, 35.295761], [-80.780188, 35.295649], [-80.779968, 35.295531], [-80.778156, 35.294515], [-80.777769, 35.294298], [-80.77746, 35.294133], [-80.777146, 35.293974], [-80.776829, 35.293819], [-80.776509, 35.293669], [-80.776185, 35.293524], [-80.775862, 35.293385], [-80.775535, 35.293252], [-80.775206, 35.293123], [-80.774874, 35.293], [-80.774539, 35.292882], [-80.774201, 35.292769], [-80.772138, 35.29208], [-80.770703, 35.291601], [-80.769905, 35.291335], [-80.769428, 35.291176]]]}}, {"type": "Feature", "properties": {"name": "W Arrowood Rd", "ksi": 11, "fatal": 2, "serious": 9, "ped": 3, "bike": 0, "miles": 4.08, "per_mile": 2.7}, "geometry": {"type": "LineString", "coordinates": [[-80.891848, 35.13554], [-80.891998, 35.135509], [-80.892445, 35.13543], [-80.89305, 35.135322], [-80.893635, 35.135211], [-80.894094, 35.135124], [-80.894484, 35.135053], [-80.895051, 35.134935], [-80.895181, 35.1349], [-80.89531, 35.134861], [-80.895415, 35.134824], [-80.895518, 35.134784], [-80.895618, 35.134739], [-80.895715, 35.134691], [-80.89581, 35.134639], [-80.895877, 35.1346], [-80.896135, 35.134452], [-80.896377, 35.134312], [-80.896454, 35.13426], [-80.896587, 35.134172], [-80.896628, 35.134148], [-80.896753, 35.134077], [-80.89687, 35.134015], [-80.896881, 35.13401], [-80.897011, 35.133946], [-80.897145, 35.133886], [-80.897207, 35.133861], [-80.897281, 35.13383], [-80.897294, 35.133825], [-80.897382, 35.133794], [-80.897471, 35.133766], [-80.897563, 35.133743], [-80.897655, 35.133724], [-80.897747, 35.133703], [-80.897837, 35.133691], [-80.897938, 35.133685], [-80.898023, 35.133683], [-80.898163, 35.133693], [-80.898185, 35.133696], [-80.898293, 35.13371], [-80.898399, 35.133728], [-80.898505, 35.133751], [-80.898609, 35.133778], [-80.898711, 35.133809], [-80.89879, 35.133836], [-80.898811, 35.133844], [-80.89891, 35.133883], [-80.899215, 35.134013], [-80.899391, 35.134092], [-80.89964, 35.134203], [-80.899697, 35.134229], [-80.900389, 35.134557], [-80.900701, 35.134704], [-80.901286, 35.134981], [-80.901735, 35.135186], [-80.901763, 35.135198], [-80.901911, 35.135265], [-80.901975, 35.135295], [-80.902499, 35.135539], [-80.903154, 35.135843], [-80.903458, 35.135983], [-80.904064, 35.136261], [-80.904672, 35.13654], [-80.905196, 35.136786], [-80.905819, 35.137065], [-80.906527, 35.137383], [-80.906714, 35.137466], [-80.907203, 35.137685], [-80.907404, 35.137776], [-80.907544, 35.137839], [-80.907725, 35.13792], [-80.907988, 35.138038], [-80.908136, 35.138104], [-80.908427, 35.138235], [-80.908775, 35.138391], [-80.909737, 35.138823], [-80.911641, 35.139677], [-80.912944, 35.140282], [-80.915059, 35.141264], [-80.917569, 35.14243], [-80.918241, 35.142777], [-80.919571, 35.143464], [-80.919988, 35.143696], [-80.920305, 35.143866], [-80.921, 35.144236], [-80.92144, 35.144472], [-80.921444, 35.144474], [-80.923233, 35.145445], [-80.924361, 35.146058], [-80.925074, 35.146445], [-80.926163, 35.147036], [-80.927146, 35.147506], [-80.927479, 35.147616], [-80.92773, 35.147673], [-80.927983, 35.147709], [-80.928192, 35.14772], [-80.928354, 35.147717], [-80.928861, 35.147693], [-80.929405, 35.147629], [-80.929554, 35.14761], [-80.929838, 35.147578], [-80.930405, 35.147508], [-80.930944, 35.147444], [-80.931247, 35.147412], [-80.9318, 35.147445], [-80.93229, 35.147555], [-80.932794, 35.147725], [-80.933103, 35.147851], [-80.933476, 35.148091], [-80.933691, 35.148281], [-80.933797, 35.148375], [-80.934011, 35.148587], [-80.934258, 35.148963], [-80.934432, 35.149282], [-80.934575, 35.149621], [-80.934818, 35.150077], [-80.934904, 35.150214], [-80.934961, 35.150308], [-80.935101, 35.150481], [-80.935231, 35.150608], [-80.935473, 35.150808], [-80.935652, 35.150936], [-80.935928, 35.15111], [-80.936578, 35.151465], [-80.937287, 35.151905], [-80.937924, 35.152274], [-80.938034, 35.152336], [-80.938206, 35.152422], [-80.93834, 35.152504], [-80.938442, 35.152575], [-80.938539, 35.152651], [-80.938753, 35.152862], [-80.938814, 35.152928], [-80.938944, 35.153088], [-80.939049, 35.153229], [-80.93913, 35.153348], [-80.939422, 35.153812], [-80.939654, 35.154209], [-80.939766, 35.154408], [-80.939859, 35.154554], [-80.939989, 35.154714], [-80.940202, 35.154926], [-80.940317, 35.155026], [-80.940438, 35.155121], [-80.940818, 35.155391], [-80.94095, 35.155476], [-80.941063, 35.155532], [-80.941472, 35.155681], [-80.941484, 35.155684], [-80.941493, 35.155687], [-80.941684, 35.155738], [-80.941976, 35.155797], [-80.942208, 35.155829], [-80.942441, 35.155848], [-80.942641, 35.155849], [-80.942875, 35.155838], [-80.943141, 35.155812], [-80.943372, 35.155779], [-80.943661, 35.155709], [-80.94385, 35.155655], [-80.944082, 35.15557], [-80.944403, 35.155452], [-80.944492, 35.15542], [-80.944644, 35.155362], [-80.944671, 35.155352], [-80.944688, 35.155345], [-80.94516, 35.155166], [-80.945909, 35.154893], [-80.946275, 35.154765], [-80.946513, 35.154682], [-80.9469, 35.154543], [-80.947253, 35.154413], [-80.947381, 35.154368], [-80.947681, 35.154257], [-80.947847, 35.154195], [-80.948391, 35.153996], [-80.948746, 35.153866], [-80.949044, 35.153758], [-80.949482, 35.153598], [-80.950328, 35.153317], [-80.950791, 35.153171], [-80.950825, 35.153161], [-80.950987, 35.153117], [-80.951881, 35.152906], [-80.952, 35.152881], [-80.952088, 35.152867], [-80.953347, 35.152654]]}}, {"type": "Feature", "properties": {"name": "W Sugar Creek Rd", "ksi": 19, "fatal": 5, "serious": 14, "ped": 6, "bike": 1, "miles": 6.64, "per_mile": 2.9}, "geometry": {"type": "LineString", "coordinates": [[-80.794765, 35.258342], [-80.794776, 35.258394], [-80.794963, 35.259524], [-80.795001, 35.259751], [-80.795068, 35.260148], [-80.795131, 35.260514], [-80.795147, 35.260605], [-80.795155, 35.260652], [-80.795161, 35.2607], [-80.795166, 35.260747], [-80.795171, 35.260795], [-80.795174, 35.260843], [-80.795176, 35.260891], [-80.795177, 35.260939], [-80.795175, 35.260977], [-80.79516, 35.261398], [-80.795144, 35.261866], [-80.795138, 35.262034], [-80.795137, 35.262038], [-80.79512, 35.26235], [-80.79508, 35.263031], [-80.795059, 35.263507], [-80.795055, 35.263583], [-80.794986, 35.26492], [-80.794943, 35.265756], [-80.794871, 35.267162], [-80.794848, 35.267335], [-80.794831, 35.267465], [-80.794783, 35.267686], [-80.794695, 35.268093], [-80.794665, 35.268241], [-80.794596, 35.268571], [-80.79445, 35.269245], [-80.794323, 35.269855], [-80.79427, 35.270109], [-80.794129, 35.270764], [-80.794084, 35.270985], [-80.793798, 35.272369], [-80.793785, 35.272432], [-80.793669, 35.272972], [-80.793523, 35.273669], [-80.793489, 35.274032], [-80.793488, 35.274122], [-80.793484, 35.274519], [-80.79349, 35.27506], [-80.793492, 35.27534], [-80.793493, 35.275513], [-80.793507, 35.276339], [-80.793508, 35.276552], [-80.793508, 35.276909], [-80.793519, 35.277512], [-80.793524, 35.277972], [-80.793524, 35.278177], [-80.793525, 35.278347], [-80.793526, 35.278725], [-80.793526, 35.27884], [-80.793527, 35.278927], [-80.793528, 35.279472], [-80.793531, 35.280121], [-80.793533, 35.280552], [-80.793537, 35.280771], [-80.793541, 35.280984], [-80.793543, 35.281051], [-80.793544, 35.281645], [-80.793547, 35.282045], [-80.793549, 35.282137], [-80.793555, 35.28256], [-80.793567, 35.283237], [-80.793572, 35.283789], [-80.793579, 35.284341], [-80.793603, 35.28467], [-80.793611, 35.284774], [-80.793632, 35.284913], [-80.793659, 35.285051], [-80.793691, 35.285188], [-80.793728, 35.285324], [-80.79377, 35.285459], [-80.793793, 35.285526], [-80.793846, 35.285664], [-80.793905, 35.285802], [-80.793968, 35.285938], [-80.794002, 35.286007], [-80.794053, 35.286111], [-80.79423, 35.286477], [-80.794319, 35.286655], [-80.794507, 35.287031], [-80.794719, 35.287508], [-80.794806, 35.287702], [-80.794929, 35.288008], [-80.79507, 35.288356], [-80.795213, 35.288719], [-80.795452, 35.289311], [-80.795715, 35.289973], [-80.79591, 35.290454], [-80.796377, 35.291636], [-80.796583, 35.292139], [-80.796798, 35.292756], [-80.797153, 35.293655], [-80.797557, 35.29471], [-80.797675, 35.294983], [-80.797779, 35.295229], [-80.797877, 35.295446], [-80.797972, 35.295611], [-80.797986, 35.295638], [-80.798028, 35.295713], [-80.798061, 35.295765], [-80.798091, 35.295815], [-80.798147, 35.295895], [-80.798215, 35.295988], [-80.798369, 35.296212], [-80.798551, 35.296476], [-80.79859, 35.296533], [-80.798683, 35.296668], [-80.798702, 35.296697], [-80.798779, 35.296796], [-80.798875, 35.296915], [-80.798889, 35.296933], [-80.798957, 35.297015], [-80.799143, 35.297228], [-80.79953, 35.297668], [-80.799796, 35.297991], [-80.799929, 35.298151], [-80.80019, 35.29847], [-80.800414, 35.298761], [-80.800461, 35.298831], [-80.800572, 35.298986], [-80.800831, 35.299343], [-80.800891, 35.299424], [-80.801019, 35.299597], [-80.801159, 35.299772], [-80.80129, 35.299933], [-80.801401, 35.30008], [-80.801498, 35.300213], [-80.801645, 35.300421], [-80.801827, 35.300679], [-80.802055, 35.30099], [-80.802061, 35.300996], [-80.802149, 35.301128], [-80.802332, 35.301392], [-80.802581, 35.301771], [-80.802787, 35.302112], [-80.802916, 35.302325], [-80.803059, 35.302598], [-80.803069, 35.302616], [-80.803264, 35.302978], [-80.803339, 35.303114], [-80.80348, 35.303373], [-80.80367, 35.303713], [-80.803794, 35.303936], [-80.80398, 35.304254], [-80.804091, 35.304439], [-80.804207, 35.304621], [-80.804328, 35.304801], [-80.804454, 35.304979], [-80.804458, 35.304984], [-80.804734, 35.305375], [-80.80527, 35.30612], [-80.805671, 35.306685], [-80.80573, 35.306765], [-80.805945, 35.30706], [-80.806458, 35.307782], [-80.806855, 35.308334], [-80.80711, 35.30869], [-80.807288, 35.308939], [-80.807482, 35.309218], [-80.807613, 35.309405], [-80.807851, 35.309741], [-80.807982, 35.309927], [-80.808116, 35.310111], [-80.808233, 35.310263], [-80.808355, 35.310442], [-80.808606, 35.310783], [-80.808794, 35.311043], [-80.808831, 35.311096], [-80.80897, 35.311292], [-80.809343, 35.311816], [-80.809442, 35.311954], [-80.809643, 35.312242], [-80.809682, 35.312301], [-80.809755, 35.312411], [-80.809928, 35.312659], [-80.810157, 35.312979], [-80.810325, 35.313221], [-80.810485, 35.31344], [-80.810649, 35.313667], [-80.810775, 35.313847], [-80.810936, 35.314066], [-80.810971, 35.314113], [-80.811104, 35.314295], [-80.811385, 35.3147], [-80.811435, 35.314779], [-80.811455, 35.314811], [-80.811489, 35.314873], [-80.811518, 35.314918], [-80.811527, 35.314981], [-80.811547, 35.315083], [-80.811559, 35.315156], [-80.811563, 35.315174], [-80.811573, 35.315247], [-80.811577, 35.315321], [-80.811576, 35.315395], [-80.811569, 35.315469], [-80.811558, 35.315543], [-80.811541, 35.315616], [-80.811518, 35.315687], [-80.81149, 35.315758], [-80.811461, 35.31582], [-80.811413, 35.315902], [-80.81136, 35.315982], [-80.811303, 35.316059], [-80.811241, 35.316134], [-80.811175, 35.316206], [-80.811105, 35.316276], [-80.811048, 35.316327], [-80.810832, 35.316514], [-80.809861, 35.317355], [-80.809825, 35.317387], [-80.809777, 35.317429], [-80.809528, 35.317645], [-80.809388, 35.317767], [-80.809252, 35.317893], [-80.809121, 35.318021], [-80.808992, 35.318153], [-80.808869, 35.318286], [-80.808832, 35.318328], [-80.808778, 35.318388], [-80.808668, 35.318509], [-80.808255, 35.318966], [-80.808062, 35.319171], [-80.807634, 35.319627], [-80.807463, 35.319808], [-80.807233, 35.320043], [-80.805775, 35.321529], [-80.805723, 35.321581], [-80.805167, 35.322143], [-80.805118, 35.322193], [-80.804529, 35.322777], [-80.803802, 35.323523], [-80.803672, 35.323656], [-80.803532, 35.3238], [-80.803459, 35.323876], [-80.803034, 35.324313], [-80.802949, 35.324402], [-80.802917, 35.324435], [-80.802696, 35.324666], [-80.802606, 35.324762], [-80.80252, 35.32486], [-80.802439, 35.324962], [-80.802389, 35.325028], [-80.802316, 35.325133], [-80.802249, 35.325239], [-80.802187, 35.325348], [-80.802162, 35.325393], [-80.80211, 35.325492], [-80.802062, 35.325592], [-80.802052, 35.325617], [-80.80202, 35.325694], [-80.802016, 35.325705], [-80.801981, 35.32581], [-80.801951, 35.325916], [-80.801947, 35.325934], [-80.801939, 35.325968], [-80.801926, 35.326023], [-80.801907, 35.326131], [-80.801898, 35.326191], [-80.801847, 35.326571], [-80.801796, 35.327028], [-80.801794, 35.327045], [-80.801716, 35.327693], [-80.801691, 35.327899], [-80.80168, 35.327981], [-80.801665, 35.328062], [-80.801643, 35.328143], [-80.801618, 35.328223], [-80.801596, 35.328273], [-80.801571, 35.328328], [-80.801547, 35.328373], [-80.801503, 35.328441], [-80.801461, 35.3285], [-80.801172, 35.328879], [-80.800971, 35.329136], [-80.800706, 35.329477], [-80.80037, 35.329931], [-80.80008, 35.330306], [-80.799971, 35.330449], [-80.799893, 35.330547], [-80.799821, 35.330636], [-80.799724, 35.330749], [-80.799598, 35.330885], [-80.799504, 35.331034], [-80.799383, 35.331246], [-80.799332, 35.331364], [-80.799265, 35.331515], [-80.799213, 35.331666], [-80.799169, 35.331821], [-80.799139, 35.33196], [-80.799109, 35.332123], [-80.799091, 35.332286], [-80.799087, 35.332424], [-80.799072, 35.332731], [-80.799066, 35.332975], [-80.799049, 35.333208], [-80.799031, 35.333373], [-80.798997, 35.3335], [-80.798948, 35.333637], [-80.798893, 35.333782], [-80.79883, 35.33393], [-80.798756, 35.33407], [-80.798734, 35.334111], [-80.798696, 35.334185], [-80.798635, 35.334283], [-80.798564, 35.334392], [-80.798479, 35.334505], [-80.798368, 35.334645], [-80.798246, 35.3348], [-80.798111, 35.334977], [-80.798, 35.335123], [-80.797903, 35.335246], [-80.797736, 35.335458], [-80.797342, 35.335952], [-80.797221, 35.336125], [-80.797086, 35.336326], [-80.796973, 35.336535], [-80.79692, 35.336656], [-80.796865, 35.336784], [-80.796799, 35.336953], [-80.796751, 35.337129], [-80.796711, 35.337319], [-80.796683, 35.337499], [-80.796656, 35.337778], [-80.796623, 35.33805], [-80.796549, 35.338575], [-80.796431, 35.339489], [-80.796402, 35.339596], [-80.796396, 35.339696], [-80.796385, 35.339796], [-80.796363, 35.339925], [-80.796319, 35.340066], [-80.796142, 35.340562], [-80.796108, 35.340657], [-80.795758, 35.341636], [-80.79563, 35.342009], [-80.795564, 35.342249], [-80.795503, 35.342489], [-80.795447, 35.34273], [-80.795426, 35.342826], [-80.795409, 35.342923], [-80.795398, 35.34302], [-80.795393, 35.343099], [-80.79539, 35.343205], [-80.795399, 35.343429], [-80.795402, 35.343611], [-80.795398, 35.343649], [-80.795393, 35.343702], [-80.795408, 35.344056], [-80.79542, 35.344273], [-80.795426, 35.34438], [-80.795494, 35.345023], [-80.79555, 35.345571], [-80.795596, 35.345983], [-80.795679, 35.346743], [-80.795707, 35.347], [-80.795708, 35.347005]]}}, {"type": "Feature", "properties": {"name": "W Tyvola Rd", "ksi": 4, "fatal": 1, "serious": 3, "ped": 0, "bike": 0, "miles": 4.51, "per_mile": 0.9}, "geometry": {"type": "MultiLineString", "coordinates": [[[-80.896157, 35.163549], [-80.895922, 35.163483], [-80.895887, 35.16347], [-80.895855, 35.163453], [-80.895827, 35.163433], [-80.895802, 35.163409], [-80.895781, 35.163383], [-80.895765, 35.163355], [-80.895755, 35.16333], [-80.895717, 35.163237], [-80.895698, 35.163168]], [[-80.896157, 35.163549], [-80.896795, 35.16342], [-80.897383, 35.163291], [-80.898481, 35.16304], [-80.899512, 35.162825], [-80.899643, 35.162793], [-80.899773, 35.162766], [-80.899903, 35.162743], [-80.900034, 35.162724], [-80.900167, 35.162709], [-80.9003, 35.162699], [-80.90036, 35.162696], [-80.900433, 35.162692], [-80.90056, 35.16269], [-80.900566, 35.16269], [-80.9007, 35.162692], [-80.900833, 35.162698], [-80.900967, 35.162709], [-80.901097, 35.162726], [-80.901224, 35.162747], [-80.90135, 35.162772], [-80.901474, 35.162801], [-80.901597, 35.162834], [-80.901718, 35.162871], [-80.901838, 35.162913], [-80.901955, 35.162958], [-80.90207, 35.163006], [-80.902182, 35.163059], [-80.902292, 35.163115], [-80.902399, 35.163174], [-80.902504, 35.163237], [-80.902543, 35.163262], [-80.902642, 35.163329], [-80.902737, 35.163399], [-80.902828, 35.163472], [-80.902916, 35.163548], [-80.903, 35.163627], [-80.90308, 35.163709], [-80.903156, 35.163793], [-80.903228, 35.163879], [-80.903295, 35.163968], [-80.903359, 35.164059], [-80.903423, 35.164162], [-80.903498, 35.164295], [-80.903565, 35.164441], [-80.903605, 35.164541], [-80.903622, 35.164588], [-80.903655, 35.164692], [-80.903684, 35.164797], [-80.903707, 35.164903], [-80.903725, 35.16501], [-80.903739, 35.165117], [-80.903747, 35.165224], [-80.90375, 35.165331], [-80.903748, 35.16544], [-80.903745, 35.16549], [-80.903737, 35.166182], [-80.903742, 35.166371], [-80.903752, 35.166559], [-80.903766, 35.166736], [-80.903767, 35.166746], [-80.903787, 35.166934], [-80.903813, 35.167121], [-80.903844, 35.167308], [-80.90388, 35.167493], [-80.903922, 35.167678], [-80.903956, 35.167815], [-80.904074, 35.168286], [-80.904102, 35.168373], [-80.904149, 35.168502], [-80.904216, 35.168669], [-80.904247, 35.168743], [-80.904319, 35.168908], [-80.904396, 35.169071], [-80.904446, 35.169173], [-80.90452, 35.169311], [-80.904598, 35.169446], [-80.904681, 35.16958], [-80.904718, 35.169636], [-80.90477, 35.169712], [-80.904849, 35.169823], [-80.905057, 35.17012], [-80.905271, 35.170415], [-80.905333, 35.1705], [-80.905546, 35.170767], [-80.905604, 35.170835], [-80.905651, 35.170884], [-80.905788, 35.171023], [-80.905929, 35.171158], [-80.906077, 35.171291], [-80.906198, 35.171402], [-80.906362, 35.171546], [-80.906529, 35.171686], [-80.906701, 35.171824], [-80.906952, 35.172023], [-80.907388, 35.172361], [-80.907783, 35.172666], [-80.90817, 35.172967], [-80.908458, 35.173192], [-80.908572, 35.17329], [-80.908682, 35.17339], [-80.908789, 35.173494], [-80.908891, 35.1736], [-80.908897, 35.173607], [-80.908989, 35.173708], [-80.909076, 35.173812], [-80.909159, 35.173919], [-80.909238, 35.174027], [-80.909311, 35.174138], [-80.909325, 35.17416], [-80.909402, 35.174289], [-80.909474, 35.17442], [-80.909542, 35.174553], [-80.909593, 35.174662], [-80.90971, 35.174977], [-80.909822, 35.175298], [-80.910068, 35.175998], [-80.910216, 35.176422], [-80.91029, 35.176635], [-80.910373, 35.176842], [-80.910419, 35.176939], [-80.91047, 35.177033], [-80.910525, 35.177126], [-80.910585, 35.177216], [-80.91065, 35.177305], [-80.910747, 35.177427], [-80.91082, 35.177511], [-80.910923, 35.177616], [-80.910979, 35.17767], [-80.911065, 35.177746], [-80.911154, 35.177818], [-80.911213, 35.177863], [-80.911412, 35.178011], [-80.912009, 35.178437], [-80.912529, 35.178819], [-80.913043, 35.179195], [-80.913574, 35.179592], [-80.914097, 35.179979], [-80.914308, 35.180135], [-80.914828, 35.180519], [-80.915049, 35.18068], [-80.915293, 35.180857], [-80.915457, 35.180976], [-80.916596, 35.181798], [-80.916875, 35.182001], [-80.91728, 35.182303], [-80.917624, 35.182558], [-80.917784, 35.182676], [-80.918299, 35.183057], [-80.918388, 35.183123], [-80.919157, 35.183687], [-80.91944, 35.183899], [-80.919459, 35.183913], [-80.919583, 35.184011], [-80.919674, 35.184088], [-80.919703, 35.184112], [-80.919819, 35.184216], [-80.919931, 35.184323], [-80.920039, 35.184432], [-80.920143, 35.184545], [-80.920243, 35.18466], [-80.920339, 35.184777], [-80.920347, 35.184787], [-80.920443, 35.184917], [-80.920535, 35.185049], [-80.920622, 35.185184], [-80.920704, 35.185321], [-80.920782, 35.185459], [-80.920855, 35.185599], [-80.920923, 35.185741], [-80.920986, 35.185884], [-80.921027, 35.185975], [-80.921085, 35.186115], [-80.921167, 35.18632], [-80.921244, 35.18653], [-80.921262, 35.18658], [-80.921314, 35.186726], [-80.921378, 35.186929], [-80.921418, 35.187065], [-80.921448, 35.187174], [-80.921475, 35.187275], [-80.921504, 35.18739], [-80.921531, 35.187501], [-80.921558, 35.187616], [-80.9216, 35.187812], [-80.921618, 35.187904], [-80.921639, 35.188031], [-80.921657, 35.188141], [-80.921673, 35.18825], [-80.921691, 35.188368], [-80.9217, 35.188438], [-80.921714, 35.188695], [-80.921715, 35.188748], [-80.921716, 35.188817], [-80.921713, 35.188947], [-80.9217, 35.18908], [-80.921688, 35.189176], [-80.921674, 35.189248], [-80.921663, 35.189314], [-80.921624, 35.189518], [-80.921603, 35.189611], [-80.921594, 35.189645], [-80.921576, 35.189703], [-80.921548, 35.189798], [-80.921501, 35.189928], [-80.921454, 35.190035], [-80.921403, 35.190144], [-80.921351, 35.190244], [-80.921294, 35.190345], [-80.921233, 35.190442], [-80.921176, 35.190533], [-80.921101, 35.190638], [-80.921098, 35.190642], [-80.920958, 35.190828], [-80.92081, 35.191015], [-80.920675, 35.191181], [-80.920318, 35.191601], [-80.92005, 35.191929], [-80.919963, 35.192039], [-80.919603, 35.192492], [-80.91955, 35.192558], [-80.919187, 35.193022], [-80.919099, 35.193132], [-80.919083, 35.19315], [-80.918948, 35.193318], [-80.918568, 35.193797], [-80.9184, 35.194001], [-80.918348, 35.194067], [-80.918209, 35.194241], [-80.917625, 35.194969], [-80.917524, 35.195105], [-80.917378, 35.195297], [-80.917227, 35.195486], [-80.91716, 35.195569], [-80.916985, 35.195786], [-80.916724, 35.196086], [-80.916544, 35.196304], [-80.916448, 35.196418], [-80.916336, 35.196551], [-80.916087, 35.196873], [-80.915834, 35.19715], [-80.915588, 35.197446], [-80.915539, 35.197497], [-80.915357, 35.197688], [-80.915091, 35.197979], [-80.914913, 35.198167], [-80.914764, 35.198323], [-80.91458, 35.198507], [-80.914267, 35.198804], [-80.914115, 35.198955], [-80.913988, 35.199095], [-80.91388, 35.199216], [-80.913793, 35.199332], [-80.913706, 35.199467], [-80.913609, 35.199651], [-80.913522, 35.199887], [-80.913418, 35.200144], [-80.91332, 35.200406], [-80.913234, 35.200556], [-80.913144, 35.200745], [-80.913038, 35.200912], [-80.913034, 35.200919], [-80.912901, 35.201135], [-80.912784, 35.201306], [-80.912618, 35.201533], [-80.91245, 35.201762], [-80.912324, 35.201937], [-80.912243, 35.202043], [-80.91214, 35.202162], [-80.912076, 35.202236], [-80.911925, 35.202415], [-80.91179, 35.202573], [-80.911642, 35.202748], [-80.911556, 35.202852], [-80.911482, 35.202941], [-80.911366, 35.203076], [-80.911295, 35.203158], [-80.911099, 35.203387], [-80.91089, 35.203608], [-80.910597, 35.203951], [-80.91042, 35.204159], [-80.910114, 35.204514], [-80.910005, 35.20464], [-80.909816, 35.204862], [-80.909721, 35.204997], [-80.909598, 35.205142], [-80.909478, 35.205283], [-80.90925, 35.205552], [-80.909224, 35.205583], [-80.909129, 35.205698], [-80.909056, 35.2058], [-80.908908, 35.205973], [-80.908754, 35.206147], [-80.908647, 35.206267], [-80.908622, 35.206293], [-80.908566, 35.206352], [-80.908354, 35.206591], [-80.908237, 35.206722], [-80.908144, 35.206818], [-80.90807, 35.206886], [-80.908026, 35.206924], [-80.907923, 35.207013], [-80.90767, 35.207232], [-80.907557, 35.207343], [-80.907446, 35.207451], [-80.90725, 35.207625], [-80.907095, 35.20776], [-80.907026, 35.20782], [-80.906756, 35.20806], [-80.906527, 35.208266], [-80.906279, 35.208492], [-80.906023, 35.208729], [-80.905727, 35.208997], [-80.905603, 35.209117], [-80.905528, 35.20919], [-80.905258, 35.209433], [-80.904974, 35.20969], [-80.904832, 35.209822], [-80.904712, 35.209944], [-80.904518, 35.210099], [-80.904312, 35.21025], [-80.904127, 35.210375], [-80.903973, 35.210465], [-80.903835, 35.210539], [-80.90352, 35.210711], [-80.903413, 35.210769], [-80.903312, 35.210827], [-80.903268, 35.210862], [-80.903223, 35.210898], [-80.903163, 35.210953], [-80.903134, 35.210987], [-80.903115, 35.211017], [-80.903085, 35.211093]], [[-80.895267, 35.16374], [-80.895493, 35.1637], [-80.895743, 35.163652], [-80.896157, 35.163549]]]}}, {"type": "Feature", "properties": {"name": "W W T Harris Bv", "ksi": 19, "fatal": 6, "serious": 13, "ped": 2, "bike": 1, "miles": 8.47, "per_mile": 2.2}, "geometry": {"type": "LineString", "coordinates": [[-80.749721, 35.305756], [-80.750635, 35.306465], [-80.751091, 35.306779], [-80.751408, 35.307005], [-80.752355, 35.307685], [-80.753569, 35.308514], [-80.754263, 35.309], [-80.754269, 35.309004], [-80.756838, 35.310799], [-80.757306, 35.311126], [-80.757624, 35.311348], [-80.758143, 35.311656], [-80.758441, 35.311833], [-80.758826, 35.312022], [-80.759234, 35.312224], [-80.759961, 35.312582], [-80.760038, 35.312613], [-80.760191, 35.312673], [-80.76144, 35.313172], [-80.763083, 35.313694], [-80.763832, 35.313911], [-80.767893, 35.31509], [-80.768591, 35.315292], [-80.76959, 35.315582], [-80.771533, 35.316156], [-80.776272, 35.317557], [-80.777235, 35.317841], [-80.777524, 35.317941], [-80.777679, 35.317998], [-80.777832, 35.318057], [-80.777984, 35.318118], [-80.778134, 35.318181], [-80.778284, 35.318247], [-80.778431, 35.318314], [-80.778577, 35.318384], [-80.778722, 35.318456], [-80.77886, 35.318527], [-80.778865, 35.31853], [-80.779007, 35.318606], [-80.779147, 35.318684], [-80.779285, 35.318764], [-80.779422, 35.318845], [-80.779556, 35.318929], [-80.779689, 35.319015], [-80.77982, 35.319102], [-80.77995, 35.319192], [-80.780077, 35.319283], [-80.780202, 35.319376], [-80.780325, 35.319471], [-80.780447, 35.319568], [-80.780566, 35.319666], [-80.780683, 35.319766], [-80.780798, 35.319868], [-80.780911, 35.319971], [-80.781021, 35.320076], [-80.78113, 35.320183], [-80.781197, 35.320253], [-80.781236, 35.320291], [-80.781339, 35.3204], [-80.781441, 35.320511], [-80.78154, 35.320624], [-80.781636, 35.320738], [-80.78173, 35.320853], [-80.781822, 35.320969], [-80.781912, 35.321087], [-80.781921, 35.3211], [-80.781956, 35.321148], [-80.781998, 35.321206], [-80.782082, 35.321326], [-80.782164, 35.321448], [-80.782243, 35.321571], [-80.782319, 35.321694], [-80.782393, 35.321819], [-80.782463, 35.321945], [-80.782532, 35.322072], [-80.782597, 35.3222], [-80.78266, 35.322328], [-80.78272, 35.322458], [-80.782827, 35.322713], [-80.782877, 35.322836], [-80.782923, 35.32296], [-80.782967, 35.323085], [-80.783009, 35.323211], [-80.783048, 35.323336], [-80.783084, 35.323463], [-80.783098, 35.3235], [-80.783118, 35.32359], [-80.783149, 35.323717], [-80.783177, 35.323845], [-80.783203, 35.323973], [-80.783225, 35.324102], [-80.783245, 35.324231], [-80.783262, 35.32436], [-80.783304, 35.326611], [-80.783336, 35.328324], [-80.783339, 35.328378], [-80.783342, 35.328432], [-80.783347, 35.328487], [-80.783353, 35.328541], [-80.783353, 35.328548], [-80.783359, 35.328595], [-80.783368, 35.328649], [-80.783377, 35.328703], [-80.783387, 35.328757], [-80.783399, 35.328811], [-80.783411, 35.328864], [-80.783425, 35.328917], [-80.78344, 35.32897], [-80.783457, 35.329023], [-80.783473, 35.329076], [-80.783492, 35.329128], [-80.783511, 35.32918], [-80.783549, 35.329273], [-80.783581, 35.32936], [-80.78362, 35.32945], [-80.783661, 35.32954], [-80.783704, 35.32963], [-80.783748, 35.329719], [-80.783795, 35.329806], [-80.783843, 35.329894], [-80.783893, 35.329981], [-80.783946, 35.330067], [-80.783999, 35.330152], [-80.784055, 35.330237], [-80.784113, 35.33032], [-80.784172, 35.330403], [-80.784233, 35.330485], [-80.784296, 35.330566], [-80.784339, 35.330621], [-80.78436, 35.330647], [-80.784426, 35.330726], [-80.784494, 35.330804], [-80.784563, 35.330882], [-80.784635, 35.330958], [-80.784708, 35.331033], [-80.784782, 35.331107], [-80.784858, 35.331181], [-80.784935, 35.331253], [-80.785015, 35.331324], [-80.785095, 35.331393], [-80.785177, 35.331462], [-80.785261, 35.331529], [-80.785345, 35.331596], [-80.785431, 35.331661], [-80.785519, 35.331725], [-80.785608, 35.331787], [-80.785699, 35.331848], [-80.78579, 35.331908], [-80.785883, 35.331967], [-80.785977, 35.332024], [-80.786072, 35.33208], [-80.786169, 35.332135], [-80.786267, 35.332188], [-80.786365, 35.33224], [-80.786465, 35.33229], [-80.786566, 35.332339], [-80.786668, 35.332386], [-80.786771, 35.332433], [-80.786874, 35.332477], [-80.786979, 35.33252], [-80.787085, 35.332561], [-80.787191, 35.332602], [-80.787299, 35.33264], [-80.787407, 35.332677], [-80.787516, 35.332712], [-80.787555, 35.332724], [-80.787626, 35.332746], [-80.787736, 35.332778], [-80.787847, 35.332809], [-80.787959, 35.332838], [-80.788071, 35.332866], [-80.788184, 35.332891], [-80.788297, 35.332916], [-80.788412, 35.332938], [-80.788526, 35.332959], [-80.788641, 35.332979], [-80.788756, 35.332996], [-80.788871, 35.333012], [-80.788987, 35.333027], [-80.789104, 35.33304], [-80.78922, 35.33305], [-80.789337, 35.33306], [-80.789454, 35.333068], [-80.789554, 35.333073], [-80.789573, 35.333074], [-80.793151, 35.332943], [-80.797584, 35.332781], [-80.799072, 35.332731], [-80.802125, 35.332628], [-80.803754, 35.332557], [-80.806268, 35.332505], [-80.806351, 35.332503], [-80.807151, 35.332456], [-80.808514, 35.332376], [-80.808922, 35.332358], [-80.809214, 35.33235], [-80.809506, 35.332347], [-80.809798, 35.332347], [-80.810057, 35.332351], [-80.810091, 35.332351], [-80.810383, 35.33236], [-80.810674, 35.332373], [-80.810966, 35.33239], [-80.811258, 35.332411], [-80.811548, 35.332437], [-80.811838, 35.332466], [-80.812128, 35.3325], [-80.812417, 35.332538], [-80.812704, 35.33258], [-80.812991, 35.332626], [-80.813277, 35.332676], [-80.813562, 35.33273], [-80.813846, 35.332788], [-80.81386, 35.332791], [-80.814181, 35.332854], [-80.814587, 35.332938], [-80.815109, 35.333053], [-80.815436, 35.333128], [-80.815722, 35.333188], [-80.816524, 35.333378], [-80.817503, 35.33361], [-80.818126, 35.333731], [-80.818755, 35.333873], [-80.819541, 35.334048], [-80.820268, 35.334217], [-80.820821, 35.334332], [-80.821302, 35.334443], [-80.82169, 35.334534], [-80.822227, 35.334657], [-80.822649, 35.334745], [-80.823055, 35.334834], [-80.823492, 35.334925], [-80.823872, 35.335017], [-80.824116, 35.335078], [-80.824316, 35.335128], [-80.824728, 35.335219], [-80.825095, 35.335304], [-80.825467, 35.335388], [-80.82603, 35.335505], [-80.826619, 35.335634], [-80.827323, 35.335793], [-80.827915, 35.33593], [-80.828475, 35.336054], [-80.828578, 35.336077], [-80.829255, 35.336226], [-80.829692, 35.336324], [-80.830258, 35.336457], [-80.830655, 35.336556], [-80.831088, 35.336673], [-80.831335, 35.336764], [-80.831433, 35.336801], [-80.831705, 35.336908], [-80.831907, 35.337006], [-80.832205, 35.337151], [-80.832563, 35.337336], [-80.83293, 35.337542], [-80.833198, 35.337741], [-80.833458, 35.337951], [-80.833724, 35.33817], [-80.833975, 35.338438], [-80.834138, 35.338634], [-80.834211, 35.338725], [-80.834299, 35.33885], [-80.834603, 35.339254], [-80.834789, 35.339492], [-80.835066, 35.339847], [-80.835309, 35.340143], [-80.835489, 35.340386], [-80.835624, 35.340559], [-80.835828, 35.340827], [-80.83602, 35.341069], [-80.836225, 35.34132], [-80.836532, 35.341747], [-80.836884, 35.342209], [-80.837273, 35.342708], [-80.83766, 35.343198], [-80.837989, 35.343623], [-80.838112, 35.343786], [-80.838216, 35.343923], [-80.838316, 35.344049], [-80.838479, 35.344261], [-80.838642, 35.344456], [-80.838886, 35.344729], [-80.839119, 35.34499], [-80.839286, 35.34515], [-80.839435, 35.34529], [-80.839656, 35.345482], [-80.839982, 35.345754], [-80.840253, 35.345951], [-80.840487, 35.346097], [-80.840849, 35.346312], [-80.841084, 35.346452], [-80.84135, 35.346602], [-80.841463, 35.346667], [-80.841591, 35.346735], [-80.841882, 35.346878], [-80.842165, 35.347003], [-80.842514, 35.347128], [-80.842732, 35.347202], [-80.842971, 35.347274], [-80.843394, 35.347382], [-80.843579, 35.347425], [-80.843949, 35.347514], [-80.844305, 35.347595], [-80.84514, 35.347791], [-80.845987, 35.34799], [-80.847191, 35.348271], [-80.847874, 35.348431], [-80.84909, 35.34872], [-80.849332, 35.34877], [-80.849436, 35.348791], [-80.84952, 35.348806], [-80.849631, 35.348826], [-80.849725, 35.348841], [-80.849814, 35.348854], [-80.849913, 35.348867], [-80.850004, 35.348878], [-80.850107, 35.348889], [-80.850277, 35.348899], [-80.850439, 35.348907], [-80.850623, 35.348908], [-80.850823, 35.348905], [-80.850989, 35.3489], [-80.851176, 35.34889], [-80.851429, 35.348873], [-80.851693, 35.348847], [-80.851985, 35.348808], [-80.852198, 35.34878], [-80.852361, 35.348753], [-80.852465, 35.348736], [-80.852549, 35.348713], [-80.852605, 35.348701], [-80.852668, 35.348685], [-80.852752, 35.348665], [-80.852839, 35.348643], [-80.852951, 35.348613], [-80.853049, 35.348583], [-80.85314, 35.348552], [-80.853306, 35.348494], [-80.853579, 35.34839], [-80.853856, 35.348275], [-80.854013, 35.348208], [-80.854206, 35.348125], [-80.854411, 35.348035], [-80.854605, 35.347952], [-80.854805, 35.347865], [-80.854958, 35.347798], [-80.855138, 35.34772], [-80.855302, 35.347646], [-80.855613, 35.347513], [-80.855843, 35.347421], [-80.856072, 35.347337], [-80.856232, 35.347282], [-80.856375, 35.347243], [-80.856564, 35.347194], [-80.856745, 35.347153], [-80.856928, 35.34712], [-80.857121, 35.347095], [-80.85726, 35.347081], [-80.857338, 35.347074], [-80.857456, 35.347066], [-80.857567, 35.347059], [-80.857759, 35.347049], [-80.857987, 35.347045], [-80.85819, 35.347042], [-80.858381, 35.347035], [-80.858532, 35.347036], [-80.858695, 35.347037], [-80.858882, 35.347037], [-80.859174, 35.347045], [-80.859508, 35.347074], [-80.859623, 35.347085], [-80.859747, 35.347102], [-80.859887, 35.347126], [-80.860015, 35.347154], [-80.860163, 35.347187], [-80.860311, 35.347227], [-80.860459, 35.347274], [-80.860599, 35.347335], [-80.860744, 35.347413], [-80.860902, 35.347507], [-80.861068, 35.347621], [-80.861205, 35.347722], [-80.861273, 35.347773], [-80.861638, 35.348045], [-80.86172, 35.348109], [-80.861796, 35.348169], [-80.861874, 35.348237], [-80.861947, 35.348304], [-80.862008, 35.348358], [-80.862089, 35.348442], [-80.862171, 35.348522], [-80.86224, 35.348596], [-80.862318, 35.348686], [-80.862391, 35.348776], [-80.862514, 35.348921], [-80.863812, 35.350439], [-80.864422, 35.35112], [-80.864583, 35.351299], [-80.864586, 35.351303], [-80.864798, 35.351539], [-80.86505, 35.351851], [-80.865139, 35.351962], [-80.865474, 35.352376], [-80.86558, 35.352505], [-80.865686, 35.352627], [-80.865788, 35.35275], [-80.865883, 35.352856], [-80.865931, 35.352908], [-80.865993, 35.352975], [-80.866115, 35.353103], [-80.866233, 35.353225], [-80.866396, 35.353379], [-80.866501, 35.353479], [-80.866623, 35.353584], [-80.866802, 35.353741], [-80.866997, 35.353901], [-80.867216, 35.354095], [-80.867315, 35.354178], [-80.867402, 35.354257], [-80.867475, 35.354325], [-80.867548, 35.354393], [-80.867628, 35.354461], [-80.867721, 35.354545], [-80.867794, 35.354608], [-80.867867, 35.354671], [-80.86794, 35.354744], [-80.868, 35.354808], [-80.868067, 35.354876], [-80.868133, 35.354944], [-80.86818, 35.355007], [-80.868233, 35.355078], [-80.868271, 35.355136], [-80.868334, 35.355243], [-80.868608, 35.355694], [-80.868973, 35.356288], [-80.869362, 35.356937], [-80.869511, 35.35718], [-80.869568, 35.357262]]}}, {"type": "Feature", "properties": {"name": "West Bv", "ksi": 18, "fatal": 8, "serious": 10, "ped": 5, "bike": 0, "miles": 6.89, "per_mile": 2.6}, "geometry": {"type": "LineString", "coordinates": [[-80.858829, 35.212576], [-80.858912, 35.212619], [-80.859009, 35.212665], [-80.85905, 35.212682], [-80.859567, 35.21293], [-80.860063, 35.213158], [-80.860152, 35.2132], [-80.86073, 35.213465], [-80.861368, 35.213762], [-80.861385, 35.21377], [-80.861858, 35.213989], [-80.862185, 35.214139], [-80.862629, 35.214355], [-80.862947, 35.214509], [-80.863236, 35.214641], [-80.863563, 35.214793], [-80.863984, 35.21499], [-80.864284, 35.215126], [-80.864706, 35.215322], [-80.865269, 35.215576], [-80.865761, 35.215801], [-80.866073, 35.215924], [-80.86638, 35.216022], [-80.866579, 35.216051], [-80.866997, 35.21611], [-80.867634, 35.216194], [-80.86784, 35.216235], [-80.86799, 35.216268], [-80.868139, 35.216305], [-80.868285, 35.216346], [-80.868431, 35.216392], [-80.86857, 35.21644], [-80.868707, 35.216492], [-80.868842, 35.216549], [-80.868915, 35.216582], [-80.868975, 35.216609], [-80.869104, 35.216673], [-80.869531, 35.216886], [-80.869921, 35.217082], [-80.869999, 35.217122], [-80.870761, 35.21749], [-80.870804, 35.217511], [-80.870847, 35.21753], [-80.87089, 35.217549], [-80.870934, 35.217567], [-80.870978, 35.217585], [-80.871023, 35.217602], [-80.871068, 35.217618], [-80.871114, 35.217634], [-80.87116, 35.217648], [-80.871206, 35.217663], [-80.871252, 35.217677], [-80.871299, 35.21769], [-80.871346, 35.217702], [-80.871392, 35.217714], [-80.871417, 35.217719], [-80.87144, 35.217724], [-80.871488, 35.217735], [-80.871535, 35.217745], [-80.871583, 35.217753], [-80.871632, 35.217762], [-80.87168, 35.217769], [-80.871729, 35.217776], [-80.871777, 35.217782], [-80.871782, 35.217783], [-80.871826, 35.217788], [-80.871875, 35.217792], [-80.871925, 35.217797], [-80.871968, 35.217799], [-80.871973, 35.2178], [-80.872022, 35.217803], [-80.872072, 35.217804], [-80.872121, 35.217806], [-80.87217, 35.217806], [-80.872219, 35.217806], [-80.872273, 35.217805], [-80.873211, 35.217757], [-80.873671, 35.217734], [-80.873726, 35.217731], [-80.873781, 35.217727], [-80.873836, 35.217723], [-80.873891, 35.217718], [-80.873946, 35.217712], [-80.874001, 35.217706], [-80.874055, 35.217698], [-80.874109, 35.21769], [-80.874205, 35.217674], [-80.874254, 35.217666], [-80.874397, 35.217641], [-80.874538, 35.217612], [-80.874678, 35.217578], [-80.874818, 35.217539], [-80.874856, 35.217528], [-80.874958, 35.217496], [-80.875095, 35.217449], [-80.875229, 35.217397], [-80.875577, 35.21725], [-80.875838, 35.217139], [-80.875908, 35.217111], [-80.876012, 35.217072], [-80.876118, 35.217038], [-80.876227, 35.217007], [-80.876336, 35.216981], [-80.876421, 35.216963], [-80.87654, 35.216942], [-80.876661, 35.216924], [-80.876782, 35.216912], [-80.876904, 35.216903], [-80.877167, 35.21689], [-80.877707, 35.216862], [-80.878158, 35.216839], [-80.878581, 35.216818], [-80.87888, 35.216805], [-80.879386, 35.216779], [-80.879932, 35.216752], [-80.880117, 35.216743], [-80.880414, 35.216728], [-80.880738, 35.21671], [-80.880805, 35.216706], [-80.880994, 35.216693], [-80.881183, 35.216675], [-80.881371, 35.216653], [-80.881495, 35.216634], [-80.881526, 35.216629], [-80.881674, 35.216605], [-80.881852, 35.216571], [-80.882029, 35.216533], [-80.882331, 35.216474], [-80.882882, 35.216359], [-80.88343, 35.216237], [-80.883727, 35.216166], [-80.883976, 35.216107], [-80.884518, 35.215969], [-80.885117, 35.215806], [-80.885266, 35.215765], [-80.885813, 35.21555], [-80.88624, 35.215387], [-80.886723, 35.215185], [-80.88711, 35.215026], [-80.887242, 35.214972], [-80.887575, 35.21484], [-80.888027, 35.214658], [-80.888232, 35.214577], [-80.888666, 35.214402], [-80.889106, 35.214233], [-80.88932, 35.214145], [-80.88969, 35.213993], [-80.889956, 35.213886], [-80.89035, 35.213731], [-80.89055, 35.213654], [-80.891395, 35.213317], [-80.891402, 35.213314], [-80.892402, 35.212916], [-80.893176, 35.212607], [-80.894422, 35.212111], [-80.894778, 35.211997], [-80.894831, 35.211981], [-80.895032, 35.211923], [-80.895235, 35.211869], [-80.895459, 35.211815], [-80.895645, 35.211774], [-80.896046, 35.211694], [-80.896193, 35.211671], [-80.89637, 35.211647], [-80.896548, 35.211628], [-80.896726, 35.211613], [-80.896904, 35.211602], [-80.897449, 35.21158], [-80.89753, 35.211577], [-80.89759, 35.211575], [-80.89799, 35.211565], [-80.898502, 35.211549], [-80.898676, 35.211544], [-80.89883, 35.211539], [-80.899098, 35.211531], [-80.899368, 35.211524], [-80.899546, 35.211518], [-80.899918, 35.211507], [-80.900039, 35.211505], [-80.900277, 35.211497], [-80.900515, 35.211485], [-80.900708, 35.211471], [-80.900753, 35.211468], [-80.900888, 35.211455], [-80.901092, 35.211433], [-80.901294, 35.211407], [-80.901496, 35.211376], [-80.901602, 35.211359], [-80.90172, 35.211336], [-80.901804, 35.21132], [-80.903085, 35.211093], [-80.904273, 35.210883], [-80.904485, 35.210846], [-80.904769, 35.210795], [-80.905051, 35.210742], [-80.905395, 35.210682], [-80.905467, 35.210669], [-80.906011, 35.210572], [-80.906467, 35.210489], [-80.906907, 35.210411], [-80.907201, 35.21036], [-80.907223, 35.210357], [-80.908152, 35.210192], [-80.908891, 35.210061], [-80.909722, 35.209897], [-80.910013, 35.209839], [-80.910491, 35.209726], [-80.910831, 35.209639], [-80.911182, 35.209546], [-80.9115, 35.209456], [-80.912078, 35.209279], [-80.912718, 35.209078], [-80.912867, 35.209031], [-80.913706, 35.208766], [-80.91415, 35.208626], [-80.914391, 35.208549], [-80.914814, 35.208411], [-80.915218, 35.208284], [-80.915565, 35.208174], [-80.91588, 35.208073], [-80.916198, 35.207973], [-80.916454, 35.207891], [-80.916648, 35.20783], [-80.916895, 35.207753], [-80.917063, 35.207697], [-80.917244, 35.20764], [-80.917417, 35.207585], [-80.917451, 35.207575], [-80.917708, 35.207495], [-80.917893, 35.207438], [-80.918196, 35.207339], [-80.918926, 35.20711], [-80.919443, 35.206938], [-80.922161, 35.206086], [-80.924349, 35.205377], [-80.92456, 35.205299], [-80.924767, 35.205215], [-80.924971, 35.205126], [-80.92517, 35.20503], [-80.925365, 35.204929], [-80.925556, 35.204822], [-80.925742, 35.204709], [-80.925923, 35.204591], [-80.926099, 35.204468], [-80.926269, 35.204339], [-80.926433, 35.204206], [-80.926592, 35.204068], [-80.926744, 35.203926], [-80.92689, 35.203779], [-80.92703, 35.203628], [-80.927163, 35.203472], [-80.927322, 35.203265], [-80.927474, 35.203055], [-80.92762, 35.202841], [-80.927977, 35.202317], [-80.928341, 35.201795], [-80.928712, 35.201278], [-80.929091, 35.200764], [-80.929388, 35.200365], [-80.92968, 35.199963], [-80.929967, 35.199559], [-80.930247, 35.199152], [-80.930618, 35.198626], [-80.930773, 35.198408], [-80.93087, 35.198284], [-80.930975, 35.198163], [-80.931086, 35.198046], [-80.931204, 35.197934], [-80.931328, 35.197827], [-80.931459, 35.197724], [-80.931595, 35.197627], [-80.931737, 35.197535], [-80.931883, 35.197449], [-80.932035, 35.197369], [-80.932191, 35.197295], [-80.932352, 35.197227], [-80.932516, 35.197165], [-80.932683, 35.197109], [-80.932853, 35.197061], [-80.933027, 35.197019], [-80.933202, 35.196984], [-80.933379, 35.196955], [-80.933558, 35.196934], [-80.933737, 35.19692], [-80.933917, 35.196912], [-80.934098, 35.196912], [-80.934278, 35.196919], [-80.934458, 35.196932], [-80.934854, 35.19697], [-80.935249, 35.197012], [-80.935644, 35.197059], [-80.935873, 35.197098], [-80.9361, 35.197143], [-80.936325, 35.197195], [-80.936548, 35.197253], [-80.936887, 35.197351], [-80.937227, 35.197445], [-80.937569, 35.197533], [-80.938167, 35.197689], [-80.93832, 35.197729], [-80.938475, 35.197763], [-80.938632, 35.197792], [-80.93879, 35.197815], [-80.938949, 35.197833], [-80.939109, 35.197846], [-80.939291, 35.19785], [-80.939474, 35.197849], [-80.939656, 35.197841], [-80.939837, 35.197827], [-80.940018, 35.197807], [-80.941388, 35.19759], [-80.94276, 35.197375], [-80.944133, 35.197165], [-80.945508, 35.19696], [-80.946437, 35.196814], [-80.947731, 35.196623], [-80.949023, 35.196427], [-80.949486, 35.196357], [-80.949947, 35.19628], [-80.950407, 35.196196], [-80.950864, 35.196106], [-80.951216, 35.196026], [-80.951567, 35.195942], [-80.951915, 35.195852], [-80.952262, 35.195758], [-80.952607, 35.195659], [-80.952949, 35.195555], [-80.953546, 35.195361], [-80.953758, 35.195283], [-80.953967, 35.195198], [-80.954172, 35.195107], [-80.954372, 35.19501], [-80.954568, 35.194907], [-80.954759, 35.194798], [-80.954945, 35.194683], [-80.955126, 35.194563], [-80.955278, 35.194448], [-80.955424, 35.194327], [-80.955563, 35.194201], [-80.955696, 35.194071], [-80.955822, 35.193936], [-80.955942, 35.193797], [-80.956054, 35.193654], [-80.956158, 35.193507], [-80.956255, 35.193357], [-80.956344, 35.193203], [-80.95641, 35.193078], [-80.956471, 35.19295], [-80.956526, 35.192821], [-80.957565, 35.190329], [-80.963625, 35.190951], [-80.963852, 35.190973], [-80.964163, 35.190999], [-80.964475, 35.19102], [-80.964787, 35.191034], [-80.965099, 35.191043], [-80.965412, 35.191045], [-80.965724, 35.191042], [-80.966036, 35.191033], [-80.967079, 35.191002]]}}, {"type": "Feature", "properties": {"name": "Westinghouse Bv", "ksi": 6, "fatal": 1, "serious": 5, "ped": 0, "bike": 0, "miles": 5.41, "per_mile": 1.1}, "geometry": {"type": "LineString", "coordinates": [[-80.915479, 35.11125], [-80.916037, 35.111463], [-80.916121, 35.111495], [-80.916803, 35.111757], [-80.917496, 35.111992], [-80.918336, 35.112272], [-80.918474, 35.112312], [-80.91898, 35.112475], [-80.920582, 35.113015], [-80.921252, 35.113262], [-80.921758, 35.11349], [-80.921945, 35.113587], [-80.922277, 35.113756], [-80.923026, 35.114165], [-80.923416, 35.114384], [-80.923714, 35.114556], [-80.923745, 35.114572], [-80.924093, 35.114757], [-80.924318, 35.114886], [-80.924445, 35.114949], [-80.924923, 35.115211], [-80.925114, 35.115306], [-80.925512, 35.115511], [-80.925852, 35.115681], [-80.926223, 35.115844], [-80.926474, 35.115972], [-80.927021, 35.116207], [-80.927668, 35.116455], [-80.92795, 35.116573], [-80.928542, 35.116843], [-80.930092, 35.117499], [-80.930789, 35.117796], [-80.931044, 35.117907], [-80.931319, 35.118068], [-80.931474, 35.118196], [-80.931541, 35.118236], [-80.931657, 35.118328], [-80.931755, 35.118434], [-80.931845, 35.118547], [-80.93206, 35.118766], [-80.93215, 35.118908], [-80.932406, 35.119377], [-80.93257, 35.119668], [-80.932717, 35.119967], [-80.932925, 35.120294], [-80.933199, 35.12082], [-80.933372, 35.121097], [-80.933591, 35.121509], [-80.933727, 35.121804], [-80.933781, 35.121899], [-80.933973, 35.122259], [-80.934105, 35.122471], [-80.934277, 35.122769], [-80.934681, 35.123573], [-80.935142, 35.124394], [-80.935591, 35.125219], [-80.935743, 35.125485], [-80.935899, 35.125749], [-80.936059, 35.126011], [-80.936344, 35.12647], [-80.936603, 35.126911], [-80.936856, 35.127354], [-80.937102, 35.1278], [-80.937178, 35.12792], [-80.937262, 35.128037], [-80.937353, 35.12815], [-80.937451, 35.128259], [-80.937555, 35.128364], [-80.937666, 35.128464], [-80.937783, 35.12856], [-80.937905, 35.128651], [-80.938033, 35.128736], [-80.938166, 35.128816], [-80.938304, 35.128891], [-80.938446, 35.128959], [-80.938595, 35.129018], [-80.938748, 35.129072], [-80.938903, 35.129119], [-80.939061, 35.129161], [-80.939221, 35.129196], [-80.939372, 35.129224], [-80.941744, 35.129637], [-80.942384, 35.129763], [-80.942841, 35.129902], [-80.943396, 35.130059], [-80.943908, 35.130192], [-80.944457, 35.130364], [-80.945192, 35.130579], [-80.946061, 35.130832], [-80.946422, 35.130927], [-80.946763, 35.131019], [-80.947136, 35.131112], [-80.947197, 35.131126], [-80.947419, 35.131178], [-80.947769, 35.131268], [-80.947999, 35.131321], [-80.948375, 35.131405], [-80.948749, 35.131496], [-80.949205, 35.131604], [-80.949955, 35.131784], [-80.950265, 35.13185], [-80.950561, 35.131921], [-80.950844, 35.131986], [-80.951122, 35.13204], [-80.951326, 35.13208], [-80.951536, 35.132118], [-80.951726, 35.132152], [-80.951873, 35.132178], [-80.952079, 35.132212], [-80.952297, 35.13224], [-80.952611, 35.132283], [-80.952988, 35.132331], [-80.953278, 35.13236], [-80.953476, 35.132379], [-80.953732, 35.132402], [-80.953947, 35.13242], [-80.95434, 35.132445], [-80.954985, 35.132469], [-80.955288, 35.132482], [-80.955803, 35.132489], [-80.956431, 35.1325], [-80.957075, 35.132513], [-80.957749, 35.132526], [-80.958407, 35.132541], [-80.958817, 35.132548], [-80.959181, 35.132554], [-80.959874, 35.132577], [-80.960146, 35.13259], [-80.960641, 35.1326], [-80.960861, 35.132598], [-80.961183, 35.132595], [-80.961799, 35.132608], [-80.962402, 35.132617], [-80.963069, 35.132631], [-80.96366, 35.132642], [-80.964149, 35.132651], [-80.964417, 35.132658], [-80.964863, 35.132666], [-80.965337, 35.132674], [-80.965861, 35.132686], [-80.966322, 35.132704], [-80.966745, 35.132731], [-80.966916, 35.132746], [-80.967276, 35.132777], [-80.96761, 35.132817], [-80.967807, 35.132845], [-80.967988, 35.132875], [-80.968143, 35.132901], [-80.968286, 35.132926], [-80.968367, 35.132941], [-80.968495, 35.132966], [-80.968651, 35.132998], [-80.968821, 35.133033], [-80.969013, 35.133078], [-80.969136, 35.133106], [-80.969417, 35.133179], [-80.969667, 35.133247], [-80.969914, 35.133318], [-80.970169, 35.133397], [-80.970413, 35.133478], [-80.970696, 35.133577], [-80.97115, 35.133749], [-80.971465, 35.133877], [-80.972381, 35.134242], [-80.973027, 35.134509], [-80.97359, 35.134739], [-80.974038, 35.13491], [-80.974151, 35.134955], [-80.974611, 35.135138], [-80.975119, 35.135341], [-80.976587, 35.135941], [-80.976931, 35.136078], [-80.9775, 35.136293], [-80.977827, 35.136417], [-80.977843, 35.136424], [-80.978441, 35.136678], [-80.978831, 35.136843], [-80.979199, 35.137001], [-80.979459, 35.137116], [-80.979666, 35.137205], [-80.979819, 35.137271], [-80.979921, 35.137316], [-80.980063, 35.137379], [-80.980145, 35.137418], [-80.980267, 35.137479], [-80.980403, 35.137554], [-80.980548, 35.137641], [-80.980707, 35.137743], [-80.980863, 35.137839], [-80.98102, 35.137939], [-80.981176, 35.138058], [-80.981204, 35.13808], [-80.981313, 35.138169], [-80.981432, 35.138273], [-80.981586, 35.138415], [-80.981772, 35.138606], [-80.981924, 35.138759], [-80.982053, 35.138912], [-80.982171, 35.139051], [-80.982231, 35.139129], [-80.982286, 35.1392], [-80.982352, 35.139284], [-80.982404, 35.139351], [-80.982528, 35.139514], [-80.982713, 35.139749], [-80.982916, 35.140007], [-80.983149, 35.140312], [-80.983402, 35.140647], [-80.983413, 35.140661], [-80.983647, 35.140961], [-80.983883, 35.141274], [-80.98425, 35.141751], [-80.984572, 35.142183], [-80.984851, 35.142544], [-80.98507, 35.142823], [-80.985416, 35.143272], [-80.985542, 35.143435], [-80.985775, 35.143732], [-80.986261, 35.14436], [-80.986424, 35.144571], [-80.986975, 35.145285], [-80.987337, 35.145751], [-80.987683, 35.146202], [-80.987991, 35.146608], [-80.988254, 35.146932], [-80.989107, 35.14801], [-80.989299, 35.14826], [-80.989512, 35.148531], [-80.990055, 35.149238], [-80.990379, 35.149654], [-80.990452, 35.149741], [-80.990527, 35.149826], [-80.990603, 35.149911], [-80.990682, 35.149995], [-80.990804, 35.150119]]}}, {"type": "Feature", "properties": {"name": "Wilkinson Bv", "ksi": 9, "fatal": 6, "serious": 3, "ped": 1, "bike": 0, "miles": 5.92, "per_mile": 1.5}, "geometry": {"type": "MultiLineString", "coordinates": [[[-80.868889, 35.223636], [-80.868914, 35.223614], [-80.868976, 35.223571], [-80.869013, 35.223546], [-80.86905, 35.223522], [-80.869088, 35.223499], [-80.869127, 35.223475], [-80.869165, 35.223453], [-80.869205, 35.223431], [-80.869244, 35.22341], [-80.869285, 35.223389], [-80.869325, 35.223368], [-80.869367, 35.223349], [-80.869409, 35.22333], [-80.86945, 35.223311], [-80.869493, 35.223293], [-80.869535, 35.223276], [-80.869578, 35.22326], [-80.869621, 35.223244], [-80.869665, 35.223229], [-80.869709, 35.223214], [-80.869754, 35.223199], [-80.869798, 35.223186], [-80.869843, 35.223173], [-80.869889, 35.223161], [-80.869934, 35.223149], [-80.86998, 35.223138], [-80.870026, 35.223128], [-80.870072, 35.223119], [-80.870118, 35.22311], [-80.870165, 35.223102], [-80.870211, 35.223094], [-80.870258, 35.223087], [-80.870305, 35.223081], [-80.870352, 35.223075], [-80.8704, 35.22307], [-80.870447, 35.223066], [-80.870494, 35.223063], [-80.870542, 35.22306], [-80.870589, 35.223058], [-80.870637, 35.223056], [-80.870684, 35.223055], [-80.870732, 35.223055], [-80.870779, 35.223056], [-80.870827, 35.223057], [-80.870874, 35.223059], [-80.870922, 35.223062], [-80.870969, 35.223065], [-80.871018, 35.223067], [-80.871025, 35.22307], [-80.871064, 35.223073], [-80.871111, 35.223079], [-80.872179, 35.223234], [-80.873134, 35.223349], [-80.87407, 35.223447], [-80.874107, 35.22345], [-80.875082, 35.223538], [-80.876058, 35.223611], [-80.877036, 35.22367], [-80.878579, 35.223734], [-80.878669, 35.22374], [-80.879358, 35.223782], [-80.879551, 35.223794], [-80.880314, 35.22384], [-80.881698, 35.223925], [-80.882796, 35.22397], [-80.883043, 35.22398], [-80.883239, 35.223992], [-80.884514, 35.224067], [-80.884529, 35.224068], [-80.885624, 35.224087], [-80.886135, 35.224105], [-80.888624, 35.224199], [-80.891097, 35.224287], [-80.894069, 35.224395], [-80.896168, 35.224431], [-80.896505, 35.224442], [-80.897535, 35.224478], [-80.897883, 35.224496], [-80.898822, 35.224542], [-80.8989, 35.224546], [-80.8997, 35.224606], [-80.901, 35.224703], [-80.90114, 35.224714], [-80.901812, 35.224764], [-80.902091, 35.224788], [-80.902475, 35.22482], [-80.903153, 35.224877], [-80.904405, 35.224964], [-80.905844, 35.225065], [-80.906885, 35.225138], [-80.906992, 35.225148], [-80.907046, 35.225155], [-80.907099, 35.225161], [-80.907153, 35.225169], [-80.907206, 35.225178], [-80.907259, 35.225188], [-80.907311, 35.225198], [-80.907364, 35.225209], [-80.907416, 35.22522], [-80.907468, 35.225233], [-80.90752, 35.225246], [-80.907571, 35.22526], [-80.907622, 35.225275], [-80.907673, 35.22529], [-80.907723, 35.225306], [-80.907773, 35.225323], [-80.907823, 35.225341], [-80.907872, 35.225359], [-80.907921, 35.225378], [-80.90797, 35.225397], [-80.908018, 35.225418], [-80.908066, 35.225439], [-80.908113, 35.225461], [-80.90816, 35.225483], [-80.908206, 35.225506], [-80.910086, 35.226314], [-80.912489, 35.227346], [-80.914477, 35.228201], [-80.916269, 35.228971], [-80.91789, 35.229668], [-80.922065, 35.231462], [-80.922313, 35.231568], [-80.922563, 35.23167], [-80.922816, 35.231768], [-80.92307, 35.231863], [-80.923326, 35.231955], [-80.923335, 35.231957], [-80.923584, 35.232042], [-80.923591, 35.232044], [-80.923845, 35.232126], [-80.924107, 35.232206], [-80.92437, 35.232282], [-80.924661, 35.232362], [-80.924872, 35.232429], [-80.924908, 35.23244], [-80.925177, 35.232514], [-80.925447, 35.232584], [-80.925719, 35.232649], [-80.925992, 35.232711], [-80.926265, 35.232769], [-80.926541, 35.232824], [-80.926818, 35.232874], [-80.927095, 35.23292], [-80.927408, 35.232967], [-80.929148, 35.233237], [-80.930421, 35.233434], [-80.930467, 35.233442], [-80.933325, 35.233898], [-80.939234, 35.234816], [-80.940853, 35.235066], [-80.941236, 35.235122], [-80.941621, 35.235172], [-80.942007, 35.235216], [-80.942394, 35.235254], [-80.942782, 35.235286], [-80.943171, 35.235312], [-80.94806, 35.235446], [-80.949739, 35.23548], [-80.95016, 35.235492], [-80.950581, 35.235509], [-80.951002, 35.235533], [-80.951422, 35.235563], [-80.951841, 35.235599], [-80.951896, 35.235605], [-80.952242, 35.235641], [-80.952564, 35.23568], [-80.952886, 35.235723], [-80.953206, 35.235771], [-80.953526, 35.235824], [-80.953844, 35.235881], [-80.954161, 35.235943], [-80.954476, 35.236009], [-80.954791, 35.23608], [-80.955103, 35.236156], [-80.955414, 35.236235], [-80.956855, 35.236659], [-80.957569, 35.236914], [-80.958267, 35.237191], [-80.959306, 35.237603], [-80.959312, 35.237606], [-80.959474, 35.23767], [-80.959637, 35.237732], [-80.959802, 35.237792], [-80.959967, 35.237849], [-80.960135, 35.237904], [-80.960303, 35.237956], [-80.960471, 35.238006], [-80.960642, 35.238054], [-80.960813, 35.238099], [-80.960985, 35.238142], [-80.961158, 35.238182], [-80.961332, 35.23822], [-80.961507, 35.238255], [-80.961644, 35.238281]], [[-80.865797, 35.224391], [-80.866025, 35.224396], [-80.866634, 35.224415], [-80.866837, 35.224414], [-80.86702, 35.224404], [-80.86711, 35.224403], [-80.867201, 35.224397], [-80.867291, 35.224387], [-80.86738, 35.224373], [-80.867468, 35.224354], [-80.867555, 35.224332], [-80.867613, 35.224314], [-80.867717, 35.22428], [-80.867818, 35.224242], [-80.867917, 35.2242], [-80.868014, 35.224155], [-80.868108, 35.224105], [-80.868161, 35.224079], [-80.86826, 35.224018], [-80.868296, 35.223996], [-80.868889, 35.223636]], [[-80.864383, 35.225317], [-80.864462, 35.225324], [-80.864644, 35.225338], [-80.864694, 35.225341], [-80.864895, 35.225353], [-80.864937, 35.225355], [-80.864993, 35.225357], [-80.865111, 35.225354], [-80.86532, 35.225339], [-80.865467, 35.225323], [-80.865627, 35.225302], [-80.865784, 35.225276], [-80.865941, 35.225246], [-80.866074, 35.225222], [-80.866216, 35.225191], [-80.866358, 35.225156], [-80.866497, 35.225117], [-80.866709, 35.225053], [-80.867126, 35.224887], [-80.867241, 35.224831], [-80.867408, 35.224745], [-80.867571, 35.224655], [-80.867732, 35.224562], [-80.86821, 35.224217], [-80.868298, 35.224141], [-80.868305, 35.224135], [-80.868319, 35.224123], [-80.868331, 35.224113], [-80.868875, 35.223648], [-80.868889, 35.223636]]]}}, {"type": "Feature", "properties": {"name": "Yorkmont Rd", "ksi": 3, "fatal": 0, "serious": 3, "ped": 0, "bike": 0, "miles": 4.04, "per_mile": 0.7}, "geometry": {"type": "LineString", "coordinates": [[-80.890959, 35.178959], [-80.891501, 35.179303], [-80.891911, 35.179564], [-80.892319, 35.179828], [-80.892602, 35.180009], [-80.892852, 35.180169], [-80.893042, 35.180308], [-80.893447, 35.180569], [-80.893651, 35.180697], [-80.893858, 35.180822], [-80.893953, 35.18088], [-80.893999, 35.18091], [-80.894056, 35.180936], [-80.894096, 35.180955], [-80.894281, 35.18107], [-80.894441, 35.181168], [-80.894585, 35.181253], [-80.894694, 35.181328], [-80.894932, 35.181516], [-80.894972, 35.181545], [-80.895046, 35.181606], [-80.895117, 35.181669], [-80.895152, 35.181703], [-80.895184, 35.181735], [-80.895247, 35.181803], [-80.895305, 35.181875], [-80.895332, 35.181905], [-80.895414, 35.182003], [-80.895492, 35.182104], [-80.89558, 35.182224], [-80.895633, 35.182306], [-80.895681, 35.18239], [-80.895701, 35.182433], [-80.895721, 35.182487], [-80.895825, 35.182659], [-80.895979, 35.1829], [-80.89616, 35.183192], [-80.896206, 35.183264], [-80.896239, 35.183313], [-80.896305, 35.183411], [-80.896378, 35.183512], [-80.896455, 35.183611], [-80.896537, 35.183708], [-80.896614, 35.183793], [-80.896711, 35.183893], [-80.896827, 35.184006], [-80.896948, 35.184116], [-80.897072, 35.184223], [-80.897148, 35.184285], [-80.897269, 35.184379], [-80.897395, 35.184469], [-80.897507, 35.184551], [-80.897623, 35.18463], [-80.897742, 35.184705], [-80.897864, 35.184777], [-80.897989, 35.184845], [-80.898094, 35.184901], [-80.898223, 35.184966], [-80.898354, 35.185027], [-80.898489, 35.185085], [-80.898626, 35.185138], [-80.898714, 35.185169], [-80.898768, 35.185185], [-80.898815, 35.1852], [-80.89888, 35.185221], [-80.899152, 35.185305], [-80.899425, 35.185386], [-80.899466, 35.185397], [-80.8997, 35.185462], [-80.900211, 35.185616], [-80.900753, 35.185773], [-80.900771, 35.185778], [-80.900899, 35.185816], [-80.901033, 35.185855], [-80.901336, 35.185944], [-80.9019, 35.186113], [-80.90269, 35.186347], [-80.90324, 35.18651], [-80.903281, 35.186522], [-80.903488, 35.186586], [-80.903693, 35.186653], [-80.903802, 35.186691], [-80.903896, 35.186724], [-80.904214, 35.186821], [-80.9048, 35.186995], [-80.905438, 35.187179], [-80.906075, 35.187367], [-80.906099, 35.187374], [-80.906486, 35.187487], [-80.906947, 35.187615], [-80.907352, 35.187727], [-80.907667, 35.187823], [-80.908063, 35.187939], [-80.908384, 35.188038], [-80.908755, 35.188148], [-80.909071, 35.188241], [-80.909374, 35.188331], [-80.909753, 35.188444], [-80.910006, 35.188519], [-80.91024, 35.188583], [-80.910357, 35.188618], [-80.910472, 35.188651], [-80.910702, 35.188724], [-80.910902, 35.18879], [-80.911761, 35.18904], [-80.912277, 35.189198], [-80.912432, 35.189245], [-80.912549, 35.189278], [-80.912685, 35.189326], [-80.912845, 35.189386], [-80.91307, 35.189477], [-80.913109, 35.189494], [-80.913183, 35.189529], [-80.913217, 35.189548], [-80.913254, 35.189569], [-80.913322, 35.189612], [-80.913429, 35.189688], [-80.913495, 35.189743], [-80.913642, 35.189858], [-80.913799, 35.189994], [-80.913969, 35.19014], [-80.914139, 35.190283], [-80.9144, 35.190504], [-80.914895, 35.190922], [-80.915095, 35.191089], [-80.915249, 35.191201], [-80.915387, 35.1913], [-80.915525, 35.191392], [-80.915608, 35.191435], [-80.915693, 35.191476], [-80.915781, 35.191512], [-80.915871, 35.191544], [-80.915964, 35.191573], [-80.916012, 35.191586], [-80.916058, 35.191598], [-80.916153, 35.191618], [-80.916258, 35.191633], [-80.916359, 35.191643], [-80.916461, 35.191649], [-80.916562, 35.191651], [-80.916664, 35.191648], [-80.916766, 35.191641], [-80.916866, 35.191629], [-80.916966, 35.191614], [-80.917099, 35.191586], [-80.917194, 35.191561], [-80.917288, 35.191532], [-80.91738, 35.191499], [-80.917469, 35.191462], [-80.917556, 35.191422], [-80.91764, 35.191377], [-80.917722, 35.191329], [-80.917797, 35.191277], [-80.917863, 35.191228], [-80.917926, 35.191174], [-80.918143, 35.190968], [-80.918562, 35.190549], [-80.91888, 35.190218], [-80.919115, 35.189974], [-80.919134, 35.189955], [-80.919193, 35.189901], [-80.919256, 35.189849], [-80.919322, 35.189801], [-80.919392, 35.189756], [-80.919465, 35.189715], [-80.91954, 35.189677], [-80.919578, 35.18966], [-80.919659, 35.189626], [-80.919742, 35.189596], [-80.919827, 35.18957], [-80.919914, 35.189549], [-80.920001, 35.189531], [-80.920087, 35.189517], [-80.920186, 35.189506], [-80.920284, 35.189498], [-80.920383, 35.189495], [-80.920483, 35.189497], [-80.920515, 35.1895], [-80.921074, 35.189585], [-80.921358, 35.189647], [-80.921576, 35.189703], [-80.921905, 35.189788], [-80.922442, 35.189892], [-80.922971, 35.18998], [-80.923205, 35.190048], [-80.92346, 35.190122], [-80.92371, 35.190176], [-80.92392, 35.190217], [-80.924103, 35.190218], [-80.924226, 35.190211], [-80.924473, 35.190177], [-80.924763, 35.190119], [-80.925298, 35.190035], [-80.925942, 35.189917], [-80.926074, 35.189893], [-80.92675, 35.18978], [-80.927286, 35.189697], [-80.927552, 35.189642], [-80.92777, 35.1896], [-80.927953, 35.189578], [-80.92811, 35.189568], [-80.92825, 35.189572], [-80.928392, 35.18958], [-80.928468, 35.189591], [-80.92857, 35.189615], [-80.928632, 35.189631], [-80.928726, 35.189652], [-80.928887, 35.189705], [-80.929047, 35.189772], [-80.929171, 35.189837], [-80.929176, 35.18984], [-80.929256, 35.189906], [-80.929443, 35.190078], [-80.929594, 35.190214], [-80.929765, 35.190383], [-80.929959, 35.190582], [-80.930088, 35.190705], [-80.930311, 35.190923], [-80.930518, 35.191125], [-80.930904, 35.191495], [-80.931254, 35.191844], [-80.931565, 35.19214], [-80.93182, 35.192395], [-80.932148, 35.192725], [-80.932691, 35.193258], [-80.933317, 35.193883], [-80.933942, 35.194493], [-80.934052, 35.194594], [-80.934136, 35.194673], [-80.934219, 35.194754], [-80.9343, 35.194836], [-80.934379, 35.194919], [-80.934456, 35.195003], [-80.934532, 35.195088], [-80.934605, 35.195175], [-80.934677, 35.195262], [-80.934747, 35.195351], [-80.934815, 35.19544], [-80.934881, 35.19553], [-80.934946, 35.195622], [-80.935008, 35.195714], [-80.935068, 35.195807], [-80.935126, 35.195901], [-80.935183, 35.195996], [-80.935237, 35.196091], [-80.935289, 35.196188], [-80.935339, 35.196285], [-80.935388, 35.196383], [-80.935434, 35.196481], [-80.935478, 35.19658], [-80.935519, 35.19668], [-80.935559, 35.19678], [-80.935587, 35.196877], [-80.935605, 35.196945], [-80.935644, 35.197059], [-80.935905, 35.197641], [-80.935987, 35.197793], [-80.936077, 35.197942], [-80.936173, 35.198089], [-80.936277, 35.198231], [-80.936388, 35.198371], [-80.936505, 35.198506], [-80.936629, 35.198638], [-80.936759, 35.198766], [-80.938875, 35.200697], [-80.939004, 35.200816], [-80.939127, 35.20094], [-80.939243, 35.201068], [-80.939353, 35.2012], [-80.939455, 35.201336], [-80.939549, 35.201475], [-80.939636, 35.201618], [-80.939715, 35.201764], [-80.939786, 35.201913], [-80.939849, 35.202064], [-80.939904, 35.202217], [-80.93995, 35.202372], [-80.939988, 35.202529], [-80.940018, 35.202686], [-80.940039, 35.202845], [-80.940051, 35.203005], [-80.940055, 35.203164], [-80.94005, 35.203324], [-80.940036, 35.203483], [-80.940014, 35.203642], [-80.939983, 35.203799], [-80.939944, 35.203956], [-80.939825, 35.204351], [-80.938591, 35.208673]]}}]}