{
"type": "FeatureCollection",
"name": "Fatal_or_Serious_Injury_Crashes",
"crs": { "type": "name", "properties": { "name": "urn:ogc:def:crs:OGC:1.3:CRS84" } },
"features": [
{ "type": "Feature", "properties": { "OBJECTID": 6096, "CRSH_ID": 1121801, "DATE_VAL_Y": 2021, "DATE_VAL_M": 10, "DATE_VAL_1": "October", "DATE_VAL_D": 11, "DAY_OF_WEE": 2, "DAY_OF_W_1": "Monday", "MILT_TIME": 246, "CASE_NUM": 20211011024601, "CRSH_TYPE_": 1, "CRASH_TYPE": "Ran off road right", "CRSH_LEVL": 1, "PRIMARY_CA": 30, "PRIMARY__1": "Alcohol use", "SECONDARY_": "0", "SECONDARY1": " ", "LATITUDE": 35.237584, "LONGITUDE": -80.839883, "StreetID": null }, "geometry": { "type": "Point", "coordinates": [ -80.839879758182903, 35.237577114322903 ] } },
{ "type": "Feature", "properties": { "OBJECTID": 6097, "CRSH_ID": 1283879, "DATE_VAL_Y": 2024, "DATE_VAL_M": 12, "DATE_VAL_1": "December", "DATE_VAL_D": 28, "DAY_OF_WEE": 7, "DAY_OF_W_1": "Saturday", "MILT_TIME": 411, "CASE_NUM": 20241228041101, "CRSH_TYPE_": 30, "CRASH_TYPE": "Angle", "CRSH_LEVL": 2, "PRIMARY_CA": 4, "PRIMARY__1": "Disregarded traffic signals", "SECONDARY_": "0", "SECONDARY1": " ", "LATITUDE": 35.228155, "LONGITUDE": -80.84628, "StreetID": null }, "geometry": { "type": "Point", "coordinates": [ -80.846276755648702, 35.228148116894502 ] } },
{ "type": "Feature", "properties": { "OBJECTID": 6098, "CRSH_ID": 1091204, "DATE_VAL_Y": 2021, "DATE_VAL_M": 4, "DATE_VAL_1": "April", "DATE_VAL_D": 14, "DAY_OF_WEE": 4, "DAY_OF_W_1": "Wednesday", "MILT_TIME": 2053, "CASE_NUM": 20210414205302, "CRSH_TYPE_": 1, "CRASH_TYPE": "Ran off road right", "CRSH_LEVL": 1, "PRIMARY_CA": 6, "PRIMARY__1": "Exceeded authorized speed limit", "SECONDARY_": "0", "SECONDARY1": " ", "LATITUDE": 35.315848, "LONGITUDE": -80.960709, "StreetID": null }, "geometry": { "type": "Point", "coordinates": [ -80.9607057193423, 35.315841103300102 ] } },
{ "type": "Feature", "properties": { "OBJECTID": 6099, "CRSH_ID": 2244269, "DATE_VAL_Y": 2023, "DATE_VAL_M": 11, "DATE_VAL_1": "November", "DATE_VAL_D": 3, "DAY_OF_WEE": 6, "DAY_OF_W_1": "Friday", "MILT_TIME": 419, "CASE_NUM": 20231103161903, "CRSH_TYPE_": 14, "CRASH_TYPE": "Pedestrian", "CRSH_LEVL": 1, "PRIMARY_CA": 19, "PRIMARY__1": "Failed to yield right of way", "SECONDARY_": "0", "SECONDARY1": " ", "LATITUDE": 35.270473, "LONGITUDE": -80.741711, "StreetID": null }, "geometry": { "type": "Point", "coordinates": [ -80.741707785790496, 35.270466105311101 ] } },
{ "type": "Feature", "properties": { "OBJECTID": 6100, "CRSH_ID": 1171084, "DATE_VAL_Y": 2022, "DATE_VAL_M": 8, "DATE_VAL_1": "August", "DATE_VAL_D": 22, "DAY_OF_WEE": 2, "DAY_OF_W_1": "Monday", "MILT_TIME": 45, "CASE_NUM": 20220822004504, "CRSH_TYPE_": 1, "CRASH_TYPE": "Ran off road right", "CRSH_LEVL": 1, "PRIMARY_CA": 6, "PRIMARY__1": "Exceeded authorized speed limit", "SECONDARY_": "0", "SECONDARY1": " ", "LATITUDE": 35.255336, "LONGITUDE": -80.836714, "StreetID": null }, "geometry": { "type": "Point", "coordinates": [ -80.836710759152197, 35.255329111333999 ] } },
{ "type": "Feature", "properties": { "OBJECTID": 6101, "CRSH_ID": 1222979, "DATE_VAL_Y": 2023, "DATE_VAL_M": 8, "DATE_VAL_1": "August", "DATE_VAL_D": 14, "DAY_OF_WEE": 2, "DAY_OF_W_1": "Monday", "MILT_TIME": 951, "CASE_NUM": 20230814095101, "CRSH_TYPE_": 30, "CRASH_TYPE": "Angle", "CRSH_LEVL": 2, "PRIMARY_CA": 19, "PRIMARY__1": "Failed to yield right of way", "SECONDARY_": "0", "SECONDARY1": " ", "LATITUDE": 35.26047, "LONGITUDE": -80.87591, "StreetID": null }, "geometry": { "type": "Point", "coordinates": [ -80.875906746854298, 35.260463112278799 ] } },
{ "type": "Feature", "properties": { "OBJECTID": 6102, "CRSH_ID": 1275205, "DATE_VAL_Y": 2024, "DATE_VAL_M": 10, "DATE_VAL_1": "October", "DATE_VAL_D": 17, "DAY_OF_WEE": 5, "DAY_OF_W_1": "Thursday", "MILT_TIME": 2159, "CASE_NUM": 20241017215900, "CRSH_TYPE_": 23, "CRASH_TYPE": "Left turn, same roadway", "CRSH_LEVL": 2, "PRIMARY_CA": 4, "PRIMARY__1": "Disregarded traffic signals", "SECONDARY_": "0", "SECONDARY1": "None (no unusual conditions)", "LATITUDE": 35.208385, "LONGITUDE": -80.670094, "StreetID": null }, "geometry": { "type": "Point", "coordinates": [ -80.670090810618106, 35.208378115078901 ] } },
{ "type": "Feature", "properties": { "OBJECTID": 6103, "CRSH_ID": 1128488, "DATE_VAL_Y": 2021, "DATE_VAL_M": 12, "DATE_VAL_1": "December", "DATE_VAL_D": 15, "DAY_OF_WEE": 4, "DAY_OF_W_1": "Wednesday", "MILT_TIME": 1627, "CASE_NUM": 20211215162705, "CRSH_TYPE_": 23, "CRASH_TYPE": "Left turn, same roadway", "CRSH_LEVL": 2, "PRIMARY_CA": 9, "PRIMARY__1": "Improper turn", "SECONDARY_": "0", "SECONDARY1": " ", "LATITUDE": 35.211949, "LONGITUDE": -80.782359, "StreetID": null }, "geometry": { "type": "Point", "coordinates": [ -80.782355777859493, 35.211942118341099 ] } },
{ "type": "Feature", "properties": { "OBJECTID": 6104, "CRSH_ID": 1074579, "DATE_VAL_Y": 2021, "DATE_VAL_M": 2, "DATE_VAL_1": "February", "DATE_VAL_D": 3, "DAY_OF_WEE": 4, "DAY_OF_W_1": "Wednesday", "MILT_TIME": 857, "CASE_NUM": 20210203085701, "CRSH_TYPE_": 27, "CRASH_TYPE": "Head on", "CRSH_LEVL": 2, "PRIMARY_CA": 5, "PRIMARY__1": "Disregarded road markings", "SECONDARY_": "0", "SECONDARY1": " ", "LATITUDE": 35.25822, "LONGITUDE": -80.73633, "StreetID": null }, "geometry": { "type": "Point", "coordinates": [ -80.736326787316798, 35.258213106659298 ] } },
{ "type": "Feature", "properties": { "OBJECTID": 6105, "CRSH_ID": 1180458, "DATE_VAL_Y": 2022, "DATE_VAL_M": 11, "DATE_VAL_1": "November", "DATE_VAL_D": 1, "DAY_OF_WEE": 3, "DAY_OF_W_1": "Tuesday", "MILT_TIME": 718, "CASE_NUM": 20221101071802, "CRSH_TYPE_": 24, "CRASH_TYPE": "Left turn, different roadways", "CRSH_LEVL": 1, "PRIMARY_CA": 19, "PRIMARY__1": "Failed to yield right of way", "SECONDARY_": "0", "SECONDARY1": " ", "LATITUDE": 35.258084, "LONGITUDE": -80.784238, "StreetID": null }, "geometry": { "type": "Point", "coordinates": [ -80.784234773358307, 35.2580771092696 ] } },
{ "type": "Feature", "properties": { "OBJECTID": 6106, "CRSH_ID": 1108168, "DATE_VAL_Y": 2020, "DATE_VAL_M": 7, "DATE_VAL_1": "July", "DATE_VAL_D": 18, "DAY_OF_WEE": 7, "DAY_OF_W_1": "Saturday", "MILT_TIME": 2305, "CASE_NUM": 20200718230500, "CRSH_TYPE_": 27, "CRASH_TYPE": "Head on", "CRSH_LEVL": 1, "PRIMARY_CA": 30, "PRIMARY__1": "Alcohol use", "SECONDARY_": "0", "SECONDARY1": " ", "LATITUDE": 35.155286, "LONGITUDE": -80.7317, "StreetID": null }, "geometry": { "type": "Point", "coordinates": [ -80.731696794544604, 35.155279128081503 ] } },
{ "type": "Feature", "properties": { "OBJECTID": 6107, "CRSH_ID": 1090647, "DATE_VAL_Y": 2021, "DATE_VAL_M": 4, "DATE_VAL_1": "April", "DATE_VAL_D": 20, "DAY_OF_WEE": 3, "DAY_OF_W_1": "Tuesday", "MILT_TIME": 1808, "CASE_NUM": 20210420180900, "CRSH_TYPE_": 23, "CRASH_TYPE": "Left turn, same roadway", "CRSH_LEVL": 2, "PRIMARY_CA": 4, "PRIMARY__1": "Disregarded traffic signals", "SECONDARY_": "0", "SECONDARY1": "None (no unusual conditions)", "LATITUDE": 35.296099, "LONGITUDE": -80.793325, "StreetID": null }, "geometry": { "type": "Point", "coordinates": [ -80.793321769822697, 35.296092101667597 ] } },
{ "type": "Feature", "properties": { "OBJECTID": 6108, "CRSH_ID": 1123106, "DATE_VAL_Y": 2021, "DATE_VAL_M": 10, "DATE_VAL_1": "October", "DATE_VAL_D": 23, "DAY_OF_WEE": 7, "DAY_OF_W_1": "Saturday", "MILT_TIME": 453, "CASE_NUM": 20211023045302, "CRSH_TYPE_": 27, "CRASH_TYPE": "Head on", "CRSH_LEVL": 1, "PRIMARY_CA": 11, "PRIMARY__1": "Crossed centerline/going wrong way", "SECONDARY_": "0", "SECONDARY1": " ", "LATITUDE": 35.22071, "LONGITUDE": -80.78041, "StreetID": null }, "geometry": { "type": "Point", "coordinates": [ -80.780406776355093, 35.220703116820999 ] } },
{ "type": "Feature", "properties": { "OBJECTID": 6109, "CRSH_ID": 1183935, "DATE_VAL_Y": 2022, "DATE_VAL_M": 12, "DATE_VAL_1": "December", "DATE_VAL_D": 2, "DAY_OF_WEE": 6, "DAY_OF_W_1": "Friday", "MILT_TIME": 1123, "CASE_NUM": 20221202112301, "CRSH_TYPE_": 1, "CRASH_TYPE": "Ran off road right", "CRSH_LEVL": 1, "PRIMARY_CA": 33, "PRIMARY__1": "Unable to determine", "SECONDARY_": "0", "SECONDARY1": " ", "LATITUDE": 35.316102, "LONGITUDE": -80.84047, "StreetID": null }, "geometry": { "type": "Point", "coordinates": [ -80.840466754566506, 35.316095098628999 ] } },
{ "type": "Feature", "properties": { "OBJECTID": 6110, "CRSH_ID": 1249283, "DATE_VAL_Y": 2024, "DATE_VAL_M": 3, "DATE_VAL_1": "March", "DATE_VAL_D": 16, "DAY_OF_WEE": 7, "DAY_OF_W_1": "Saturday", "MILT_TIME": 134, "CASE_NUM": 20240316013400, "CRSH_TYPE_": 1, "CRASH_TYPE": "Ran off road right", "CRSH_LEVL": 2, "PRIMARY_CA": 30, "PRIMARY__1": "Alcohol use", "SECONDARY_": "0", "SECONDARY1": " ", "LATITUDE": 35.218145, "LONGITUDE": -80.832089, "StreetID": null }, "geometry": { "type": "Point", "coordinates": [ -80.832085760921203, 35.218138118624303 ] } },
{ "type": "Feature", "properties": { "OBJECTID": 6111, "CRSH_ID": 1126615, "DATE_VAL_Y": 2021, "DATE_VAL_M": 11, "DATE_VAL_1": "November", "DATE_VAL_D": 24, "DAY_OF_WEE": 4, "DAY_OF_W_1": "Wednesday", "MILT_TIME": 1735, "CASE_NUM": 20211124173502, "CRSH_TYPE_": 27, "CRASH_TYPE": "Head on", "CRSH_LEVL": 1, "PRIMARY_CA": 26, "PRIMARY__1": "Operated vehicle in erratic, reckless, careless, negligent or aggressive manner", "SECONDARY_": "0", "SECONDARY1": " ", "LATITUDE": 35.273857, "LONGITUDE": -80.808672, "StreetID": null }, "geometry": { "type": "Point", "coordinates": [ -80.808668766919197, 35.2738501065921 ] } },
{ "type": "Feature", "properties": { "OBJECTID": 6112, "CRSH_ID": 1267348, "DATE_VAL_Y": 2024, "DATE_VAL_M": 8, "DATE_VAL_1": "August", "DATE_VAL_D": 15, "DAY_OF_WEE": 5, "DAY_OF_W_1": "Thursday", "MILT_TIME": 1504, "CASE_NUM": 20240815150403, "CRSH_TYPE_": 24, "CRASH_TYPE": "Left turn, different roadways", "CRSH_LEVL": 1, "PRIMARY_CA": 34, "PRIMARY__1": "Unknown", "SECONDARY_": "0", "SECONDARY1": " ", "LATITUDE": 35.14748, "LONGITUDE": -80.811373, "StreetID": null }, "geometry": { "type": "Point", "coordinates": [ -80.811369772747298, 35.147473134208603 ] } },
{ "type": "Feature", "properties": { "OBJECTID": 6113, "CRSH_ID": 1015232, "DATE_VAL_Y": 2020, "DATE_VAL_M": 4, "DATE_VAL_1": "April", "DATE_VAL_D": 18, "DAY_OF_WEE": 7, "DAY_OF_W_1": "Saturday", "MILT_TIME": 2112, "CASE_NUM": 20200418211202, "CRSH_TYPE_": 1, "CRASH_TYPE": "Ran off road right", "CRSH_LEVL": 2, "PRIMARY_CA": 6, "PRIMARY__1": "Exceeded authorized speed limit", "SECONDARY_": "0", "SECONDARY1": " ", "LATITUDE": 35.169279, "LONGITUDE": -80.805608, "StreetID": null }, "geometry": { "type": "Point", "coordinates": [ -80.8056047723326, 35.169272129235999 ] } },
{ "type": "Feature", "properties": { "OBJECTID": 6114, "CRSH_ID": 1032899, "DATE_VAL_Y": 2020, "DATE_VAL_M": 7, "DATE_VAL_1": "July", "DATE_VAL_D": 16, "DAY_OF_WEE": 5, "DAY_OF_W_1": "Thursday", "MILT_TIME": 1832, "CASE_NUM": 20200716183202, "CRSH_TYPE_": 1, "CRASH_TYPE": "Ran off road right", "CRSH_LEVL": 2, "PRIMARY_CA": 26, "PRIMARY__1": "Operated vehicle in erratic, reckless, careless, negligent or aggressive manner", "SECONDARY_": "0", "SECONDARY1": " ", "LATITUDE": 35.209652, "LONGITUDE": -80.874148, "StreetID": null }, "geometry": { "type": "Point", "coordinates": [ -80.874144751153693, 35.209645122594097 ] } },
{ "type": "Feature", "properties": { "OBJECTID": 6115, "CRSH_ID": 1270303, "DATE_VAL_Y": 2024, "DATE_VAL_M": 9, "DATE_VAL_1": "September", "DATE_VAL_D": 7, "DAY_OF_WEE": 7, "DAY_OF_W_1": "Saturday", "MILT_TIME": 117, "CASE_NUM": 20240908011702, "CRSH_TYPE_": 1, "CRASH_TYPE": "Ran off road right", "CRSH_LEVL": 2, "PRIMARY_CA": 11, "PRIMARY__1": "Crossed centerline/going wrong way", "SECONDARY_": "0", "SECONDARY1": "None (no unusual conditions)", "LATITUDE": 35.209175, "LONGITUDE": -80.664356, "StreetID": null }, "geometry": { "type": "Point", "coordinates": [ -80.664352813395496, 35.209168115491401 ] } },
{ "type": "Feature", "properties": { "OBJECTID": 6116, "CRSH_ID": 1084227, "DATE_VAL_Y": 2021, "DATE_VAL_M": 3, "DATE_VAL_1": "March", "DATE_VAL_D": 21, "DAY_OF_WEE": 1, "DAY_OF_W_1": "Sunday", "MILT_TIME": 1848, "CASE_NUM": 20210321184802, "CRSH_TYPE_": 13, "CRASH_TYPE": "Other non-collision*", "CRSH_LEVL": 2, "PRIMARY_CA": 0, "PRIMARY__1": "No contributing circumstance indicated", "SECONDARY_": "0", "SECONDARY1": " ", "LATITUDE": 35.241031, "LONGITUDE": -80.796639, "StreetID": null }, "geometry": { "type": "Point", "coordinates": [ -80.796635770991202, 35.241024112711202 ] } },
{ "type": "Feature", "properties": { "OBJECTID": 6117, "CRSH_ID": 1257565, "DATE_VAL_Y": 2024, "DATE_VAL_M": 5, "DATE_VAL_1": "May", "DATE_VAL_D": 15, "DAY_OF_WEE": 4, "DAY_OF_W_1": "Wednesday", "MILT_TIME": 214, "CASE_NUM": 20240515021400, "CRSH_TYPE_": 14, "CRASH_TYPE": "Pedestrian", "CRSH_LEVL": 1, "PRIMARY_CA": 33, "PRIMARY__1": "Unable to determine", "SECONDARY_": "0", "SECONDARY1": " ", "LATITUDE": 35.235672, "LONGITUDE": -80.839965, "StreetID": null }, "geometry": { "type": "Point", "coordinates": [ -80.839961757893093, 35.235665116893699 ] } },
{ "type": "Feature", "properties": { "OBJECTID": 6118, "CRSH_ID": 1193567, "DATE_VAL_Y": 2022, "DATE_VAL_M": 6, "DATE_VAL_1": "June", "DATE_VAL_D": 4, "DAY_OF_WEE": 7, "DAY_OF_W_1": "Saturday", "MILT_TIME": 604, "CASE_NUM": 20220604060401, "CRSH_TYPE_": 2, "CRASH_TYPE": "Ran off road left", "CRSH_LEVL": 1, "PRIMARY_CA": 11, "PRIMARY__1": "Crossed centerline/going wrong way", "SECONDARY_": "0", "SECONDARY1": " ", "LATITUDE": 35.25103, "LONGITUDE": -80.79092, "StreetID": null }, "geometry": { "type": "Point", "coordinates": [ -80.790916773013606, 35.251023110346303 ] } },
{ "type": "Feature", "properties": { "OBJECTID": 6119, "CRSH_ID": 1125735, "DATE_VAL_Y": 2021, "DATE_VAL_M": 11, "DATE_VAL_1": "November", "DATE_VAL_D": 16, "DAY_OF_WEE": 3, "DAY_OF_W_1": "Tuesday", "MILT_TIME": 725, "CASE_NUM": 20211116072501, "CRSH_TYPE_": 24, "CRASH_TYPE": "Left turn, different roadways", "CRSH_LEVL": 2, "PRIMARY_CA": 9, "PRIMARY__1": "Improper turn", "SECONDARY_": "0", "SECONDARY1": " ", "LATITUDE": 35.151254, "LONGITUDE": -80.727904, "StreetID": null }, "geometry": { "type": "Point", "coordinates": [ -80.727900795929799, 35.151247129147102 ] } },
{ "type": "Feature", "properties": { "OBJECTID": 6120, "CRSH_ID": 1024712, "DATE_VAL_Y": 2020, "DATE_VAL_M": 6, "DATE_VAL_1": "June", "DATE_VAL_D": 9, "DAY_OF_WEE": 3, "DAY_OF_W_1": "Tuesday", "MILT_TIME": 1348, "CASE_NUM": 20200609134802, "CRSH_TYPE_": 27, "CRASH_TYPE": "Head on", "CRSH_LEVL": 2, "PRIMARY_CA": 19, "PRIMARY__1": "Failed to yield right of way", "SECONDARY_": "0", "SECONDARY1": " ", "LATITUDE": 35.301066, "LONGITUDE": -80.986949, "StreetID": null }, "geometry": { "type": "Point", "coordinates": [ -80.986945710783502, 35.301059107751897 ] } },
{ "type": "Feature", "properties": { "OBJECTID": 6121, "CRSH_ID": 1068611, "DATE_VAL_Y": 2020, "DATE_VAL_M": 9, "DATE_VAL_1": "September", "DATE_VAL_D": 6, "DAY_OF_WEE": 1, "DAY_OF_W_1": "Sunday", "MILT_TIME": 339, "CASE_NUM": 20200906033900, "CRSH_TYPE_": 14, "CRASH_TYPE": "Pedestrian", "CRSH_LEVL": 1, "PRIMARY_CA": 0, "PRIMARY__1": " ", "SECONDARY_": "0", "SECONDARY1": " ", "LATITUDE": 35.221076, "LONGITUDE": -80.826614, "StreetID": null }, "geometry": { "type": "Point", "coordinates": [ -80.8266107638253, 35.221069118286302 ] } },
{ "type": "Feature", "properties": { "OBJECTID": 6122, "CRSH_ID": 1262548, "DATE_VAL_Y": 2024, "DATE_VAL_M": 7, "DATE_VAL_1": "July", "DATE_VAL_D": 6, "DAY_OF_WEE": 7, "DAY_OF_W_1": "Saturday", "MILT_TIME": 145, "CASE_NUM": 20240706014502, "CRSH_TYPE_": 14, "CRASH_TYPE": "Pedestrian", "CRSH_LEVL": 2, "PRIMARY_CA": 26, "PRIMARY__1": "Operated vehicle in erratic, reckless, careless, negligent or aggressive manner", "SECONDARY_": "0", "SECONDARY1": " ", "LATITUDE": 35.220324, "LONGITUDE": -80.813444, "StreetID": null }, "geometry": { "type": "Point", "coordinates": [ -80.813440766634599, 35.220317117739299 ] } },
{ "type": "Feature", "properties": { "OBJECTID": 6123, "CRSH_ID": 1078523, "DATE_VAL_Y": 2021, "DATE_VAL_M": 1, "DATE_VAL_1": "January", "DATE_VAL_D": 13, "DAY_OF_WEE": 4, "DAY_OF_W_1": "Wednesday", "MILT_TIME": 1807, "CASE_NUM": 20210113180703, "CRSH_TYPE_": 30, "CRASH_TYPE": "Angle", "CRSH_LEVL": 1, "PRIMARY_CA": 6, "PRIMARY__1": "Exceeded authorized speed limit", "SECONDARY_": "0", "SECONDARY1": " ", "LATITUDE": 35.21384, "LONGITUDE": -80.755738, "StreetID": null }, "geometry": { "type": "Point", "coordinates": [ -80.755734784189301, 35.2138331181688 ] } },
{ "type": "Feature", "properties": { "OBJECTID": 6124, "CRSH_ID": 1213387, "DATE_VAL_Y": 2023, "DATE_VAL_M": 5, "DATE_VAL_1": "May", "DATE_VAL_D": 26, "DAY_OF_WEE": 6, "DAY_OF_W_1": "Friday", "MILT_TIME": 1650, "CASE_NUM": 20230526165202, "CRSH_TYPE_": 14, "CRASH_TYPE": "Pedestrian", "CRSH_LEVL": 2, "PRIMARY_CA": 26, "PRIMARY__1": "Operated vehicle in erratic, reckless, careless, negligent or aggressive manner", "SECONDARY_": "0", "SECONDARY1": " ", "LATITUDE": 35.290493, "LONGITUDE": -80.764581, "StreetID": null }, "geometry": { "type": "Point", "coordinates": [ -80.764577777647702, 35.290486101278702 ] } },
{ "type": "Feature", "properties": { "OBJECTID": 6125, "CRSH_ID": 1135628, "DATE_VAL_Y": 2022, "DATE_VAL_M": 3, "DATE_VAL_1": "March", "DATE_VAL_D": 8, "DAY_OF_WEE": 3, "DAY_OF_W_1": "Tuesday", "MILT_TIME": 5, "CASE_NUM": 20220308000502, "CRSH_TYPE_": 14, "CRASH_TYPE": "Pedestrian", "CRSH_LEVL": 1, "PRIMARY_CA": 20, "PRIMARY__1": "Inattention", "SECONDARY_": "0", "SECONDARY1": " ", "LATITUDE": 35.246664, "LONGITUDE": -80.787916, "StreetID": null }, "geometry": { "type": "Point", "coordinates": [ -80.787912774354396, 35.246657112037497 ] } },
{ "type": "Feature", "properties": { "OBJECTID": 6126, "CRSH_ID": 1096219, "DATE_VAL_Y": 2021, "DATE_VAL_M": 5, "DATE_VAL_1": "May", "DATE_VAL_D": 12, "DAY_OF_WEE": 4, "DAY_OF_W_1": "Wednesday", "MILT_TIME": 2306, "CASE_NUM": 20210512230600, "CRSH_TYPE_": 14, "CRASH_TYPE": "Pedestrian", "CRSH_LEVL": 2, "PRIMARY_CA": 33, "PRIMARY__1": "Unable to determine", "SECONDARY_": "0", "SECONDARY1": " ", "LATITUDE": 35.23948, "LONGITUDE": -80.875658, "StreetID": null }, "geometry": { "type": "Point", "coordinates": [ -80.8756547478946, 35.239473116924103 ] } },
{ "type": "Feature", "properties": { "OBJECTID": 6127, "CRSH_ID": 1125106, "DATE_VAL_Y": 2021, "DATE_VAL_M": 11, "DATE_VAL_1": "November", "DATE_VAL_D": 10, "DAY_OF_WEE": 4, "DAY_OF_W_1": "Wednesday", "MILT_TIME": 947, "CASE_NUM": 20211110094701, "CRSH_TYPE_": 21, "CRASH_TYPE": "Rear end, slow or stop", "CRSH_LEVL": 1, "PRIMARY_CA": 32, "PRIMARY__1": "Other*", "SECONDARY_": "0", "SECONDARY1": " ", "LATITUDE": 35.206077, "LONGITUDE": -80.922143, "StreetID": null }, "geometry": { "type": "Point", "coordinates": [ -80.922139736086294, 35.206070124758298 ] } },
{ "type": "Feature", "properties": { "OBJECTID": 6128, "CRSH_ID": 1206068, "DATE_VAL_Y": 2023, "DATE_VAL_M": 3, "DATE_VAL_1": "March", "DATE_VAL_D": 26, "DAY_OF_WEE": 1, "DAY_OF_W_1": "Sunday", "MILT_TIME": 19, "CASE_NUM": 20230326001903, "CRSH_TYPE_": 27, "CRASH_TYPE": "Head on", "CRSH_LEVL": 1, "PRIMARY_CA": 6, "PRIMARY__1": "Exceeded authorized speed limit", "SECONDARY_": "0", "SECONDARY1": " ", "LATITUDE": 35.112501, "LONGITUDE": -80.971057, "StreetID": null }, "geometry": { "type": "Point", "coordinates": [ -80.971053726092194, 35.1124941470243 ] } },
{ "type": "Feature", "properties": { "OBJECTID": 6129, "CRSH_ID": 1173015, "DATE_VAL_Y": 2022, "DATE_VAL_M": 9, "DATE_VAL_1": "September", "DATE_VAL_D": 4, "DAY_OF_WEE": 1, "DAY_OF_W_1": "Sunday", "MILT_TIME": 1746, "CASE_NUM": 20220904174602, "CRSH_TYPE_": 1, "CRASH_TYPE": "Ran off road right", "CRSH_LEVL": 1, "PRIMARY_CA": 32, "PRIMARY__1": "Other*", "SECONDARY_": "0", "SECONDARY1": " ", "LATITUDE": 35.249306, "LONGITUDE": -80.764712, "StreetID": null }, "geometry": { "type": "Point", "coordinates": [ -80.764708781447894, 35.249299109823198 ] } },
{ "type": "Feature", "properties": { "OBJECTID": 6130, "CRSH_ID": 1081506, "DATE_VAL_Y": 2021, "DATE_VAL_M": 1, "DATE_VAL_1": "January", "DATE_VAL_D": 22, "DAY_OF_WEE": 6, "DAY_OF_W_1": "Friday", "MILT_TIME": 849, "CASE_NUM": 20210122084900, "CRSH_TYPE_": 14, "CRASH_TYPE": "Pedestrian", "CRSH_LEVL": 1, "PRIMARY_CA": 0, "PRIMARY__1": "No contributing circumstance indicated", "SECONDARY_": "0", "SECONDARY1": " ", "LATITUDE": 35.32159, "LONGITUDE": -80.939983, "StreetID": null }, "geometry": { "type": "Point", "coordinates": [ -80.939979725392206, 35.321583101027699 ] } },
{ "type": "Feature", "properties": { "OBJECTID": 6131, "CRSH_ID": 1107947, "DATE_VAL_Y": 2021, "DATE_VAL_M": 6, "DATE_VAL_1": "June", "DATE_VAL_D": 8, "DAY_OF_WEE": 3, "DAY_OF_W_1": "Tuesday", "MILT_TIME": 2001, "CASE_NUM": 20210608200101, "CRSH_TYPE_": 29, "CRASH_TYPE": "Sideswipe, opposite direction", "CRSH_LEVL": 2, "PRIMARY_CA": 0, "PRIMARY__1": "No contributing circumstance indicated", "SECONDARY_": "0", "SECONDARY1": " ", "LATITUDE": 35.252154, "LONGITUDE": -80.898626, "StreetID": null }, "geometry": { "type": "Point", "coordinates": [ -80.898622739464699, 35.252147114106499 ] } },
{ "type": "Feature", "properties": { "OBJECTID": 6132, "CRSH_ID": 1233898, "DATE_VAL_Y": 2023, "DATE_VAL_M": 11, "DATE_VAL_1": "November", "DATE_VAL_D": 7, "DAY_OF_WEE": 3, "DAY_OF_W_1": "Tuesday", "MILT_TIME": 1931, "CASE_NUM": 20231107193103, "CRSH_TYPE_": 24, "CRASH_TYPE": "Left turn, different roadways", "CRSH_LEVL": 2, "PRIMARY_CA": 4, "PRIMARY__1": "Disregarded traffic signals", "SECONDARY_": "0", "SECONDARY1": " ", "LATITUDE": 35.202882, "LONGITUDE": -80.835992, "StreetID": null }, "geometry": { "type": "Point", "coordinates": [ -80.835988760725698, 35.202875122454898 ] } },
{ "type": "Feature", "properties": { "OBJECTID": 6133, "CRSH_ID": 1236948, "DATE_VAL_Y": 2023, "DATE_VAL_M": 12, "DATE_VAL_1": "December", "DATE_VAL_D": 2, "DAY_OF_WEE": 7, "DAY_OF_W_1": "Saturday", "MILT_TIME": 1621, "CASE_NUM": 20231202162102, "CRSH_TYPE_": 14, "CRASH_TYPE": "Pedestrian", "CRSH_LEVL": 1, "PRIMARY_CA": 0, "PRIMARY__1": "No contributing circumstance indicated", "SECONDARY_": "0", "SECONDARY1": " ", "LATITUDE": 35.182195, "LONGITUDE": -80.7551, "StreetID": null }, "geometry": { "type": "Point", "coordinates": [ -80.755096787255397, 35.182188123536498 ] } },
{ "type": "Feature", "properties": { "OBJECTID": 6134, "CRSH_ID": 1205799, "DATE_VAL_Y": 2023, "DATE_VAL_M": 3, "DATE_VAL_1": "March", "DATE_VAL_D": 18, "DAY_OF_WEE": 7, "DAY_OF_W_1": "Saturday", "MILT_TIME": 2201, "CASE_NUM": 20230318220100, "CRSH_TYPE_": 14, "CRASH_TYPE": "Pedestrian", "CRSH_LEVL": 1, "PRIMARY_CA": 0, "PRIMARY__1": "No contributing circumstance indicated", "SECONDARY_": "0", "SECONDARY1": " ", "LATITUDE": 35.236315, "LONGITUDE": -80.83067, "StreetID": null }, "geometry": { "type": "Point", "coordinates": [ -80.830666761101298, 35.236308115144197 ] } },
{ "type": "Feature", "properties": { "OBJECTID": 6135, "CRSH_ID": 1018555, "DATE_VAL_Y": 2020, "DATE_VAL_M": 5, "DATE_VAL_1": "May", "DATE_VAL_D": 6, "DAY_OF_WEE": 4, "DAY_OF_W_1": "Wednesday", "MILT_TIME": 1426, "CASE_NUM": 20200506142600, "CRSH_TYPE_": 28, "CRASH_TYPE": "Sideswipe, same direction", "CRSH_LEVL": 2, "PRIMARY_CA": 10, "PRIMARY__1": "Right turn on red", "SECONDARY_": "0", "SECONDARY1": " ", "LATITUDE": 35.235108, "LONGITUDE": -80.840868, "StreetID": null }, "geometry": { "type": "Point", "coordinates": [ -80.840864757934099, 35.235101116846302 ] } },
{ "type": "Feature", "properties": { "OBJECTID": 6136, "CRSH_ID": 1010887, "DATE_VAL_Y": 2020, "DATE_VAL_M": 2, "DATE_VAL_1": "February", "DATE_VAL_D": 4, "DAY_OF_WEE": 3, "DAY_OF_W_1": "Tuesday", "MILT_TIME": 1331, "CASE_NUM": 20200201133102, "CRSH_TYPE_": 2, "CRASH_TYPE": "Ran off road left", "CRSH_LEVL": 1, "PRIMARY_CA": 26, "PRIMARY__1": "Operated vehicle in erratic, reckless, careless, negligent or aggressive manner", "SECONDARY_": "0", "SECONDARY1": " ", "LATITUDE": 35.252946, "LONGITUDE": -80.736633, "StreetID": null }, "geometry": { "type": "Point", "coordinates": [ -80.7366297883855, 35.2529391085843 ] } },
{ "type": "Feature", "properties": { "OBJECTID": 6137, "CRSH_ID": 1260691, "DATE_VAL_Y": 2024, "DATE_VAL_M": 6, "DATE_VAL_1": "June", "DATE_VAL_D": 18, "DAY_OF_WEE": 3, "DAY_OF_W_1": "Tuesday", "MILT_TIME": 2045, "CASE_NUM": 20240618204501, "CRSH_TYPE_": 30, "CRASH_TYPE": "Angle", "CRSH_LEVL": 2, "PRIMARY_CA": 30, "PRIMARY__1": "Alcohol use", "SECONDARY_": "0", "SECONDARY1": " ", "LATITUDE": 35.251251, "LONGITUDE": -80.747319, "StreetID": null }, "geometry": { "type": "Point", "coordinates": [ -80.747315785792793, 35.251244108623197 ] } },
{ "type": "Feature", "properties": { "OBJECTID": 6138, "CRSH_ID": 1242963, "DATE_VAL_Y": 2024, "DATE_VAL_M": 1, "DATE_VAL_1": "January", "DATE_VAL_D": 23, "DAY_OF_WEE": 3, "DAY_OF_W_1": "Tuesday", "MILT_TIME": 707, "CASE_NUM": 20240123070701, "CRSH_TYPE_": 30, "CRASH_TYPE": "Angle", "CRSH_LEVL": 1, "PRIMARY_CA": 2, "PRIMARY__1": "Disregarded stop sign", "SECONDARY_": "0", "SECONDARY1": " ", "LATITUDE": 35.042548, "LONGITUDE": -80.808205, "StreetID": null }, "geometry": { "type": "Point", "coordinates": [ -80.808201778275205, 35.042541156221702 ] } },
{ "type": "Feature", "properties": { "OBJECTID": 6139, "CRSH_ID": 1077063, "DATE_VAL_Y": 2021, "DATE_VAL_M": 2, "DATE_VAL_1": "February", "DATE_VAL_D": 12, "DAY_OF_WEE": 6, "DAY_OF_W_1": "Friday", "MILT_TIME": 44, "CASE_NUM": 20210212004404, "CRSH_TYPE_": 19, "CRASH_TYPE": "Fixed object", "CRSH_LEVL": 2, "PRIMARY_CA": 20, "PRIMARY__1": "Inattention", "SECONDARY_": "0", "SECONDARY1": " ", "LATITUDE": 35.3091, "LONGITUDE": -80.8401, "StreetID": null }, "geometry": { "type": "Point", "coordinates": [ -80.840096754509503, 35.309093100002599 ] } },
{ "type": "Feature", "properties": { "OBJECTID": 6140, "CRSH_ID": 1197900, "DATE_VAL_Y": 2023, "DATE_VAL_M": 1, "DATE_VAL_1": "January", "DATE_VAL_D": 14, "DAY_OF_WEE": 7, "DAY_OF_W_1": "Saturday", "MILT_TIME": 720, "CASE_NUM": 20230114072000, "CRSH_TYPE_": 23, "CRASH_TYPE": "Left turn, same roadway", "CRSH_LEVL": 2, "PRIMARY_CA": 4, "PRIMARY__1": "Disregarded traffic signals", "SECONDARY_": "0", "SECONDARY1": " ", "LATITUDE": 35.236847, "LONGITUDE": -80.920357, "StreetID": null }, "geometry": { "type": "Point", "coordinates": [ -80.920353733757295, 35.2368401182745 ] } },
{ "type": "Feature", "properties": { "OBJECTID": 6141, "CRSH_ID": 1140259, "DATE_VAL_Y": 2022, "DATE_VAL_M": 4, "DATE_VAL_1": "April", "DATE_VAL_D": 30, "DAY_OF_WEE": 7, "DAY_OF_W_1": "Saturday", "MILT_TIME": 1616, "CASE_NUM": 20220430161600, "CRSH_TYPE_": 30, "CRASH_TYPE": "Angle", "CRSH_LEVL": 2, "PRIMARY_CA": 20, "PRIMARY__1": "Inattention", "SECONDARY_": "0", "SECONDARY1": " ", "LATITUDE": 35.225943, "LONGITUDE": -80.904326, "StreetID": null }, "geometry": { "type": "Point", "coordinates": [ -80.904322740596598, 35.225936120899497 ] } },
{ "type": "Feature", "properties": { "OBJECTID": 6142, "CRSH_ID": 1245862, "DATE_VAL_Y": 2024, "DATE_VAL_M": 2, "DATE_VAL_1": "February", "DATE_VAL_D": 21, "DAY_OF_WEE": 4, "DAY_OF_W_1": "Wednesday", "MILT_TIME": 145, "CASE_NUM": 20240210014500, "CRSH_TYPE_": 30, "CRASH_TYPE": "Angle", "CRSH_LEVL": 1, "PRIMARY_CA": 4, "PRIMARY__1": "Disregarded traffic signals", "SECONDARY_": "0", "SECONDARY1": " ", "LATITUDE": 35.209865, "LONGITUDE": -80.75718, "StreetID": null }, "geometry": { "type": "Point", "coordinates": [ -80.757176783507902, 35.209858117739799 ] } },
{ "type": "Feature", "properties": { "OBJECTID": 6143, "CRSH_ID": 1206012, "DATE_VAL_Y": 2023, "DATE_VAL_M": 3, "DATE_VAL_1": "March", "DATE_VAL_D": 25, "DAY_OF_WEE": 7, "DAY_OF_W_1": "Saturday", "MILT_TIME": 1544, "CASE_NUM": 20230325154402, "CRSH_TYPE_": 26, "CRASH_TYPE": "Right turn, different roadways", "CRSH_LEVL": 1, "PRIMARY_CA": 34, "PRIMARY__1": "Unknown", "SECONDARY_": "0", "SECONDARY1": " ", "LATITUDE": 35.226295, "LONGITUDE": -80.910094, "StreetID": null }, "geometry": { "type": "Point", "coordinates": [ -80.9100907385657, 35.226288121155399 ] } },
{ "type": "Feature", "properties": { "OBJECTID": 6144, "CRSH_ID": 1242147, "DATE_VAL_Y": 2024, "DATE_VAL_M": 1, "DATE_VAL_1": "January", "DATE_VAL_D": 16, "DAY_OF_WEE": 3, "DAY_OF_W_1": "Tuesday", "MILT_TIME": 1010, "CASE_NUM": 20240116101303, "CRSH_TYPE_": 14, "CRASH_TYPE": "Pedestrian", "CRSH_LEVL": 2, "PRIMARY_CA": 8, "PRIMARY__1": "Failure to reduce speed", "SECONDARY_": "0", "SECONDARY1": " ", "LATITUDE": 35.203581, "LONGITUDE": -80.726072, "StreetID": null }, "geometry": { "type": "Point", "coordinates": [ -80.726068793517896, 35.2035741180038 ] } },
{ "type": "Feature", "properties": { "OBJECTID": 6145, "CRSH_ID": 1222631, "DATE_VAL_Y": 2023, "DATE_VAL_M": 8, "DATE_VAL_1": "August", "DATE_VAL_D": 8, "DAY_OF_WEE": 3, "DAY_OF_W_1": "Tuesday", "MILT_TIME": 309, "CASE_NUM": 20230808030900, "CRSH_TYPE_": 19, "CRASH_TYPE": "Fixed object", "CRSH_LEVL": 2, "PRIMARY_CA": 3, "PRIMARY__1": "Disregarded other traffic signs", "SECONDARY_": "0", "SECONDARY1": " ", "LATITUDE": 35.235989, "LONGITUDE": -80.839352, "StreetID": null }, "geometry": { "type": "Point", "coordinates": [ -80.839348759204995, 35.235982116317501 ] } },
{ "type": "Feature", "properties": { "OBJECTID": 6146, "CRSH_ID": 1035617, "DATE_VAL_Y": 2020, "DATE_VAL_M": 6, "DATE_VAL_1": "June", "DATE_VAL_D": 17, "DAY_OF_WEE": 4, "DAY_OF_W_1": "Wednesday", "MILT_TIME": 2021, "CASE_NUM": 20200614202101, "CRSH_TYPE_": 2, "CRASH_TYPE": "Ran off road left", "CRSH_LEVL": 1, "PRIMARY_CA": 6, "PRIMARY__1": "Exceeded authorized speed limit", "SECONDARY_": "0", "SECONDARY1": " ", "LATITUDE": 35.240239, "LONGITUDE": -80.924954, "StreetID": null }, "geometry": { "type": "Point", "coordinates": [ -80.924950733761094, 35.240232116977801 ] } },
{ "type": "Feature", "properties": { "OBJECTID": 6147, "CRSH_ID": 1037213, "DATE_VAL_Y": 2020, "DATE_VAL_M": 8, "DATE_VAL_1": "August", "DATE_VAL_D": 4, "DAY_OF_WEE": 3, "DAY_OF_W_1": "Tuesday", "MILT_TIME": 2245, "CASE_NUM": 20200804225101, "CRSH_TYPE_": 21, "CRASH_TYPE": "Rear end, slow or stop", "CRSH_LEVL": 2, "PRIMARY_CA": 19, "PRIMARY__1": "Failed to yield right of way", "SECONDARY_": "0", "SECONDARY1": " ", "LATITUDE": 35.134584, "LONGITUDE": -80.782344, "StreetID": null }, "geometry": { "type": "Point", "coordinates": [ -80.782340781466601, 35.134577134976396 ] } },
{ "type": "Feature", "properties": { "OBJECTID": 6148, "CRSH_ID": 1249165, "DATE_VAL_Y": 2024, "DATE_VAL_M": 3, "DATE_VAL_1": "March", "DATE_VAL_D": 11, "DAY_OF_WEE": 2, "DAY_OF_W_1": "Monday", "MILT_TIME": 2115, "CASE_NUM": 20240311211500, "CRSH_TYPE_": 14, "CRASH_TYPE": "Pedestrian", "CRSH_LEVL": 1, "PRIMARY_CA": 0, "PRIMARY__1": "No contributing circumstance indicated", "SECONDARY_": "0", "SECONDARY1": " ", "LATITUDE": 35.20303, "LONGITUDE": -80.73805, "StreetID": null }, "geometry": { "type": "Point", "coordinates": [ -80.738046790815005, 35.203023119507201 ] } },
{ "type": "Feature", "properties": { "OBJECTID": 6149, "CRSH_ID": 1040487, "DATE_VAL_Y": 2020, "DATE_VAL_M": 8, "DATE_VAL_1": "August", "DATE_VAL_D": 22, "DAY_OF_WEE": 7, "DAY_OF_W_1": "Saturday", "MILT_TIME": 1411, "CASE_NUM": 20200822141101, "CRSH_TYPE_": 27, "CRASH_TYPE": "Head on", "CRSH_LEVL": 2, "PRIMARY_CA": 0, "PRIMARY__1": "No contributing circumstance indicated", "SECONDARY_": "0", "SECONDARY1": " ", "LATITUDE": 35.260185, "LONGITUDE": -80.960792, "StreetID": null }, "geometry": { "type": "Point", "coordinates": [ -80.960788721815604, 35.260178114483502 ] } },
{ "type": "Feature", "properties": { "OBJECTID": 6150, "CRSH_ID": 1035825, "DATE_VAL_Y": 2020, "DATE_VAL_M": 5, "DATE_VAL_1": "May", "DATE_VAL_D": 18, "DAY_OF_WEE": 2, "DAY_OF_W_1": "Monday", "MILT_TIME": 1647, "CASE_NUM": 20200518164703, "CRSH_TYPE_": 3, "CRASH_TYPE": "Ran off road straight ahead", "CRSH_LEVL": 1, "PRIMARY_CA": 2, "PRIMARY__1": "Disregarded stop sign", "SECONDARY_": "0", "SECONDARY1": " ", "LATITUDE": 35.298979, "LONGITUDE": -80.6893, "StreetID": null }, "geometry": { "type": "Point", "coordinates": [ -80.689296800159894, 35.298972097755197 ] } },
{ "type": "Feature", "properties": { "OBJECTID": 6151, "CRSH_ID": 1101092, "DATE_VAL_Y": 2021, "DATE_VAL_M": 6, "DATE_VAL_1": "June", "DATE_VAL_D": 5, "DAY_OF_WEE": 7, "DAY_OF_W_1": "Saturday", "MILT_TIME": 2040, "CASE_NUM": 20210605204203, "CRSH_TYPE_": 2, "CRASH_TYPE": "Ran off road left", "CRSH_LEVL": 2, "PRIMARY_CA": 11, "PRIMARY__1": "Crossed centerline/going wrong way", "SECONDARY_": "0", "SECONDARY1": " ", "LATITUDE": 35.32569, "LONGITUDE": -80.70598, "StreetID": null }, "geometry": { "type": "Point", "coordinates": [ -80.705976793384806, 35.325683090824803 ] } },
{ "type": "Feature", "properties": { "OBJECTID": 6152, "CRSH_ID": 1267772, "DATE_VAL_Y": 2024, "DATE_VAL_M": 8, "DATE_VAL_1": "August", "DATE_VAL_D": 18, "DAY_OF_WEE": 1, "DAY_OF_W_1": "Sunday", "MILT_TIME": 1702, "CASE_NUM": 20240818170205, "CRSH_TYPE_": 14, "CRASH_TYPE": "Pedestrian", "CRSH_LEVL": 1, "PRIMARY_CA": 0, "PRIMARY__1": "No contributing circumstance indicated", "SECONDARY_": "0", "SECONDARY1": " ", "LATITUDE": 35.200909, "LONGITUDE": -80.777265, "StreetID": null }, "geometry": { "type": "Point", "coordinates": [ -80.777261779263497, 35.200902121058903 ] } },
{ "type": "Feature", "properties": { "OBJECTID": 6153, "CRSH_ID": 1127480, "DATE_VAL_Y": 2021, "DATE_VAL_M": 12, "DATE_VAL_1": "December", "DATE_VAL_D": 6, "DAY_OF_WEE": 2, "DAY_OF_W_1": "Monday", "MILT_TIME": 1137, "CASE_NUM": 20211206113705, "CRSH_TYPE_": 30, "CRASH_TYPE": "Angle", "CRSH_LEVL": 1, "PRIMARY_CA": 20, "PRIMARY__1": "Inattention", "SECONDARY_": "0", "SECONDARY1": " ", "LATITUDE": 35.20731, "LONGITUDE": -80.71137, "StreetID": null }, "geometry": { "type": "Point", "coordinates": [ -80.711366798850094, 35.2073031175727 ] } },
{ "type": "Feature", "properties": { "OBJECTID": 6154, "CRSH_ID": 1163939, "DATE_VAL_Y": 2022, "DATE_VAL_M": 6, "DATE_VAL_1": "June", "DATE_VAL_D": 24, "DAY_OF_WEE": 6, "DAY_OF_W_1": "Friday", "MILT_TIME": 2120, "CASE_NUM": 20220624212000, "CRSH_TYPE_": 30, "CRASH_TYPE": "Angle", "CRSH_LEVL": 2, "PRIMARY_CA": 7, "PRIMARY__1": "Exceeded safe speed for conditions", "SECONDARY_": "0", "SECONDARY1": " ", "LATITUDE": 35.136444, "LONGITUDE": -80.977806, "StreetID": null }, "geometry": { "type": "Point", "coordinates": [ -80.9778027230373, 35.136437142302597 ] } },
{ "type": "Feature", "properties": { "OBJECTID": 6155, "CRSH_ID": 1131320, "DATE_VAL_Y": 2022, "DATE_VAL_M": 1, "DATE_VAL_1": "January", "DATE_VAL_D": 19, "DAY_OF_WEE": 4, "DAY_OF_W_1": "Wednesday", "MILT_TIME": 1616, "CASE_NUM": 20220119161600, "CRSH_TYPE_": 23, "CRASH_TYPE": "Left turn, same roadway", "CRSH_LEVL": 2, "PRIMARY_CA": 19, "PRIMARY__1": "Failed to yield right of way", "SECONDARY_": "0", "SECONDARY1": " ", "LATITUDE": 35.24872, "LONGITUDE": -80.815787, "StreetID": null }, "geometry": { "type": "Point", "coordinates": [ -80.815783765689204, 35.248713111827399 ] } },
{ "type": "Feature", "properties": { "OBJECTID": 6156, "CRSH_ID": 998949, "DATE_VAL_Y": 2020, "DATE_VAL_M": 1, "DATE_VAL_1": "January", "DATE_VAL_D": 25, "DAY_OF_WEE": 7, "DAY_OF_W_1": "Saturday", "MILT_TIME": 8, "CASE_NUM": 20200125000802, "CRSH_TYPE_": 2, "CRASH_TYPE": "Ran off road left", "CRSH_LEVL": 2, "PRIMARY_CA": 6, "PRIMARY__1": "Exceeded authorized speed limit", "SECONDARY_": "0", "SECONDARY1": " ", "LATITUDE": 35.301086, "LONGITUDE": -80.80566, "StreetID": null }, "geometry": { "type": "Point", "coordinates": [ -80.805656765608902, 35.301079100487598 ] } },
{ "type": "Feature", "properties": { "OBJECTID": 6157, "CRSH_ID": 1069227, "DATE_VAL_Y": 2021, "DATE_VAL_M": 1, "DATE_VAL_1": "January", "DATE_VAL_D": 7, "DAY_OF_WEE": 5, "DAY_OF_W_1": "Thursday", "MILT_TIME": 2229, "CASE_NUM": 20210107222901, "CRSH_TYPE_": 14, "CRASH_TYPE": "Pedestrian", "CRSH_LEVL": 2, "PRIMARY_CA": 0, "PRIMARY__1": "No contributing circumstance indicated", "SECONDARY_": "0", "SECONDARY1": " ", "LATITUDE": 35.196934, "LONGITUDE": -80.762715, "StreetID": null }, "geometry": { "type": "Point", "coordinates": [ -80.762711783958906, 35.196927121192097 ] } },
{ "type": "Feature", "properties": { "OBJECTID": 6158, "CRSH_ID": 1212227, "DATE_VAL_Y": 2023, "DATE_VAL_M": 5, "DATE_VAL_1": "May", "DATE_VAL_D": 17, "DAY_OF_WEE": 4, "DAY_OF_W_1": "Wednesday", "MILT_TIME": 1508, "CASE_NUM": 20230517150805, "CRSH_TYPE_": 28, "CRASH_TYPE": "Sideswipe, same direction", "CRSH_LEVL": 2, "PRIMARY_CA": 25, "PRIMARY__1": "Followed too closely", "SECONDARY_": "0", "SECONDARY1": " ", "LATITUDE": 35.313846, "LONGITUDE": -80.751687, "StreetID": null }, "geometry": { "type": "Point", "coordinates": [ -80.751683780626294, 35.313839096243697 ] } },
{ "type": "Feature", "properties": { "OBJECTID": 6159, "CRSH_ID": 2244264, "DATE_VAL_Y": 2021, "DATE_VAL_M": 10, "DATE_VAL_1": "October", "DATE_VAL_D": 31, "DAY_OF_WEE": 1, "DAY_OF_W_1": "Sunday", "MILT_TIME": 1447, "CASE_NUM": 20211031144701, "CRSH_TYPE_": 28, "CRASH_TYPE": "Sideswipe, same direction", "CRSH_LEVL": 1, "PRIMARY_CA": 12, "PRIMARY__1": "Improper lane change", "SECONDARY_": "0", "SECONDARY1": " ", "LATITUDE": 35.225148, "LONGITUDE": -80.866286, "StreetID": null }, "geometry": { "type": "Point", "coordinates": [ -80.866282752063796, 35.225141119965699 ] } },
{ "type": "Feature", "properties": { "OBJECTID": 6160, "CRSH_ID": 1268207, "DATE_VAL_Y": 2024, "DATE_VAL_M": 8, "DATE_VAL_1": "August", "DATE_VAL_D": 26, "DAY_OF_WEE": 2, "DAY_OF_W_1": "Monday", "MILT_TIME": 2147, "CASE_NUM": 20240826214702, "CRSH_TYPE_": 14, "CRASH_TYPE": "Pedestrian", "CRSH_LEVL": 2, "PRIMARY_CA": 34, "PRIMARY__1": "Unknown", "SECONDARY_": "12", "SECONDARY1": "Unknown", "LATITUDE": 35.244827, "LONGITUDE": -80.780762, "StreetID": null }, "geometry": { "type": "Point", "coordinates": [ -80.780758775707696, 35.244820111573901 ] } },
{ "type": "Feature", "properties": { "OBJECTID": 6161, "CRSH_ID": 1279981, "DATE_VAL_Y": 2024, "DATE_VAL_M": 11, "DATE_VAL_1": "November", "DATE_VAL_D": 20, "DAY_OF_WEE": 4, "DAY_OF_W_1": "Wednesday", "MILT_TIME": 2008, "CASE_NUM": 20241120200800, "CRSH_TYPE_": 14, "CRASH_TYPE": "Pedestrian", "CRSH_LEVL": 1, "PRIMARY_CA": 0, "PRIMARY__1": "No contributing circumstance indicated", "SECONDARY_": "0", "SECONDARY1": " ", "LATITUDE": 35.157253, "LONGITUDE": -80.877224, "StreetID": null }, "geometry": { "type": "Point", "coordinates": [ -80.877220751971095, 35.157246133805302 ] } },
{ "type": "Feature", "properties": { "OBJECTID": 6162, "CRSH_ID": 1124031, "DATE_VAL_Y": 2021, "DATE_VAL_M": 10, "DATE_VAL_1": "October", "DATE_VAL_D": 31, "DAY_OF_WEE": 1, "DAY_OF_W_1": "Sunday", "MILT_TIME": 1447, "CASE_NUM": 20211031144701, "CRSH_TYPE_": 28, "CRASH_TYPE": "Sideswipe, same direction", "CRSH_LEVL": 2, "PRIMARY_CA": 34, "PRIMARY__1": "Unknown", "SECONDARY_": "0", "SECONDARY1": " ", "LATITUDE": 35.225264, "LONGITUDE": -80.864001, "StreetID": null }, "geometry": { "type": "Point", "coordinates": [ -80.863997751099902, 35.2252571190119 ] } },
{ "type": "Feature", "properties": { "OBJECTID": 6163, "CRSH_ID": 1256989, "DATE_VAL_Y": 2024, "DATE_VAL_M": 5, "DATE_VAL_1": "May", "DATE_VAL_D": 17, "DAY_OF_WEE": 6, "DAY_OF_W_1": "Friday", "MILT_TIME": 1728, "CASE_NUM": 20240517172801, "CRSH_TYPE_": 14, "CRASH_TYPE": "Pedestrian", "CRSH_LEVL": 2, "PRIMARY_CA": 33, "PRIMARY__1": "Unable to determine", "SECONDARY_": "0", "SECONDARY1": " ", "LATITUDE": 35.208292, "LONGITUDE": -80.742928, "StreetID": null }, "geometry": { "type": "Point", "coordinates": [ -80.742924789733095, 35.2082851175877 ] } },
{ "type": "Feature", "properties": { "OBJECTID": 6164, "CRSH_ID": 1081287, "DATE_VAL_Y": 2021, "DATE_VAL_M": 1, "DATE_VAL_1": "January", "DATE_VAL_D": 4, "DAY_OF_WEE": 2, "DAY_OF_W_1": "Monday", "MILT_TIME": 1921, "CASE_NUM": 20210104192100, "CRSH_TYPE_": 14, "CRASH_TYPE": "Pedestrian", "CRSH_LEVL": 1, "PRIMARY_CA": 0, "PRIMARY__1": "No contributing circumstance indicated", "SECONDARY_": "0", "SECONDARY1": " ", "LATITUDE": 35.215903, "LONGITUDE": -80.784446, "StreetID": null }, "geometry": { "type": "Point", "coordinates": [ -80.7844427769557, 35.215896118109903 ] } },
{ "type": "Feature", "properties": { "OBJECTID": 6165, "CRSH_ID": 1210476, "DATE_VAL_Y": 2023, "DATE_VAL_M": 5, "DATE_VAL_1": "May", "DATE_VAL_D": 4, "DAY_OF_WEE": 5, "DAY_OF_W_1": "Thursday", "MILT_TIME": 550, "CASE_NUM": 20230504055001, "CRSH_TYPE_": 14, "CRASH_TYPE": "Pedestrian", "CRSH_LEVL": 1, "PRIMARY_CA": 0, "PRIMARY__1": "No contributing circumstance indicated", "SECONDARY_": "0", "SECONDARY1": " ", "LATITUDE": 35.33468, "LONGITUDE": -80.71831, "StreetID": null }, "geometry": { "type": "Point", "coordinates": [ -80.718306789584702, 35.33467309129 ] } },
{ "type": "Feature", "properties": { "OBJECTID": 6166, "CRSH_ID": 1051943, "DATE_VAL_Y": 2020, "DATE_VAL_M": 10, "DATE_VAL_1": "October", "DATE_VAL_D": 16, "DAY_OF_WEE": 6, "DAY_OF_W_1": "Friday", "MILT_TIME": 1147, "CASE_NUM": 20201016114700, "CRSH_TYPE_": 30, "CRASH_TYPE": "Angle", "CRSH_LEVL": 2, "PRIMARY_CA": 20, "PRIMARY__1": "Inattention", "SECONDARY_": "0", "SECONDARY1": "None (no unusual conditions)", "LATITUDE": 35.168108, "LONGITUDE": -80.964285, "StreetID": null }, "geometry": { "type": "Point", "coordinates": [ -80.964281724932405, 35.168101134908198 ] } },
{ "type": "Feature", "properties": { "OBJECTID": 6167, "CRSH_ID": 1196256, "DATE_VAL_Y": 2022, "DATE_VAL_M": 12, "DATE_VAL_1": "December", "DATE_VAL_D": 30, "DAY_OF_WEE": 6, "DAY_OF_W_1": "Friday", "MILT_TIME": 2059, "CASE_NUM": 20221230205900, "CRSH_TYPE_": 14, "CRASH_TYPE": "Pedestrian", "CRSH_LEVL": 2, "PRIMARY_CA": 0, "PRIMARY__1": "No contributing circumstance indicated", "SECONDARY_": "0", "SECONDARY1": " ", "LATITUDE": 35.290668, "LONGITUDE": -80.756911, "StreetID": null }, "geometry": { "type": "Point", "coordinates": [ -80.756907781230097, 35.290661101157902 ] } },
{ "type": "Feature", "properties": { "OBJECTID": 6168, "CRSH_ID": 1221126, "DATE_VAL_Y": 2023, "DATE_VAL_M": 7, "DATE_VAL_1": "July", "DATE_VAL_D": 30, "DAY_OF_WEE": 1, "DAY_OF_W_1": "Sunday", "MILT_TIME": 1305, "CASE_NUM": 20230730130500, "CRSH_TYPE_": 21, "CRASH_TYPE": "Rear end, slow or stop", "CRSH_LEVL": 2, "PRIMARY_CA": 6, "PRIMARY__1": "Exceeded authorized speed limit", "SECONDARY_": "0", "SECONDARY1": " ", "LATITUDE": 35.25106, "LONGITUDE": -80.75813, "StreetID": null }, "geometry": { "type": "Point", "coordinates": [ -80.758126782015296, 35.251053109296997 ] } },
{ "type": "Feature", "properties": { "OBJECTID": 6169, "CRSH_ID": 1272895, "DATE_VAL_Y": 2024, "DATE_VAL_M": 9, "DATE_VAL_1": "September", "DATE_VAL_D": 28, "DAY_OF_WEE": 7, "DAY_OF_W_1": "Saturday", "MILT_TIME": 2255, "CASE_NUM": 20240928225500, "CRSH_TYPE_": 14, "CRASH_TYPE": "Pedestrian", "CRSH_LEVL": 1, "PRIMARY_CA": 0, "PRIMARY__1": "No contributing circumstance indicated", "SECONDARY_": "0", "SECONDARY1": " ", "LATITUDE": 35.241244, "LONGITUDE": -80.887617, "StreetID": null }, "geometry": { "type": "Point", "coordinates": [ -80.887613744199498, 35.241237115595602 ] } },
{ "type": "Feature", "properties": { "OBJECTID": 6170, "CRSH_ID": 1121418, "DATE_VAL_Y": 2021, "DATE_VAL_M": 10, "DATE_VAL_1": "October", "DATE_VAL_D": 7, "DAY_OF_WEE": 5, "DAY_OF_W_1": "Thursday", "MILT_TIME": 1602, "CASE_NUM": 20211007160300, "CRSH_TYPE_": 14, "CRASH_TYPE": "Pedestrian", "CRSH_LEVL": 2, "PRIMARY_CA": 0, "PRIMARY__1": "No contributing circumstance indicated", "SECONDARY_": "0", "SECONDARY1": " ", "LATITUDE": 35.097841, "LONGITUDE": -80.971637, "StreetID": null }, "geometry": { "type": "Point", "coordinates": [ -80.971633726829296, 35.097834150427502 ] } },
{ "type": "Feature", "properties": { "OBJECTID": 6171, "CRSH_ID": 1271275, "DATE_VAL_Y": 2024, "DATE_VAL_M": 9, "DATE_VAL_1": "September", "DATE_VAL_D": 18, "DAY_OF_WEE": 4, "DAY_OF_W_1": "Wednesday", "MILT_TIME": 55, "CASE_NUM": 20240918005703, "CRSH_TYPE_": 27, "CRASH_TYPE": "Head on", "CRSH_LEVL": 2, "PRIMARY_CA": 11, "PRIMARY__1": "Crossed centerline/going wrong way", "SECONDARY_": "0", "SECONDARY1": " ", "LATITUDE": 35.294681, "LONGITUDE": -80.793803, "StreetID": null }, "geometry": { "type": "Point", "coordinates": [ -80.793799769572601, 35.294674101647097 ] } },
{ "type": "Feature", "properties": { "OBJECTID": 6172, "CRSH_ID": 1127453, "DATE_VAL_Y": 2021, "DATE_VAL_M": 12, "DATE_VAL_1": "December", "DATE_VAL_D": 5, "DAY_OF_WEE": 1, "DAY_OF_W_1": "Sunday", "MILT_TIME": 908, "CASE_NUM": 20211205090802, "CRSH_TYPE_": 1, "CRASH_TYPE": "Ran off road right", "CRSH_LEVL": 2, "PRIMARY_CA": 30, "PRIMARY__1": "Alcohol use", "SECONDARY_": "0", "SECONDARY1": " ", "LATITUDE": 35.28836, "LONGITUDE": -80.82202, "StreetID": null }, "geometry": { "type": "Point", "coordinates": [ -80.822016761752593, 35.288353103761303 ] } },
{ "type": "Feature", "properties": { "OBJECTID": 6173, "CRSH_ID": 1257470, "DATE_VAL_Y": 2024, "DATE_VAL_M": 5, "DATE_VAL_1": "May", "DATE_VAL_D": 24, "DAY_OF_WEE": 6, "DAY_OF_W_1": "Friday", "MILT_TIME": 30, "CASE_NUM": 20240524003200, "CRSH_TYPE_": 14, "CRASH_TYPE": "Pedestrian", "CRSH_LEVL": 2, "PRIMARY_CA": 0, "PRIMARY__1": "No contributing circumstance indicated", "SECONDARY_": "0", "SECONDARY1": " ", "LATITUDE": 35.271115, "LONGITUDE": -80.794071, "StreetID": null }, "geometry": { "type": "Point", "coordinates": [ -80.794067768948196, 35.271108106344101 ] } },
{ "type": "Feature", "properties": { "OBJECTID": 6174, "CRSH_ID": 1018142, "DATE_VAL_Y": 2020, "DATE_VAL_M": 3, "DATE_VAL_1": "March", "DATE_VAL_D": 8, "DAY_OF_WEE": 1, "DAY_OF_W_1": "Sunday", "MILT_TIME": 333, "CASE_NUM": 20200308033301, "CRSH_TYPE_": 23, "CRASH_TYPE": "Left turn, same roadway", "CRSH_LEVL": 1, "PRIMARY_CA": 30, "PRIMARY__1": "Alcohol use", "SECONDARY_": "0", "SECONDARY1": " ", "LATITUDE": 35.224451, "LONGITUDE": -80.896461, "StreetID": null }, "geometry": { "type": "Point", "coordinates": [ -80.896457742928405, 35.224444120481799 ] } },
{ "type": "Feature", "properties": { "OBJECTID": 6175, "CRSH_ID": 1075495, "DATE_VAL_Y": 2021, "DATE_VAL_M": 2, "DATE_VAL_1": "February", "DATE_VAL_D": 6, "DAY_OF_WEE": 7, "DAY_OF_W_1": "Saturday", "MILT_TIME": 2210, "CASE_NUM": 20210206221000, "CRSH_TYPE_": 1, "CRASH_TYPE": "Ran off road right", "CRSH_LEVL": 2, "PRIMARY_CA": 28, "PRIMARY__1": "Visibility obstructed", "SECONDARY_": "0", "SECONDARY1": " ", "LATITUDE": 35.14532, "LONGITUDE": -80.89929, "StreetID": null }, "geometry": { "type": "Point", "coordinates": [ -80.899286745488794, 35.145313137523303 ] } },
{ "type": "Feature", "properties": { "OBJECTID": 6176, "CRSH_ID": 1144381, "DATE_VAL_Y": 2022, "DATE_VAL_M": 6, "DATE_VAL_1": "June", "DATE_VAL_D": 5, "DAY_OF_WEE": 1, "DAY_OF_W_1": "Sunday", "MILT_TIME": 1058, "CASE_NUM": 20220605105803, "CRSH_TYPE_": 1, "CRASH_TYPE": "Ran off road right", "CRSH_LEVL": 2, "PRIMARY_CA": 33, "PRIMARY__1": "Unable to determine", "SECONDARY_": "0", "SECONDARY1": " ", "LATITUDE": 35.303888, "LONGITUDE": -80.982603, "StreetID": null }, "geometry": { "type": "Point", "coordinates": [ -80.982599712041903, 35.303881107396997 ] } },
{ "type": "Feature", "properties": { "OBJECTID": 6177, "CRSH_ID": 1089084, "DATE_VAL_Y": 2021, "DATE_VAL_M": 4, "DATE_VAL_1": "April", "DATE_VAL_D": 12, "DAY_OF_WEE": 2, "DAY_OF_W_1": "Monday", "MILT_TIME": 1602, "CASE_NUM": 20210412160202, "CRSH_TYPE_": 24, "CRASH_TYPE": "Left turn, different roadways", "CRSH_LEVL": 2, "PRIMARY_CA": 19, "PRIMARY__1": "Failed to yield right of way", "SECONDARY_": "0", "SECONDARY1": " ", "LATITUDE": 35.208447, "LONGITUDE": -80.812784, "StreetID": null }, "geometry": { "type": "Point", "coordinates": [ -80.812780768799499, 35.208440121173098 ] } },
{ "type": "Feature", "properties": { "OBJECTID": 6178, "CRSH_ID": 1103090, "DATE_VAL_Y": 2021, "DATE_VAL_M": 6, "DATE_VAL_1": "June", "DATE_VAL_D": 3, "DAY_OF_WEE": 5, "DAY_OF_W_1": "Thursday", "MILT_TIME": 829, "CASE_NUM": 20210603082900, "CRSH_TYPE_": 2, "CRASH_TYPE": "Ran off road left", "CRSH_LEVL": 1, "PRIMARY_CA": 0, "PRIMARY__1": " ", "SECONDARY_": "0", "SECONDARY1": " ", "LATITUDE": 35.265934, "LONGITUDE": -80.854041, "StreetID": null }, "geometry": { "type": "Point", "coordinates": [ -80.854037752194301, 35.265927108787402 ] } },
{ "type": "Feature", "properties": { "OBJECTID": 6179, "CRSH_ID": 1133410, "DATE_VAL_Y": 2022, "DATE_VAL_M": 2, "DATE_VAL_1": "February", "DATE_VAL_D": 11, "DAY_OF_WEE": 6, "DAY_OF_W_1": "Friday", "MILT_TIME": 2350, "CASE_NUM": 20220211235600, "CRSH_TYPE_": 2, "CRASH_TYPE": "Ran off road left", "CRSH_LEVL": 2, "PRIMARY_CA": 11, "PRIMARY__1": "Crossed centerline/going wrong way", "SECONDARY_": "0", "SECONDARY1": " ", "LATITUDE": 35.093318, "LONGITUDE": -80.842819, "StreetID": null }, "geometry": { "type": "Point", "coordinates": [ -80.842815765657306, 35.093311147012599 ] } },
{ "type": "Feature", "properties": { "OBJECTID": 6180, "CRSH_ID": 1227116, "DATE_VAL_Y": 2023, "DATE_VAL_M": 9, "DATE_VAL_1": "September", "DATE_VAL_D": 16, "DAY_OF_WEE": 7, "DAY_OF_W_1": "Saturday", "MILT_TIME": 2354, "CASE_NUM": 20230916235401, "CRSH_TYPE_": 27, "CRASH_TYPE": "Head on", "CRSH_LEVL": 2, "PRIMARY_CA": 33, "PRIMARY__1": "Unable to determine", "SECONDARY_": "0", "SECONDARY1": " ", "LATITUDE": 35.134726, "LONGITUDE": -80.891843, "StreetID": null }, "geometry": { "type": "Point", "coordinates": [ -80.891839749419105, 35.134719139677799 ] } },
{ "type": "Feature", "properties": { "OBJECTID": 6181, "CRSH_ID": 2244268, "DATE_VAL_Y": 2023, "DATE_VAL_M": 4, "DATE_VAL_1": "April", "DATE_VAL_D": 14, "DAY_OF_WEE": 6, "DAY_OF_W_1": "Friday", "MILT_TIME": 700, "CASE_NUM": 20230414070001, "CRSH_TYPE_": 15, "CRASH_TYPE": "Pedalcyclist", "CRSH_LEVL": 1, "PRIMARY_CA": 19, "PRIMARY__1": "Failed to yield right of way", "SECONDARY_": "0", "SECONDARY1": " ", "LATITUDE": 35.294092, "LONGITUDE": -80.726739, "StreetID": null }, "geometry": { "type": "Point", "coordinates": [ -80.726735790129595, 35.294085099933397 ] } },
{ "type": "Feature", "properties": { "OBJECTID": 6182, "CRSH_ID": 1172228, "DATE_VAL_Y": 2022, "DATE_VAL_M": 9, "DATE_VAL_1": "September", "DATE_VAL_D": 8, "DAY_OF_WEE": 5, "DAY_OF_W_1": "Thursday", "MILT_TIME": 36, "CASE_NUM": 20220903003600, "CRSH_TYPE_": 14, "CRASH_TYPE": "Pedestrian", "CRSH_LEVL": 1, "PRIMARY_CA": 0, "PRIMARY__1": "No contributing circumstance indicated", "SECONDARY_": "0", "SECONDARY1": " ", "LATITUDE": 35.240623, "LONGITUDE": -80.65873, "StreetID": null }, "geometry": { "type": "Point", "coordinates": [ -80.658726812294304, 35.240616109164698 ] } },
{ "type": "Feature", "properties": { "OBJECTID": 6183, "CRSH_ID": 1167265, "DATE_VAL_Y": 2022, "DATE_VAL_M": 7, "DATE_VAL_1": "July", "DATE_VAL_D": 25, "DAY_OF_WEE": 2, "DAY_OF_W_1": "Monday", "MILT_TIME": 1344, "CASE_NUM": 20220725134400, "CRSH_TYPE_": 1, "CRASH_TYPE": "Ran off road right", "CRSH_LEVL": 2, "PRIMARY_CA": 33, "PRIMARY__1": "Unable to determine", "SECONDARY_": "0", "SECONDARY1": " ", "LATITUDE": 35.238338, "LONGITUDE": -80.755418, "StreetID": null }, "geometry": { "type": "Point", "coordinates": [ -80.755414782892501, 35.238331111458201 ] } },
{ "type": "Feature", "properties": { "OBJECTID": 6184, "CRSH_ID": 1167657, "DATE_VAL_Y": 2022, "DATE_VAL_M": 7, "DATE_VAL_1": "July", "DATE_VAL_D": 28, "DAY_OF_WEE": 5, "DAY_OF_W_1": "Thursday", "MILT_TIME": 2005, "CASE_NUM": 20220728200500, "CRSH_TYPE_": 21, "CRASH_TYPE": "Rear end, slow or stop", "CRSH_LEVL": 2, "PRIMARY_CA": 20, "PRIMARY__1": "Inattention", "SECONDARY_": "0", "SECONDARY1": " ", "LATITUDE": 35.332455, "LONGITUDE": -80.810016, "StreetID": null }, "geometry": { "type": "Point", "coordinates": [ -80.810012763230006, 35.332448094180201 ] } },
{ "type": "Feature", "properties": { "OBJECTID": 6185, "CRSH_ID": 1240545, "DATE_VAL_Y": 2023, "DATE_VAL_M": 12, "DATE_VAL_1": "December", "DATE_VAL_D": 22, "DAY_OF_WEE": 6, "DAY_OF_W_1": "Friday", "MILT_TIME": 1745, "CASE_NUM": 20231222174501, "CRSH_TYPE_": 14, "CRASH_TYPE": "Pedestrian", "CRSH_LEVL": 1, "PRIMARY_CA": 0, "PRIMARY__1": "No contributing circumstance indicated", "SECONDARY_": "0", "SECONDARY1": " ", "LATITUDE": 35.215818, "LONGITUDE": -80.783083, "StreetID": null }, "geometry": { "type": "Point", "coordinates": [ -80.783079777265201, 35.215811117653303 ] } },
{ "type": "Feature", "properties": { "OBJECTID": 6186, "CRSH_ID": 2244281, "DATE_VAL_Y": 2024, "DATE_VAL_M": 8, "DATE_VAL_1": "August", "DATE_VAL_D": 16, "DAY_OF_WEE": 6, "DAY_OF_W_1": "Friday", "MILT_TIME": 918, "CASE_NUM": 20240816091803, "CRSH_TYPE_": 14, "CRASH_TYPE": "Pedestrian", "CRSH_LEVL": 1, "PRIMARY_CA": 0, "PRIMARY__1": " ", "SECONDARY_": "0", "SECONDARY1": " ", "LATITUDE": 35.222133, "LONGITUDE": -80.863037, "StreetID": null }, "geometry": { "type": "Point", "coordinates": [ -80.863033752270994, 35.222126119814497 ] } },
{ "type": "Feature", "properties": { "OBJECTID": 6187, "CRSH_ID": 1267548, "DATE_VAL_Y": 2024, "DATE_VAL_M": 8, "DATE_VAL_1": "August", "DATE_VAL_D": 20, "DAY_OF_WEE": 3, "DAY_OF_W_1": "Tuesday", "MILT_TIME": 338, "CASE_NUM": 20240820033801, "CRSH_TYPE_": 23, "CRASH_TYPE": "Left turn, same roadway", "CRSH_LEVL": 1, "PRIMARY_CA": 34, "PRIMARY__1": "Unknown", "SECONDARY_": "0", "SECONDARY1": " ", "LATITUDE": 35.116824, "LONGITUDE": -80.928577, "StreetID": null }, "geometry": { "type": "Point", "coordinates": [ -80.928573738286104, 35.116817144809502 ] } },
{ "type": "Feature", "properties": { "OBJECTID": 6188, "CRSH_ID": 1092752, "DATE_VAL_Y": 2021, "DATE_VAL_M": 1, "DATE_VAL_1": "January", "DATE_VAL_D": 6, "DAY_OF_WEE": 4, "DAY_OF_W_1": "Wednesday", "MILT_TIME": 1754, "CASE_NUM": 20210106175400, "CRSH_TYPE_": 24, "CRASH_TYPE": "Left turn, different roadways", "CRSH_LEVL": 1, "PRIMARY_CA": 6, "PRIMARY__1": "Exceeded authorized speed limit", "SECONDARY_": "0", "SECONDARY1": " ", "LATITUDE": 35.276785, "LONGITUDE": -80.788726, "StreetID": null }, "geometry": { "type": "Point", "coordinates": [ -80.788722771647201, 35.276778105160197 ] } },
{ "type": "Feature", "properties": { "OBJECTID": 6189, "CRSH_ID": 1162678, "DATE_VAL_Y": 2022, "DATE_VAL_M": 6, "DATE_VAL_1": "June", "DATE_VAL_D": 12, "DAY_OF_WEE": 1, "DAY_OF_W_1": "Sunday", "MILT_TIME": 1906, "CASE_NUM": 20220612190600, "CRSH_TYPE_": 2, "CRASH_TYPE": "Ran off road left", "CRSH_LEVL": 2, "PRIMARY_CA": 7, "PRIMARY__1": "Exceeded safe speed for conditions", "SECONDARY_": "0", "SECONDARY1": " ", "LATITUDE": 35.158268, "LONGITUDE": -80.90763, "StreetID": null }, "geometry": { "type": "Point", "coordinates": [ -80.9076267426518, 35.158261135337902 ] } },
{ "type": "Feature", "properties": { "OBJECTID": 6190, "CRSH_ID": 1280325, "DATE_VAL_Y": 2024, "DATE_VAL_M": 12, "DATE_VAL_1": "December", "DATE_VAL_D": 1, "DAY_OF_WEE": 1, "DAY_OF_W_1": "Sunday", "MILT_TIME": 109, "CASE_NUM": 20241201010902, "CRSH_TYPE_": 27, "CRASH_TYPE": "Head on", "CRSH_LEVL": 2, "PRIMARY_CA": 11, "PRIMARY__1": "Crossed centerline/going wrong way", "SECONDARY_": "0", "SECONDARY1": " ", "LATITUDE": 35.319735, "LONGITUDE": -80.777847, "StreetID": null }, "geometry": { "type": "Point", "coordinates": [ -80.777843772377807, 35.319728095020302 ] } },
{ "type": "Feature", "properties": { "OBJECTID": 6191, "CRSH_ID": 1169921, "DATE_VAL_Y": 2022, "DATE_VAL_M": 8, "DATE_VAL_1": "August", "DATE_VAL_D": 17, "DAY_OF_WEE": 4, "DAY_OF_W_1": "Wednesday", "MILT_TIME": 921, "CASE_NUM": 20220817092101, "CRSH_TYPE_": 21, "CRASH_TYPE": "Rear end, slow or stop", "CRSH_LEVL": 1, "PRIMARY_CA": 8, "PRIMARY__1": "Failure to reduce speed", "SECONDARY_": "0", "SECONDARY1": " ", "LATITUDE": 35.11349, "LONGITUDE": -80.96788, "StreetID": null }, "geometry": { "type": "Point", "coordinates": [ -80.967876727052101, 35.113483147003599 ] } },
{ "type": "Feature", "properties": { "OBJECTID": 6192, "CRSH_ID": 1133494, "DATE_VAL_Y": 2022, "DATE_VAL_M": 2, "DATE_VAL_1": "February", "DATE_VAL_D": 12, "DAY_OF_WEE": 7, "DAY_OF_W_1": "Saturday", "MILT_TIME": 2042, "CASE_NUM": 20220212204200, "CRSH_TYPE_": 29, "CRASH_TYPE": "Sideswipe, opposite direction", "CRSH_LEVL": 2, "PRIMARY_CA": 33, "PRIMARY__1": "Unable to determine", "SECONDARY_": "0", "SECONDARY1": " ", "LATITUDE": 35.335925, "LONGITUDE": -80.712463, "StreetID": null }, "geometry": { "type": "Point", "coordinates": [ -80.712459791515499, 35.335918089825597 ] } },
{ "type": "Feature", "properties": { "OBJECTID": 6193, "CRSH_ID": 1118874, "DATE_VAL_Y": 2021, "DATE_VAL_M": 9, "DATE_VAL_1": "September", "DATE_VAL_D": 12, "DAY_OF_WEE": 1, "DAY_OF_W_1": "Sunday", "MILT_TIME": 2108, "CASE_NUM": 20210912210800, "CRSH_TYPE_": 24, "CRASH_TYPE": "Left turn, different roadways", "CRSH_LEVL": 2, "PRIMARY_CA": 20, "PRIMARY__1": "Inattention", "SECONDARY_": "0", "SECONDARY1": " ", "LATITUDE": 35.087651, "LONGITUDE": -80.8432, "StreetID": null }, "geometry": { "type": "Point", "coordinates": [ -80.843196766121693, 35.087644148676702 ] } },
{ "type": "Feature", "properties": { "OBJECTID": 6194, "CRSH_ID": 1130035, "DATE_VAL_Y": 2022, "DATE_VAL_M": 1, "DATE_VAL_1": "January", "DATE_VAL_D": 2, "DAY_OF_WEE": 1, "DAY_OF_W_1": "Sunday", "MILT_TIME": 442, "CASE_NUM": 20220102044201, "CRSH_TYPE_": 14, "CRASH_TYPE": "Pedestrian", "CRSH_LEVL": 2, "PRIMARY_CA": 20, "PRIMARY__1": "Inattention", "SECONDARY_": "0", "SECONDARY1": " ", "LATITUDE": 35.14393, "LONGITUDE": -80.92028, "StreetID": null }, "geometry": { "type": "Point", "coordinates": [ -80.920276740223997, 35.143923138244098 ] } },
{ "type": "Feature", "properties": { "OBJECTID": 6195, "CRSH_ID": 1101271, "DATE_VAL_Y": 2021, "DATE_VAL_M": 5, "DATE_VAL_1": "May", "DATE_VAL_D": 5, "DAY_OF_WEE": 4, "DAY_OF_W_1": "Wednesday", "MILT_TIME": 1818, "CASE_NUM": 20210505181802, "CRSH_TYPE_": 23, "CRASH_TYPE": "Left turn, same roadway", "CRSH_LEVL": 2, "PRIMARY_CA": 19, "PRIMARY__1": "Failed to yield right of way", "SECONDARY_": "0", "SECONDARY1": "None (no unusual conditions)", "LATITUDE": 35.143618, "LONGITUDE": -80.721336, "StreetID": null }, "geometry": { "type": "Point", "coordinates": [ -80.721332799101305, 35.143611132146297 ] } },
{ "type": "Feature", "properties": { "OBJECTID": 6196, "CRSH_ID": 1019436, "DATE_VAL_Y": 2020, "DATE_VAL_M": 5, "DATE_VAL_1": "May", "DATE_VAL_D": 11, "DAY_OF_WEE": 2, "DAY_OF_W_1": "Monday", "MILT_TIME": 719, "CASE_NUM": 20200511071901, "CRSH_TYPE_": 21, "CRASH_TYPE": "Rear end, slow or stop", "CRSH_LEVL": 2, "PRIMARY_CA": 20, "PRIMARY__1": "Inattention", "SECONDARY_": "0", "SECONDARY1": " ", "LATITUDE": 35.213892, "LONGITUDE": -80.890029, "StreetID": null }, "geometry": { "type": "Point", "coordinates": [ -80.890025746100804, 35.213885122182901 ] } },
{ "type": "Feature", "properties": { "OBJECTID": 6197, "CRSH_ID": 1183909, "DATE_VAL_Y": 2022, "DATE_VAL_M": 12, "DATE_VAL_1": "December", "DATE_VAL_D": 1, "DAY_OF_WEE": 5, "DAY_OF_W_1": "Thursday", "MILT_TIME": 34, "CASE_NUM": 20221201003400, "CRSH_TYPE_": 21, "CRASH_TYPE": "Rear end, slow or stop", "CRSH_LEVL": 1, "PRIMARY_CA": 6, "PRIMARY__1": "Exceeded authorized speed limit", "SECONDARY_": "0", "SECONDARY1": " ", "LATITUDE": 35.21822, "LONGITUDE": -80.817576, "StreetID": null }, "geometry": { "type": "Point", "coordinates": [ -80.817572765788398, 35.218213118735697 ] } },
{ "type": "Feature", "properties": { "OBJECTID": 6198, "CRSH_ID": 1196408, "DATE_VAL_Y": 2023, "DATE_VAL_M": 1, "DATE_VAL_1": "January", "DATE_VAL_D": 1, "DAY_OF_WEE": 1, "DAY_OF_W_1": "Sunday", "MILT_TIME": 218, "CASE_NUM": 20230101021800, "CRSH_TYPE_": 27, "CRASH_TYPE": "Head on", "CRSH_LEVL": 2, "PRIMARY_CA": 19, "PRIMARY__1": "Failed to yield right of way", "SECONDARY_": "0", "SECONDARY1": " ", "LATITUDE": 35.292174, "LONGITUDE": -80.796538, "StreetID": null }, "geometry": { "type": "Point", "coordinates": [ -80.796534768237905, 35.292167102770101 ] } },
{ "type": "Feature", "properties": { "OBJECTID": 6199, "CRSH_ID": 1084199, "DATE_VAL_Y": 2021, "DATE_VAL_M": 3, "DATE_VAL_1": "March", "DATE_VAL_D": 20, "DAY_OF_WEE": 7, "DAY_OF_W_1": "Saturday", "MILT_TIME": 2254, "CASE_NUM": 20210321071201, "CRSH_TYPE_": 14, "CRASH_TYPE": "Pedestrian", "CRSH_LEVL": 2, "PRIMARY_CA": 0, "PRIMARY__1": "No contributing circumstance indicated", "SECONDARY_": "0", "SECONDARY1": " ", "LATITUDE": 35.33271, "LONGITUDE": -80.813845, "StreetID": null }, "geometry": { "type": "Point", "coordinates": [ -80.813841761018296, 35.332703093873498 ] } },
{ "type": "Feature", "properties": { "OBJECTID": 6200, "CRSH_ID": 1278810, "DATE_VAL_Y": 2024, "DATE_VAL_M": 10, "DATE_VAL_1": "October", "DATE_VAL_D": 15, "DAY_OF_WEE": 3, "DAY_OF_W_1": "Tuesday", "MILT_TIME": 1409, "CASE_NUM": 20241015140903, "CRSH_TYPE_": 23, "CRASH_TYPE": "Left turn, same roadway", "CRSH_LEVL": 1, "PRIMARY_CA": 6, "PRIMARY__1": "Exceeded authorized speed limit", "SECONDARY_": "0", "SECONDARY1": " ", "LATITUDE": 35.256055, "LONGITUDE": -80.736321, "StreetID": null }, "geometry": { "type": "Point", "coordinates": [ -80.736317787869794, 35.256048107481497 ] } },
{ "type": "Feature", "properties": { "OBJECTID": 6201, "CRSH_ID": 1123888, "DATE_VAL_Y": 2021, "DATE_VAL_M": 10, "DATE_VAL_1": "October", "DATE_VAL_D": 30, "DAY_OF_WEE": 7, "DAY_OF_W_1": "Saturday", "MILT_TIME": 426, "CASE_NUM": 20211030042602, "CRSH_TYPE_": 21, "CRASH_TYPE": "Rear end, slow or stop", "CRSH_LEVL": 2, "PRIMARY_CA": 20, "PRIMARY__1": "Inattention", "SECONDARY_": "0", "SECONDARY1": " ", "LATITUDE": 35.238123, "LONGITUDE": -80.737287, "StreetID": null }, "geometry": { "type": "Point", "coordinates": [ -80.737283788874194, 35.238116111143803 ] } },
{ "type": "Feature", "properties": { "OBJECTID": 6202, "CRSH_ID": 1269765, "DATE_VAL_Y": 2024, "DATE_VAL_M": 9, "DATE_VAL_1": "September", "DATE_VAL_D": 7, "DAY_OF_WEE": 7, "DAY_OF_W_1": "Saturday", "MILT_TIME": 2340, "CASE_NUM": 20240907234501, "CRSH_TYPE_": 1, "CRASH_TYPE": "Ran off road right", "CRSH_LEVL": 2, "PRIMARY_CA": 33, "PRIMARY__1": "Unable to determine", "SECONDARY_": "0", "SECONDARY1": " ", "LATITUDE": 35.100654, "LONGITUDE": -80.916973, "StreetID": null }, "geometry": { "type": "Point", "coordinates": [ -80.916969742976804, 35.100647146886601 ] } },
{ "type": "Feature", "properties": { "OBJECTID": 6203, "CRSH_ID": 1288927, "DATE_VAL_Y": 2024, "DATE_VAL_M": 10, "DATE_VAL_1": "October", "DATE_VAL_D": 23, "DAY_OF_WEE": 4, "DAY_OF_W_1": "Wednesday", "MILT_TIME": 1548, "CASE_NUM": 20241023154701, "CRSH_TYPE_": 20, "CRASH_TYPE": "Parked motor vehicle", "CRSH_LEVL": 2, "PRIMARY_CA": 32, "PRIMARY__1": "Other*", "SECONDARY_": "11", "SECONDARY1": "Other*", "LATITUDE": 35.247305, "LONGITUDE": -80.840652, "StreetID": null }, "geometry": { "type": "Point", "coordinates": [ -80.840648757903594, 35.247298114506101 ] } },
{ "type": "Feature", "properties": { "OBJECTID": 6204, "CRSH_ID": 1084814, "DATE_VAL_Y": 2021, "DATE_VAL_M": 3, "DATE_VAL_1": "March", "DATE_VAL_D": 23, "DAY_OF_WEE": 3, "DAY_OF_W_1": "Tuesday", "MILT_TIME": 1509, "CASE_NUM": 20210323150903, "CRSH_TYPE_": 28, "CRASH_TYPE": "Sideswipe, same direction", "CRSH_LEVL": 2, "PRIMARY_CA": 33, "PRIMARY__1": "Unable to determine", "SECONDARY_": "0", "SECONDARY1": " ", "LATITUDE": 35.17265, "LONGITUDE": -80.85907, "StreetID": null }, "geometry": { "type": "Point", "coordinates": [ -80.859066756188994, 35.172643130893903 ] } },
{ "type": "Feature", "properties": { "OBJECTID": 6205, "CRSH_ID": 1183893, "DATE_VAL_Y": 2022, "DATE_VAL_M": 11, "DATE_VAL_1": "November", "DATE_VAL_D": 30, "DAY_OF_WEE": 4, "DAY_OF_W_1": "Wednesday", "MILT_TIME": 540, "CASE_NUM": 20221130054002, "CRSH_TYPE_": 24, "CRASH_TYPE": "Left turn, different roadways", "CRSH_LEVL": 1, "PRIMARY_CA": 4, "PRIMARY__1": "Disregarded traffic signals", "SECONDARY_": "0", "SECONDARY1": " ", "LATITUDE": 35.154424, "LONGITUDE": -80.794937, "StreetID": null }, "geometry": { "type": "Point", "coordinates": [ -80.794933775302297, 35.154417131607801 ] } },
{ "type": "Feature", "properties": { "OBJECTID": 6206, "CRSH_ID": 1228611, "DATE_VAL_Y": 2023, "DATE_VAL_M": 9, "DATE_VAL_1": "September", "DATE_VAL_D": 16, "DAY_OF_WEE": 7, "DAY_OF_W_1": "Saturday", "MILT_TIME": 2020, "CASE_NUM": 20230916202002, "CRSH_TYPE_": 24, "CRASH_TYPE": "Left turn, different roadways", "CRSH_LEVL": 1, "PRIMARY_CA": 30, "PRIMARY__1": "Alcohol use", "SECONDARY_": "0", "SECONDARY1": " ", "LATITUDE": 35.333048, "LONGITUDE": -80.789566, "StreetID": null }, "geometry": { "type": "Point", "coordinates": [ -80.789562768251798, 35.333041093103802 ] } },
{ "type": "Feature", "properties": { "OBJECTID": 6207, "CRSH_ID": 1257884, "DATE_VAL_Y": 2024, "DATE_VAL_M": 5, "DATE_VAL_1": "May", "DATE_VAL_D": 26, "DAY_OF_WEE": 1, "DAY_OF_W_1": "Sunday", "MILT_TIME": 2034, "CASE_NUM": 20240526203401, "CRSH_TYPE_": 23, "CRASH_TYPE": "Left turn, same roadway", "CRSH_LEVL": 2, "PRIMARY_CA": 4, "PRIMARY__1": "Disregarded traffic signals", "SECONDARY_": "0", "SECONDARY1": " ", "LATITUDE": 35.317494, "LONGITUDE": -80.776222, "StreetID": null }, "geometry": { "type": "Point", "coordinates": [ -80.776218772718494, 35.3174870966063 ] } },
{ "type": "Feature", "properties": { "OBJECTID": 6208, "CRSH_ID": 1130622, "DATE_VAL_Y": 2022, "DATE_VAL_M": 1, "DATE_VAL_1": "January", "DATE_VAL_D": 9, "DAY_OF_WEE": 1, "DAY_OF_W_1": "Sunday", "MILT_TIME": 158, "CASE_NUM": 20220109015801, "CRSH_TYPE_": 27, "CRASH_TYPE": "Head on", "CRSH_LEVL": 2, "PRIMARY_CA": 8, "PRIMARY__1": "Failure to reduce speed", "SECONDARY_": "0", "SECONDARY1": " ", "LATITUDE": 35.12005, "LONGITUDE": -80.98261, "StreetID": null }, "geometry": { "type": "Point", "coordinates": [ -80.982606721939803, 35.120043146442903 ] } },
{ "type": "Feature", "properties": { "OBJECTID": 6209, "CRSH_ID": 1096462, "DATE_VAL_Y": 2021, "DATE_VAL_M": 5, "DATE_VAL_1": "May", "DATE_VAL_D": 15, "DAY_OF_WEE": 7, "DAY_OF_W_1": "Saturday", "MILT_TIME": 343, "CASE_NUM": 20210515034301, "CRSH_TYPE_": 1, "CRASH_TYPE": "Ran off road right", "CRSH_LEVL": 2, "PRIMARY_CA": 34, "PRIMARY__1": "Unknown", "SECONDARY_": "0", "SECONDARY1": " ", "LATITUDE": 35.035272, "LONGITUDE": -80.797417, "StreetID": null }, "geometry": { "type": "Point", "coordinates": [ -80.797413782647794, 35.0352651569278 ] } },
{ "type": "Feature", "properties": { "OBJECTID": 6210, "CRSH_ID": 1127611, "DATE_VAL_Y": 2021, "DATE_VAL_M": 12, "DATE_VAL_1": "December", "DATE_VAL_D": 7, "DAY_OF_WEE": 3, "DAY_OF_W_1": "Tuesday", "MILT_TIME": 1910, "CASE_NUM": 20211207191401, "CRSH_TYPE_": 14, "CRASH_TYPE": "Pedestrian", "CRSH_LEVL": 2, "PRIMARY_CA": 20, "PRIMARY__1": "Inattention", "SECONDARY_": "0", "SECONDARY1": " ", "LATITUDE": 35.30319, "LONGITUDE": -80.75136, "StreetID": null }, "geometry": { "type": "Point", "coordinates": [ -80.751356782374103, 35.303183098601998 ] } },
{ "type": "Feature", "properties": { "OBJECTID": 6211, "CRSH_ID": 1123381, "DATE_VAL_Y": 2021, "DATE_VAL_M": 10, "DATE_VAL_1": "October", "DATE_VAL_D": 26, "DAY_OF_WEE": 3, "DAY_OF_W_1": "Tuesday", "MILT_TIME": 731, "CASE_NUM": 20211026073102, "CRSH_TYPE_": 23, "CRASH_TYPE": "Left turn, same roadway", "CRSH_LEVL": 2, "PRIMARY_CA": 19, "PRIMARY__1": "Failed to yield right of way", "SECONDARY_": "0", "SECONDARY1": "None (no unusual conditions)", "LATITUDE": 35.32854, "LONGITUDE": -80.78345, "StreetID": null }, "geometry": { "type": "Point", "coordinates": [ -80.783446769436395, 35.328533092928403 ] } },
{ "type": "Feature", "properties": { "OBJECTID": 6212, "CRSH_ID": 1085162, "DATE_VAL_Y": 2021, "DATE_VAL_M": 2, "DATE_VAL_1": "February", "DATE_VAL_D": 4, "DAY_OF_WEE": 5, "DAY_OF_W_1": "Thursday", "MILT_TIME": 134, "CASE_NUM": 20210204013400, "CRSH_TYPE_": 1, "CRASH_TYPE": "Ran off road right", "CRSH_LEVL": 1, "PRIMARY_CA": 30, "PRIMARY__1": "Alcohol use", "SECONDARY_": "0", "SECONDARY1": " ", "LATITUDE": 35.263949, "LONGITUDE": -80.732022, "StreetID": null }, "geometry": { "type": "Point", "coordinates": [ -80.732018788476495, 35.2639421059217 ] } },
{ "type": "Feature", "properties": { "OBJECTID": 6213, "CRSH_ID": 1038797, "DATE_VAL_Y": 2020, "DATE_VAL_M": 8, "DATE_VAL_1": "August", "DATE_VAL_D": 13, "DAY_OF_WEE": 5, "DAY_OF_W_1": "Thursday", "MILT_TIME": 2341, "CASE_NUM": 20200813234104, "CRSH_TYPE_": 24, "CRASH_TYPE": "Left turn, different roadways", "CRSH_LEVL": 2, "PRIMARY_CA": 30, "PRIMARY__1": "Alcohol use", "SECONDARY_": "0", "SECONDARY1": " ", "LATITUDE": 35.272143, "LONGITUDE": -80.854277, "StreetID": null }, "geometry": { "type": "Point", "coordinates": [ -80.854273753276402, 35.2721361087006 ] } },
{ "type": "Feature", "properties": { "OBJECTID": 6214, "CRSH_ID": 1129076, "DATE_VAL_Y": 2021, "DATE_VAL_M": 12, "DATE_VAL_1": "December", "DATE_VAL_D": 21, "DAY_OF_WEE": 3, "DAY_OF_W_1": "Tuesday", "MILT_TIME": 1717, "CASE_NUM": 20211221171700, "CRSH_TYPE_": 13, "CRASH_TYPE": "Other non-collision*", "CRSH_LEVL": 2, "PRIMARY_CA": 34, "PRIMARY__1": "Unknown", "SECONDARY_": "0", "SECONDARY1": " ", "LATITUDE": 35.130202, "LONGITUDE": -80.995811, "StreetID": null }, "geometry": { "type": "Point", "coordinates": [ -80.995807718020401, 35.130195144504398 ] } },
{ "type": "Feature", "properties": { "OBJECTID": 6215, "CRSH_ID": 1220385, "DATE_VAL_Y": 2023, "DATE_VAL_M": 7, "DATE_VAL_1": "July", "DATE_VAL_D": 24, "DAY_OF_WEE": 2, "DAY_OF_W_1": "Monday", "MILT_TIME": 356, "CASE_NUM": 20230724035600, "CRSH_TYPE_": 14, "CRASH_TYPE": "Pedestrian", "CRSH_LEVL": 2, "PRIMARY_CA": 0, "PRIMARY__1": "No contributing circumstance indicated", "SECONDARY_": "0", "SECONDARY1": "None (no unusual conditions)", "LATITUDE": 35.283396, "LONGITUDE": -80.775175, "StreetID": null }, "geometry": { "type": "Point", "coordinates": [ -80.775171776020301, 35.283389103497001 ] } },
{ "type": "Feature", "properties": { "OBJECTID": 6216, "CRSH_ID": 1193593, "DATE_VAL_Y": 2022, "DATE_VAL_M": 11, "DATE_VAL_1": "November", "DATE_VAL_D": 25, "DAY_OF_WEE": 6, "DAY_OF_W_1": "Friday", "MILT_TIME": 2100, "CASE_NUM": 20221125210100, "CRSH_TYPE_": 27, "CRASH_TYPE": "Head on", "CRSH_LEVL": 2, "PRIMARY_CA": 19, "PRIMARY__1": "Failed to yield right of way", "SECONDARY_": "0", "SECONDARY1": " ", "LATITUDE": 35.16501, "LONGITUDE": -80.911516, "StreetID": null }, "geometry": { "type": "Point", "coordinates": [ -80.911512740257905, 35.165003133100797 ] } },
{ "type": "Feature", "properties": { "OBJECTID": 6217, "CRSH_ID": 1211642, "DATE_VAL_Y": 2023, "DATE_VAL_M": 5, "DATE_VAL_1": "May", "DATE_VAL_D": 12, "DAY_OF_WEE": 6, "DAY_OF_W_1": "Friday", "MILT_TIME": 1230, "CASE_NUM": 20230512012702, "CRSH_TYPE_": 30, "CRASH_TYPE": "Angle", "CRSH_LEVL": 2, "PRIMARY_CA": 20, "PRIMARY__1": "Inattention", "SECONDARY_": "0", "SECONDARY1": " ", "LATITUDE": 35.32132, "LONGITUDE": -80.73403, "StreetID": null }, "geometry": { "type": "Point", "coordinates": [ -80.734026785955294, 35.321313094847 ] } },
{ "type": "Feature", "properties": { "OBJECTID": 6218, "CRSH_ID": 1211610, "DATE_VAL_Y": 2023, "DATE_VAL_M": 5, "DATE_VAL_1": "May", "DATE_VAL_D": 6, "DAY_OF_WEE": 7, "DAY_OF_W_1": "Saturday", "MILT_TIME": 245, "CASE_NUM": 20230506024503, "CRSH_TYPE_": 27, "CRASH_TYPE": "Head on", "CRSH_LEVL": 1, "PRIMARY_CA": 6, "PRIMARY__1": "Exceeded authorized speed limit", "SECONDARY_": "0", "SECONDARY1": " ", "LATITUDE": 35.31409, "LONGITUDE": -80.83462, "StreetID": null }, "geometry": { "type": "Point", "coordinates": [ -80.834616755964703, 35.314083098870697 ] } },
{ "type": "Feature", "properties": { "OBJECTID": 6219, "CRSH_ID": 1129838, "DATE_VAL_Y": 2021, "DATE_VAL_M": 12, "DATE_VAL_1": "December", "DATE_VAL_D": 30, "DAY_OF_WEE": 5, "DAY_OF_W_1": "Thursday", "MILT_TIME": 1724, "CASE_NUM": 20211230172401, "CRSH_TYPE_": 14, "CRASH_TYPE": "Pedestrian", "CRSH_LEVL": 1, "PRIMARY_CA": 0, "PRIMARY__1": "No contributing circumstance indicated", "SECONDARY_": "0", "SECONDARY1": " ", "LATITUDE": 35.189889, "LONGITUDE": -80.761995, "StreetID": null }, "geometry": { "type": "Point", "coordinates": [ -80.7619917838324, 35.189882122135998 ] } },
{ "type": "Feature", "properties": { "OBJECTID": 6220, "CRSH_ID": 1227796, "DATE_VAL_Y": 2023, "DATE_VAL_M": 9, "DATE_VAL_1": "September", "DATE_VAL_D": 19, "DAY_OF_WEE": 3, "DAY_OF_W_1": "Tuesday", "MILT_TIME": 1746, "CASE_NUM": 20230919174600, "CRSH_TYPE_": 27, "CRASH_TYPE": "Head on", "CRSH_LEVL": 1, "PRIMARY_CA": 6, "PRIMARY__1": "Exceeded authorized speed limit", "SECONDARY_": "0", "SECONDARY1": " ", "LATITUDE": 35.137967, "LONGITUDE": -80.881348, "StreetID": null }, "geometry": { "type": "Point", "coordinates": [ -80.881344752009099, 35.1379601380902 ] } },
{ "type": "Feature", "properties": { "OBJECTID": 6221, "CRSH_ID": 1226924, "DATE_VAL_Y": 2023, "DATE_VAL_M": 9, "DATE_VAL_1": "September", "DATE_VAL_D": 13, "DAY_OF_WEE": 4, "DAY_OF_W_1": "Wednesday", "MILT_TIME": 2013, "CASE_NUM": 20230913201301, "CRSH_TYPE_": 24, "CRASH_TYPE": "Left turn, different roadways", "CRSH_LEVL": 1, "PRIMARY_CA": 34, "PRIMARY__1": "Unknown", "SECONDARY_": "0", "SECONDARY1": " ", "LATITUDE": 35.102109, "LONGITUDE": -80.951671, "StreetID": null }, "geometry": { "type": "Point", "coordinates": [ -80.951667732252105, 35.102102148913197 ] } },
{ "type": "Feature", "properties": { "OBJECTID": 6222, "CRSH_ID": 1243404, "DATE_VAL_Y": 2024, "DATE_VAL_M": 1, "DATE_VAL_1": "January", "DATE_VAL_D": 10, "DAY_OF_WEE": 4, "DAY_OF_W_1": "Wednesday", "MILT_TIME": 2345, "CASE_NUM": 20240110234500, "CRSH_TYPE_": 30, "CRASH_TYPE": "Angle", "CRSH_LEVL": 1, "PRIMARY_CA": 6, "PRIMARY__1": "Exceeded authorized speed limit", "SECONDARY_": "0", "SECONDARY1": " ", "LATITUDE": 35.262814, "LONGITUDE": -80.87933, "StreetID": null }, "geometry": { "type": "Point", "coordinates": [ -80.879326745497295, 35.262807111398402 ] } },
{ "type": "Feature", "properties": { "OBJECTID": 6223, "CRSH_ID": 1118280, "DATE_VAL_Y": 2021, "DATE_VAL_M": 9, "DATE_VAL_1": "September", "DATE_VAL_D": 5, "DAY_OF_WEE": 1, "DAY_OF_W_1": "Sunday", "MILT_TIME": 1327, "CASE_NUM": 20210905132700, "CRSH_TYPE_": 23, "CRASH_TYPE": "Left turn, same roadway", "CRSH_LEVL": 2, "PRIMARY_CA": 4, "PRIMARY__1": "Disregarded traffic signals", "SECONDARY_": "0", "SECONDARY1": " ", "LATITUDE": 35.138056, "LONGITUDE": -80.907982, "StreetID": null }, "geometry": { "type": "Point", "coordinates": [ -80.907978742809803, 35.138049139100403 ] } },
{ "type": "Feature", "properties": { "OBJECTID": 6224, "CRSH_ID": 1127442, "DATE_VAL_Y": 2021, "DATE_VAL_M": 12, "DATE_VAL_1": "December", "DATE_VAL_D": 5, "DAY_OF_WEE": 1, "DAY_OF_W_1": "Sunday", "MILT_TIME": 113, "CASE_NUM": 20211205011302, "CRSH_TYPE_": 23, "CRASH_TYPE": "Left turn, same roadway", "CRSH_LEVL": 2, "PRIMARY_CA": 4, "PRIMARY__1": "Disregarded traffic signals", "SECONDARY_": "0", "SECONDARY1": " ", "LATITUDE": 35.27626, "LONGITUDE": -80.72768, "StreetID": null }, "geometry": { "type": "Point", "coordinates": [ -80.727676791208296, 35.276253102379599 ] } },
{ "type": "Feature", "properties": { "OBJECTID": 6225, "CRSH_ID": 1201634, "DATE_VAL_Y": 2023, "DATE_VAL_M": 2, "DATE_VAL_1": "February", "DATE_VAL_D": 14, "DAY_OF_WEE": 3, "DAY_OF_W_1": "Tuesday", "MILT_TIME": 629, "CASE_NUM": 20230214062902, "CRSH_TYPE_": 14, "CRASH_TYPE": "Pedestrian", "CRSH_LEVL": 1, "PRIMARY_CA": 0, "PRIMARY__1": "No contributing circumstance indicated", "SECONDARY_": "0", "SECONDARY1": " ", "LATITUDE": 35.23989, "LONGITUDE": -80.83564, "StreetID": null }, "geometry": { "type": "Point", "coordinates": [ -80.835636758843094, 35.239883114494098 ] } },
{ "type": "Feature", "properties": { "OBJECTID": 6226, "CRSH_ID": 1213419, "DATE_VAL_Y": 2023, "DATE_VAL_M": 5, "DATE_VAL_1": "May", "DATE_VAL_D": 27, "DAY_OF_WEE": 7, "DAY_OF_W_1": "Saturday", "MILT_TIME": 204, "CASE_NUM": 20230527020402, "CRSH_TYPE_": 1, "CRASH_TYPE": "Ran off road right", "CRSH_LEVL": 2, "PRIMARY_CA": 6, "PRIMARY__1": "Exceeded authorized speed limit", "SECONDARY_": "0", "SECONDARY1": " ", "LATITUDE": 35.32374, "LONGITUDE": -80.71156, "StreetID": null }, "geometry": { "type": "Point", "coordinates": [ -80.711556791764096, 35.323733092695299 ] } },
{ "type": "Feature", "properties": { "OBJECTID": 6227, "CRSH_ID": 1226530, "DATE_VAL_Y": 2023, "DATE_VAL_M": 9, "DATE_VAL_1": "September", "DATE_VAL_D": 12, "DAY_OF_WEE": 3, "DAY_OF_W_1": "Tuesday", "MILT_TIME": 407, "CASE_NUM": 20230912040700, "CRSH_TYPE_": 14, "CRASH_TYPE": "Pedestrian", "CRSH_LEVL": 2, "PRIMARY_CA": 0, "PRIMARY__1": "No contributing circumstance indicated", "SECONDARY_": "0", "SECONDARY1": " ", "LATITUDE": 35.27164, "LONGITUDE": -80.85147, "StreetID": null }, "geometry": { "type": "Point", "coordinates": [ -80.851466752641699, 35.2716331079639 ] } },
{ "type": "Feature", "properties": { "OBJECTID": 6228, "CRSH_ID": 1144194, "DATE_VAL_Y": 2022, "DATE_VAL_M": 5, "DATE_VAL_1": "May", "DATE_VAL_D": 30, "DAY_OF_WEE": 2, "DAY_OF_W_1": "Monday", "MILT_TIME": 745, "CASE_NUM": 20220530074503, "CRSH_TYPE_": 23, "CRASH_TYPE": "Left turn, same roadway", "CRSH_LEVL": 1, "PRIMARY_CA": 9, "PRIMARY__1": "Improper turn", "SECONDARY_": "0", "SECONDARY1": " ", "LATITUDE": 35.178308, "LONGITUDE": -80.880762, "StreetID": null }, "geometry": { "type": "Point", "coordinates": [ -80.880758748984803, 35.178301130231503 ] } },
{ "type": "Feature", "properties": { "OBJECTID": 6229, "CRSH_ID": 1124265, "DATE_VAL_Y": 2021, "DATE_VAL_M": 11, "DATE_VAL_1": "November", "DATE_VAL_D": 2, "DAY_OF_WEE": 3, "DAY_OF_W_1": "Tuesday", "MILT_TIME": 2038, "CASE_NUM": 20211102203800, "CRSH_TYPE_": 27, "CRASH_TYPE": "Head on", "CRSH_LEVL": 1, "PRIMARY_CA": 11, "PRIMARY__1": "Crossed centerline/going wrong way", "SECONDARY_": "0", "SECONDARY1": " ", "LATITUDE": 35.17191, "LONGITUDE": -80.73693, "StreetID": null }, "geometry": { "type": "Point", "coordinates": [ -80.7369267935902, 35.171903125193801 ] } },
{ "type": "Feature", "properties": { "OBJECTID": 6230, "CRSH_ID": 1164488, "DATE_VAL_Y": 2022, "DATE_VAL_M": 7, "DATE_VAL_1": "July", "DATE_VAL_D": 1, "DAY_OF_WEE": 6, "DAY_OF_W_1": "Friday", "MILT_TIME": 538, "CASE_NUM": 20220701053801, "CRSH_TYPE_": 14, "CRASH_TYPE": "Pedestrian", "CRSH_LEVL": 1, "PRIMARY_CA": 31, "PRIMARY__1": "Drug use", "SECONDARY_": "0", "SECONDARY1": " ", "LATITUDE": 35.209881, "LONGITUDE": -80.757161, "StreetID": null }, "geometry": { "type": "Point", "coordinates": [ -80.757157785322207, 35.209874118088401 ] } },
{ "type": "Feature", "properties": { "OBJECTID": 6231, "CRSH_ID": 1243049, "DATE_VAL_Y": 2024, "DATE_VAL_M": 1, "DATE_VAL_1": "January", "DATE_VAL_D": 23, "DAY_OF_WEE": 3, "DAY_OF_W_1": "Tuesday", "MILT_TIME": 2331, "CASE_NUM": 20240123233100, "CRSH_TYPE_": 27, "CRASH_TYPE": "Head on", "CRSH_LEVL": 2, "PRIMARY_CA": 5, "PRIMARY__1": "Disregarded road markings", "SECONDARY_": "0", "SECONDARY1": "None (no unusual conditions)", "LATITUDE": 35.161623, "LONGITUDE": -80.91733, "StreetID": null }, "geometry": { "type": "Point", "coordinates": [ -80.917326740851394, 35.161616133438699 ] } },
{ "type": "Feature", "properties": { "OBJECTID": 6232, "CRSH_ID": 1074566, "DATE_VAL_Y": 2021, "DATE_VAL_M": 1, "DATE_VAL_1": "January", "DATE_VAL_D": 29, "DAY_OF_WEE": 6, "DAY_OF_W_1": "Friday", "MILT_TIME": 1542, "CASE_NUM": 20210129154200, "CRSH_TYPE_": 1, "CRASH_TYPE": "Ran off road right", "CRSH_LEVL": 1, "PRIMARY_CA": 6, "PRIMARY__1": "Exceeded authorized speed limit", "SECONDARY_": "0", "SECONDARY1": " ", "LATITUDE": 35.262148, "LONGITUDE": -80.850214, "StreetID": null }, "geometry": { "type": "Point", "coordinates": [ -80.850210754781202, 35.262141111035199 ] } },
{ "type": "Feature", "properties": { "OBJECTID": 6233, "CRSH_ID": 1092761, "DATE_VAL_Y": 2021, "DATE_VAL_M": 4, "DATE_VAL_1": "April", "DATE_VAL_D": 21, "DAY_OF_WEE": 4, "DAY_OF_W_1": "Wednesday", "MILT_TIME": 202, "CASE_NUM": 20210421020200, "CRSH_TYPE_": 2, "CRASH_TYPE": "Ran off road left", "CRSH_LEVL": 1, "PRIMARY_CA": 6, "PRIMARY__1": "Exceeded authorized speed limit", "SECONDARY_": "0", "SECONDARY1": " ", "LATITUDE": 35.211846, "LONGITUDE": -80.761455, "StreetID": null }, "geometry": { "type": "Point", "coordinates": [ -80.761451782796499, 35.2118391181615 ] } },
{ "type": "Feature", "properties": { "OBJECTID": 6234, "CRSH_ID": 1026700, "DATE_VAL_Y": 2020, "DATE_VAL_M": 6, "DATE_VAL_1": "June", "DATE_VAL_D": 7, "DAY_OF_WEE": 1, "DAY_OF_W_1": "Sunday", "MILT_TIME": 2252, "CASE_NUM": 20200607225300, "CRSH_TYPE_": 14, "CRASH_TYPE": "Pedestrian", "CRSH_LEVL": 2, "PRIMARY_CA": 0, "PRIMARY__1": " ", "SECONDARY_": "0", "SECONDARY1": " ", "LATITUDE": 35.280788, "LONGITUDE": -80.85653, "StreetID": null }, "geometry": { "type": "Point", "coordinates": [ -80.856526751070106, 35.280781106574899 ] } },
{ "type": "Feature", "properties": { "OBJECTID": 6235, "CRSH_ID": 1214511, "DATE_VAL_Y": 2023, "DATE_VAL_M": 6, "DATE_VAL_1": "June", "DATE_VAL_D": 5, "DAY_OF_WEE": 2, "DAY_OF_W_1": "Monday", "MILT_TIME": 707, "CASE_NUM": 20230605070702, "CRSH_TYPE_": 14, "CRASH_TYPE": "Pedestrian", "CRSH_LEVL": 2, "PRIMARY_CA": 0, "PRIMARY__1": "No contributing circumstance indicated", "SECONDARY_": "0", "SECONDARY1": " ", "LATITUDE": 35.226788, "LONGITUDE": -80.843649, "StreetID": null }, "geometry": { "type": "Point", "coordinates": [ -80.843645757865005, 35.226781117449903 ] } },
{ "type": "Feature", "properties": { "OBJECTID": 6236, "CRSH_ID": 1255104, "DATE_VAL_Y": 2024, "DATE_VAL_M": 4, "DATE_VAL_1": "April", "DATE_VAL_D": 30, "DAY_OF_WEE": 3, "DAY_OF_W_1": "Tuesday", "MILT_TIME": 226, "CASE_NUM": 20240430022601, "CRSH_TYPE_": 1, "CRASH_TYPE": "Ran off road right", "CRSH_LEVL": 1, "PRIMARY_CA": 14, "PRIMARY__1": "Overcorrected/oversteered", "SECONDARY_": "0", "SECONDARY1": " ", "LATITUDE": 35.263049, "LONGITUDE": -80.76312, "StreetID": null }, "geometry": { "type": "Point", "coordinates": [ -80.763116780029605, 35.263042107575998 ] } },
{ "type": "Feature", "properties": { "OBJECTID": 6237, "CRSH_ID": 1131937, "DATE_VAL_Y": 2022, "DATE_VAL_M": 1, "DATE_VAL_1": "January", "DATE_VAL_D": 26, "DAY_OF_WEE": 4, "DAY_OF_W_1": "Wednesday", "MILT_TIME": 728, "CASE_NUM": 20220126072802, "CRSH_TYPE_": 21, "CRASH_TYPE": "Rear end, slow or stop", "CRSH_LEVL": 2, "PRIMARY_CA": 20, "PRIMARY__1": "Inattention", "SECONDARY_": "0", "SECONDARY1": " ", "LATITUDE": 35.33611, "LONGITUDE": -80.84193, "StreetID": null }, "geometry": { "type": "Point", "coordinates": [ -80.841926753264602, 35.336103095166699 ] } },
{ "type": "Feature", "properties": { "OBJECTID": 6238, "CRSH_ID": 1279631, "DATE_VAL_Y": 2024, "DATE_VAL_M": 11, "DATE_VAL_1": "November", "DATE_VAL_D": 25, "DAY_OF_WEE": 2, "DAY_OF_W_1": "Monday", "MILT_TIME": 1807, "CASE_NUM": 20241125180701, "CRSH_TYPE_": 19, "CRASH_TYPE": "Fixed object", "CRSH_LEVL": 2, "PRIMARY_CA": 32, "PRIMARY__1": "Other*", "SECONDARY_": "0", "SECONDARY1": " ", "LATITUDE": 35.060663, "LONGITUDE": -80.834132, "StreetID": null }, "geometry": { "type": "Point", "coordinates": [ -80.834128770087801, 35.060656152807098 ] } },
{ "type": "Feature", "properties": { "OBJECTID": 6239, "CRSH_ID": 1240391, "DATE_VAL_Y": 2023, "DATE_VAL_M": 12, "DATE_VAL_1": "December", "DATE_VAL_D": 28, "DAY_OF_WEE": 5, "DAY_OF_W_1": "Thursday", "MILT_TIME": 1349, "CASE_NUM": 20231228134901, "CRSH_TYPE_": 1, "CRASH_TYPE": "Ran off road right", "CRSH_LEVL": 2, "PRIMARY_CA": 6, "PRIMARY__1": "Exceeded authorized speed limit", "SECONDARY_": "0", "SECONDARY1": " ", "LATITUDE": 35.17574, "LONGITUDE": -80.71505, "StreetID": null }, "geometry": { "type": "Point", "coordinates": [ -80.715046798007194, 35.175733124307499 ] } },
{ "type": "Feature", "properties": { "OBJECTID": 6240, "CRSH_ID": 1001289, "DATE_VAL_Y": 2020, "DATE_VAL_M": 2, "DATE_VAL_1": "February", "DATE_VAL_D": 6, "DAY_OF_WEE": 5, "DAY_OF_W_1": "Thursday", "MILT_TIME": 1935, "CASE_NUM": 20200206193503, "CRSH_TYPE_": 2, "CRASH_TYPE": "Ran off road left", "CRSH_LEVL": 2, "PRIMARY_CA": 7, "PRIMARY__1": "Exceeded safe speed for conditions", "SECONDARY_": "0", "SECONDARY1": " ", "LATITUDE": 35.289877, "LONGITUDE": -80.836901, "StreetID": null }, "geometry": { "type": "Point", "coordinates": [ -80.836897756686895, 35.289870103858597 ] } },
{ "type": "Feature", "properties": { "OBJECTID": 6241, "CRSH_ID": 1216849, "DATE_VAL_Y": 2023, "DATE_VAL_M": 6, "DATE_VAL_1": "June", "DATE_VAL_D": 22, "DAY_OF_WEE": 5, "DAY_OF_W_1": "Thursday", "MILT_TIME": 2202, "CASE_NUM": 20230622220200, "CRSH_TYPE_": 14, "CRASH_TYPE": "Pedestrian", "CRSH_LEVL": 1, "PRIMARY_CA": 0, "PRIMARY__1": "No contributing circumstance indicated", "SECONDARY_": "0", "SECONDARY1": " ", "LATITUDE": 35.14918, "LONGITUDE": -80.833095, "StreetID": null }, "geometry": { "type": "Point", "coordinates": [ -80.833091764720393, 35.149173133661598 ] } },
{ "type": "Feature", "properties": { "OBJECTID": 6242, "CRSH_ID": 1135666, "DATE_VAL_Y": 2022, "DATE_VAL_M": 3, "DATE_VAL_1": "March", "DATE_VAL_D": 8, "DAY_OF_WEE": 3, "DAY_OF_W_1": "Tuesday", "MILT_TIME": 1333, "CASE_NUM": 20220308133300, "CRSH_TYPE_": 14, "CRASH_TYPE": "Pedestrian", "CRSH_LEVL": 1, "PRIMARY_CA": 20, "PRIMARY__1": "Inattention", "SECONDARY_": "0", "SECONDARY1": " ", "LATITUDE": 35.314895, "LONGITUDE": -80.700347, "StreetID": null }, "geometry": { "type": "Point", "coordinates": [ -80.700343795888202, 35.314888094576602 ] } },
{ "type": "Feature", "properties": { "OBJECTID": 6243, "CRSH_ID": 1183910, "DATE_VAL_Y": 2022, "DATE_VAL_M": 12, "DATE_VAL_1": "December", "DATE_VAL_D": 1, "DAY_OF_WEE": 5, "DAY_OF_W_1": "Thursday", "MILT_TIME": 113, "CASE_NUM": 20221201011301, "CRSH_TYPE_": 21, "CRASH_TYPE": "Rear end, slow or stop", "CRSH_LEVL": 1, "PRIMARY_CA": 6, "PRIMARY__1": "Exceeded authorized speed limit", "SECONDARY_": "0", "SECONDARY1": " ", "LATITUDE": 35.247817, "LONGITUDE": -80.896242, "StreetID": null }, "geometry": { "type": "Point", "coordinates": [ -80.896238740310196, 35.247810114783803 ] } },
{ "type": "Feature", "properties": { "OBJECTID": 6244, "CRSH_ID": 1247723, "DATE_VAL_Y": 2024, "DATE_VAL_M": 3, "DATE_VAL_1": "March", "DATE_VAL_D": 4, "DAY_OF_WEE": 2, "DAY_OF_W_1": "Monday", "MILT_TIME": 1302, "CASE_NUM": 20240304130205, "CRSH_TYPE_": 1, "CRASH_TYPE": "Ran off road right", "CRSH_LEVL": 2, "PRIMARY_CA": 33, "PRIMARY__1": "Unable to determine", "SECONDARY_": "0", "SECONDARY1": " ", "LATITUDE": 35.072801, "LONGITUDE": -80.869901, "StreetID": null }, "geometry": { "type": "Point", "coordinates": [ -80.869897759425299, 35.072794151221203 ] } },
{ "type": "Feature", "properties": { "OBJECTID": 6245, "CRSH_ID": 1115491, "DATE_VAL_Y": 2021, "DATE_VAL_M": 8, "DATE_VAL_1": "August", "DATE_VAL_D": 5, "DAY_OF_WEE": 5, "DAY_OF_W_1": "Thursday", "MILT_TIME": 1906, "CASE_NUM": 20210805190600, "CRSH_TYPE_": 24, "CRASH_TYPE": "Left turn, different roadways", "CRSH_LEVL": 1, "PRIMARY_CA": 19, "PRIMARY__1": "Failed to yield right of way", "SECONDARY_": "0", "SECONDARY1": " ", "LATITUDE": 35.081552, "LONGITUDE": -80.772631, "StreetID": null }, "geometry": { "type": "Point", "coordinates": [ -80.772627787144103, 35.081545146927901 ] } },
{ "type": "Feature", "properties": { "OBJECTID": 6246, "CRSH_ID": 1252766, "DATE_VAL_Y": 2024, "DATE_VAL_M": 4, "DATE_VAL_1": "April", "DATE_VAL_D": 15, "DAY_OF_WEE": 2, "DAY_OF_W_1": "Monday", "MILT_TIME": 1514, "CASE_NUM": 20240415141001, "CRSH_TYPE_": 21, "CRASH_TYPE": "Rear end, slow or stop", "CRSH_LEVL": 2, "PRIMARY_CA": 0, "PRIMARY__1": "No contributing circumstance indicated", "SECONDARY_": "0", "SECONDARY1": " ", "LATITUDE": 35.254979, "LONGITUDE": -80.824252, "StreetID": null }, "geometry": { "type": "Point", "coordinates": [ -80.824248762510393, 35.254972110170101 ] } },
{ "type": "Feature", "properties": { "OBJECTID": 6247, "CRSH_ID": 1083563, "DATE_VAL_Y": 2021, "DATE_VAL_M": 3, "DATE_VAL_1": "March", "DATE_VAL_D": 18, "DAY_OF_WEE": 5, "DAY_OF_W_1": "Thursday", "MILT_TIME": 2147, "CASE_NUM": 20210318214703, "CRSH_TYPE_": 14, "CRASH_TYPE": "Pedestrian", "CRSH_LEVL": 2, "PRIMARY_CA": 0, "PRIMARY__1": "No contributing circumstance indicated", "SECONDARY_": "0", "SECONDARY1": " ", "LATITUDE": 35.2736, "LONGITUDE": -80.811289, "StreetID": null }, "geometry": { "type": "Point", "coordinates": [ -80.8112857651101, 35.273593106063203 ] } },
{ "type": "Feature", "properties": { "OBJECTID": 6248, "CRSH_ID": 1014220, "DATE_VAL_Y": 2020, "DATE_VAL_M": 2, "DATE_VAL_1": "February", "DATE_VAL_D": 17, "DAY_OF_WEE": 2, "DAY_OF_W_1": "Monday", "MILT_TIME": 1039, "CASE_NUM": 20200217103900, "CRSH_TYPE_": 24, "CRASH_TYPE": "Left turn, different roadways", "CRSH_LEVL": 1, "PRIMARY_CA": 19, "PRIMARY__1": "Failed to yield right of way", "SECONDARY_": "0", "SECONDARY1": " ", "LATITUDE": 35.291065, "LONGITUDE": -80.903318, "StreetID": null }, "geometry": { "type": "Point", "coordinates": [ -80.903314737711398, 35.291058106088698 ] } },
{ "type": "Feature", "properties": { "OBJECTID": 6249, "CRSH_ID": 1123192, "DATE_VAL_Y": 2021, "DATE_VAL_M": 10, "DATE_VAL_1": "October", "DATE_VAL_D": 24, "DAY_OF_WEE": 1, "DAY_OF_W_1": "Sunday", "MILT_TIME": 29, "CASE_NUM": 20211024002902, "CRSH_TYPE_": 14, "CRASH_TYPE": "Pedestrian", "CRSH_LEVL": 1, "PRIMARY_CA": 0, "PRIMARY__1": "No contributing circumstance indicated", "SECONDARY_": "0", "SECONDARY1": " ", "LATITUDE": 35.2413, "LONGITUDE": -80.92914, "StreetID": null }, "geometry": { "type": "Point", "coordinates": [ -80.929136731469498, 35.241293117903503 ] } },
{ "type": "Feature", "properties": { "OBJECTID": 6250, "CRSH_ID": 1222622, "DATE_VAL_Y": 2023, "DATE_VAL_M": 8, "DATE_VAL_1": "August", "DATE_VAL_D": 6, "DAY_OF_WEE": 1, "DAY_OF_W_1": "Sunday", "MILT_TIME": 2209, "CASE_NUM": 20230806220902, "CRSH_TYPE_": 24, "CRASH_TYPE": "Left turn, different roadways", "CRSH_LEVL": 1, "PRIMARY_CA": 6, "PRIMARY__1": "Exceeded authorized speed limit", "SECONDARY_": "0", "SECONDARY1": " ", "LATITUDE": 35.083335, "LONGITUDE": -80.830937, "StreetID": null }, "geometry": { "type": "Point", "coordinates": [ -80.830933768000307, 35.083328148469 ] } },
{ "type": "Feature", "properties": { "OBJECTID": 6251, "CRSH_ID": 1227782, "DATE_VAL_Y": 2023, "DATE_VAL_M": 9, "DATE_VAL_1": "September", "DATE_VAL_D": 18, "DAY_OF_WEE": 2, "DAY_OF_W_1": "Monday", "MILT_TIME": 1252, "CASE_NUM": 20230918125203, "CRSH_TYPE_": 1, "CRASH_TYPE": "Ran off road right", "CRSH_LEVL": 1, "PRIMARY_CA": 14, "PRIMARY__1": "Overcorrected/oversteered", "SECONDARY_": "0", "SECONDARY1": " ", "LATITUDE": 35.14024, "LONGITUDE": -80.94502, "StreetID": null }, "geometry": { "type": "Point", "coordinates": [ -80.945016731543504, 35.140233140434198 ] } },
{ "type": "Feature", "properties": { "OBJECTID": 6252, "CRSH_ID": 1135239, "DATE_VAL_Y": 2022, "DATE_VAL_M": 3, "DATE_VAL_1": "March", "DATE_VAL_D": 3, "DAY_OF_WEE": 5, "DAY_OF_W_1": "Thursday", "MILT_TIME": 2022, "CASE_NUM": 20220303202200, "CRSH_TYPE_": 14, "CRASH_TYPE": "Pedestrian", "CRSH_LEVL": 1, "PRIMARY_CA": 0, "PRIMARY__1": "No contributing circumstance indicated", "SECONDARY_": "0", "SECONDARY1": " ", "LATITUDE": 35.259529, "LONGITUDE": -80.735398, "StreetID": null }, "geometry": { "type": "Point", "coordinates": [ -80.735394788579299, 35.259522106733399 ] } },
{ "type": "Feature", "properties": { "OBJECTID": 6253, "CRSH_ID": 1270759, "DATE_VAL_Y": 2024, "DATE_VAL_M": 9, "DATE_VAL_1": "September", "DATE_VAL_D": 16, "DAY_OF_WEE": 2, "DAY_OF_W_1": "Monday", "MILT_TIME": 1714, "CASE_NUM": 20240916171403, "CRSH_TYPE_": 1, "CRASH_TYPE": "Ran off road right", "CRSH_LEVL": 2, "PRIMARY_CA": 32, "PRIMARY__1": "Other*", "SECONDARY_": "0", "SECONDARY1": " ", "LATITUDE": 35.219322, "LONGITUDE": -80.799739, "StreetID": null }, "geometry": { "type": "Point", "coordinates": [ -80.799735771771395, 35.219315117992103 ] } },
{ "type": "Feature", "properties": { "OBJECTID": 6254, "CRSH_ID": 1260165, "DATE_VAL_Y": 2024, "DATE_VAL_M": 6, "DATE_VAL_1": "June", "DATE_VAL_D": 9, "DAY_OF_WEE": 1, "DAY_OF_W_1": "Sunday", "MILT_TIME": 2200, "CASE_NUM": 20240609220001, "CRSH_TYPE_": 15, "CRASH_TYPE": "Pedalcyclist", "CRSH_LEVL": 1, "PRIMARY_CA": 34, "PRIMARY__1": "Unknown", "SECONDARY_": "0", "SECONDARY1": " ", "LATITUDE": 35.258123, "LONGITUDE": -80.782298, "StreetID": null }, "geometry": { "type": "Point", "coordinates": [ -80.782294774988699, 35.258116108914798 ] } },
{ "type": "Feature", "properties": { "OBJECTID": 6255, "CRSH_ID": 1123326, "DATE_VAL_Y": 2021, "DATE_VAL_M": 10, "DATE_VAL_1": "October", "DATE_VAL_D": 25, "DAY_OF_WEE": 2, "DAY_OF_W_1": "Monday", "MILT_TIME": 1410, "CASE_NUM": 20211025141003, "CRSH_TYPE_": 23, "CRASH_TYPE": "Left turn, same roadway", "CRSH_LEVL": 1, "PRIMARY_CA": 6, "PRIMARY__1": "Exceeded authorized speed limit", "SECONDARY_": "0", "SECONDARY1": " ", "LATITUDE": 35.227363, "LONGITUDE": -80.912477, "StreetID": null }, "geometry": { "type": "Point", "coordinates": [ -80.912473736012601, 35.227356119785597 ] } },
{ "type": "Feature", "properties": { "OBJECTID": 6256, "CRSH_ID": 2244267, "DATE_VAL_Y": 2022, "DATE_VAL_M": 5, "DATE_VAL_1": "May", "DATE_VAL_D": 17, "DAY_OF_WEE": 3, "DAY_OF_W_1": "Tuesday", "MILT_TIME": 724, "CASE_NUM": 20220517072401, "CRSH_TYPE_": 21, "CRASH_TYPE": "Rear end, slow or stop", "CRSH_LEVL": 1, "PRIMARY_CA": 8, "PRIMARY__1": "Failure to reduce speed", "SECONDARY_": "0", "SECONDARY1": " ", "LATITUDE": 35.210648, "LONGITUDE": -80.866735, "StreetID": null }, "geometry": { "type": "Point", "coordinates": [ -80.866731752948297, 35.2106411216946 ] } },
{ "type": "Feature", "properties": { "OBJECTID": 6257, "CRSH_ID": 1274469, "DATE_VAL_Y": 2024, "DATE_VAL_M": 10, "DATE_VAL_1": "October", "DATE_VAL_D": 15, "DAY_OF_WEE": 3, "DAY_OF_W_1": "Tuesday", "MILT_TIME": 1937, "CASE_NUM": 20241015193700, "CRSH_TYPE_": 14, "CRASH_TYPE": "Pedestrian", "CRSH_LEVL": 2, "PRIMARY_CA": 0, "PRIMARY__1": "No contributing circumstance indicated", "SECONDARY_": "0", "SECONDARY1": " ", "LATITUDE": 35.325637, "LONGITUDE": -80.945259, "StreetID": null }, "geometry": { "type": "Point", "coordinates": [ -80.945255722398699, 35.325630100105698 ] } },
{ "type": "Feature", "properties": { "OBJECTID": 6258, "CRSH_ID": 1239586, "DATE_VAL_Y": 2023, "DATE_VAL_M": 12, "DATE_VAL_1": "December", "DATE_VAL_D": 21, "DAY_OF_WEE": 5, "DAY_OF_W_1": "Thursday", "MILT_TIME": 1125, "CASE_NUM": 20231221115802, "CRSH_TYPE_": 21, "CRASH_TYPE": "Rear end, slow or stop", "CRSH_LEVL": 2, "PRIMARY_CA": 8, "PRIMARY__1": "Failure to reduce speed", "SECONDARY_": "0", "SECONDARY1": " ", "LATITUDE": 35.261368, "LONGITUDE": -80.795142, "StreetID": null }, "geometry": { "type": "Point", "coordinates": [ -80.795138769705105, 35.261361109038297 ] } },
{ "type": "Feature", "properties": { "OBJECTID": 6259, "CRSH_ID": 1016045, "DATE_VAL_Y": 2020, "DATE_VAL_M": 4, "DATE_VAL_1": "April", "DATE_VAL_D": 27, "DAY_OF_WEE": 2, "DAY_OF_W_1": "Monday", "MILT_TIME": 1410, "CASE_NUM": 20200427141000, "CRSH_TYPE_": 1, "CRASH_TYPE": "Ran off road right", "CRSH_LEVL": 2, "PRIMARY_CA": 6, "PRIMARY__1": "Exceeded authorized speed limit", "SECONDARY_": "0", "SECONDARY1": " ", "LATITUDE": 35.230168, "LONGITUDE": -80.860398, "StreetID": null }, "geometry": { "type": "Point", "coordinates": [ -80.860394752858397, 35.230161118405697 ] } },
{ "type": "Feature", "properties": { "OBJECTID": 6260, "CRSH_ID": 1255090, "DATE_VAL_Y": 2024, "DATE_VAL_M": 4, "DATE_VAL_1": "April", "DATE_VAL_D": 26, "DAY_OF_WEE": 6, "DAY_OF_W_1": "Friday", "MILT_TIME": 1549, "CASE_NUM": 20240426154901, "CRSH_TYPE_": 14, "CRASH_TYPE": "Pedestrian", "CRSH_LEVL": 2, "PRIMARY_CA": 35, "PRIMARY__1": "Driver distracted by electronic communication device (cell phone, texting, etc.", "SECONDARY_": "0", "SECONDARY1": " ", "LATITUDE": 35.161412, "LONGITUDE": -80.879916, "StreetID": null }, "geometry": { "type": "Point", "coordinates": [ -80.879912751012299, 35.161405132539201 ] } },
{ "type": "Feature", "properties": { "OBJECTID": 6261, "CRSH_ID": 1042572, "DATE_VAL_Y": 2020, "DATE_VAL_M": 8, "DATE_VAL_1": "August", "DATE_VAL_D": 21, "DAY_OF_WEE": 6, "DAY_OF_W_1": "Friday", "MILT_TIME": 2112, "CASE_NUM": 20200821211201, "CRSH_TYPE_": 14, "CRASH_TYPE": "Pedestrian", "CRSH_LEVL": 1, "PRIMARY_CA": 19, "PRIMARY__1": "Failed to yield right of way", "SECONDARY_": "0", "SECONDARY1": " ", "LATITUDE": 35.290576, "LONGITUDE": -80.96842, "StreetID": null }, "geometry": { "type": "Point", "coordinates": [ -80.968416717357798, 35.290569107637801 ] } },
{ "type": "Feature", "properties": { "OBJECTID": 6262, "CRSH_ID": 1275696, "DATE_VAL_Y": 2024, "DATE_VAL_M": 10, "DATE_VAL_1": "October", "DATE_VAL_D": 24, "DAY_OF_WEE": 5, "DAY_OF_W_1": "Thursday", "MILT_TIME": 1439, "CASE_NUM": 20241024143905, "CRSH_TYPE_": 14, "CRASH_TYPE": "Pedestrian", "CRSH_LEVL": 2, "PRIMARY_CA": 0, "PRIMARY__1": "No contributing circumstance indicated", "SECONDARY_": "0", "SECONDARY1": " ", "LATITUDE": 35.219518, "LONGITUDE": -80.836207, "StreetID": null }, "geometry": { "type": "Point", "coordinates": [ -80.8362037596862, 35.219511118975902 ] } },
{ "type": "Feature", "properties": { "OBJECTID": 6263, "CRSH_ID": 1110422, "DATE_VAL_Y": 2020, "DATE_VAL_M": 10, "DATE_VAL_1": "October", "DATE_VAL_D": 24, "DAY_OF_WEE": 7, "DAY_OF_W_1": "Saturday", "MILT_TIME": 1602, "CASE_NUM": 20201024160203, "CRSH_TYPE_": 23, "CRASH_TYPE": "Left turn, same roadway", "CRSH_LEVL": 1, "PRIMARY_CA": 6, "PRIMARY__1": "Exceeded authorized speed limit", "SECONDARY_": "0", "SECONDARY1": " ", "LATITUDE": 35.238849, "LONGITUDE": -80.884465, "StreetID": null }, "geometry": { "type": "Point", "coordinates": [ -80.884461745778907, 35.238842116357802 ] } },
{ "type": "Feature", "properties": { "OBJECTID": 6264, "CRSH_ID": 1108191, "DATE_VAL_Y": 2021, "DATE_VAL_M": 7, "DATE_VAL_1": "July", "DATE_VAL_D": 4, "DAY_OF_WEE": 1, "DAY_OF_W_1": "Sunday", "MILT_TIME": 2338, "CASE_NUM": 20210704233803, "CRSH_TYPE_": 14, "CRASH_TYPE": "Pedestrian", "CRSH_LEVL": 1, "PRIMARY_CA": 30, "PRIMARY__1": "Alcohol use", "SECONDARY_": "0", "SECONDARY1": " ", "LATITUDE": 35.21017, "LONGITUDE": -80.90816, "StreetID": null }, "geometry": { "type": "Point", "coordinates": [ -80.908156740573006, 35.210163123669901 ] } },
{ "type": "Feature", "properties": { "OBJECTID": 6265, "CRSH_ID": 1096251, "DATE_VAL_Y": 2021, "DATE_VAL_M": 5, "DATE_VAL_1": "May", "DATE_VAL_D": 15, "DAY_OF_WEE": 7, "DAY_OF_W_1": "Saturday", "MILT_TIME": 17, "CASE_NUM": 20210515001701, "CRSH_TYPE_": 1, "CRASH_TYPE": "Ran off road right", "CRSH_LEVL": 2, "PRIMARY_CA": 27, "PRIMARY__1": "Swerved or avoided due to wind, slippery surface, vehicle, object, non-motorist", "SECONDARY_": "0", "SECONDARY1": " ", "LATITUDE": 35.19858, "LONGITUDE": -80.72164, "StreetID": null }, "geometry": { "type": "Point", "coordinates": [ -80.721636795782501, 35.198573120045097 ] } },
{ "type": "Feature", "properties": { "OBJECTID": 6266, "CRSH_ID": 1277907, "DATE_VAL_Y": 2024, "DATE_VAL_M": 11, "DATE_VAL_1": "November", "DATE_VAL_D": 10, "DAY_OF_WEE": 1, "DAY_OF_W_1": "Sunday", "MILT_TIME": 2340, "CASE_NUM": 20241110234001, "CRSH_TYPE_": 14, "CRASH_TYPE": "Pedestrian", "CRSH_LEVL": 2, "PRIMARY_CA": 0, "PRIMARY__1": "No contributing circumstance indicated", "SECONDARY_": "0", "SECONDARY1": " ", "LATITUDE": 35.307126, "LONGITUDE": -80.860018, "StreetID": null }, "geometry": { "type": "Point", "coordinates": [ -80.860014748237205, 35.307119100762002 ] } },
{ "type": "Feature", "properties": { "OBJECTID": 6267, "CRSH_ID": 1233374, "DATE_VAL_Y": 2023, "DATE_VAL_M": 11, "DATE_VAL_1": "November", "DATE_VAL_D": 3, "DAY_OF_WEE": 6, "DAY_OF_W_1": "Friday", "MILT_TIME": 636, "CASE_NUM": 20231103063600, "CRSH_TYPE_": 24, "CRASH_TYPE": "Left turn, different roadways", "CRSH_LEVL": 2, "PRIMARY_CA": 4, "PRIMARY__1": "Disregarded traffic signals", "SECONDARY_": "0", "SECONDARY1": " ", "LATITUDE": 35.169531, "LONGITUDE": -80.904752, "StreetID": null }, "geometry": { "type": "Point", "coordinates": [ -80.904748741531293, 35.169524132959303 ] } },
{ "type": "Feature", "properties": { "OBJECTID": 6268, "CRSH_ID": 1129282, "DATE_VAL_Y": 2021, "DATE_VAL_M": 12, "DATE_VAL_1": "December", "DATE_VAL_D": 23, "DAY_OF_WEE": 5, "DAY_OF_W_1": "Thursday", "MILT_TIME": 1515, "CASE_NUM": 20211223151503, "CRSH_TYPE_": 14, "CRASH_TYPE": "Pedestrian", "CRSH_LEVL": 2, "PRIMARY_CA": 0, "PRIMARY__1": "No contributing circumstance indicated", "SECONDARY_": "0", "SECONDARY1": " ", "LATITUDE": 35.185875, "LONGITUDE": -80.730035, "StreetID": null }, "geometry": { "type": "Point", "coordinates": [ -80.730031794769104, 35.185868123285303 ] } },
{ "type": "Feature", "properties": { "OBJECTID": 6269, "CRSH_ID": 1242556, "DATE_VAL_Y": 2024, "DATE_VAL_M": 1, "DATE_VAL_1": "January", "DATE_VAL_D": 13, "DAY_OF_WEE": 7, "DAY_OF_W_1": "Saturday", "MILT_TIME": 2320, "CASE_NUM": 20240113232000, "CRSH_TYPE_": 1, "CRASH_TYPE": "Ran off road right", "CRSH_LEVL": 1, "PRIMARY_CA": 6, "PRIMARY__1": "Exceeded authorized speed limit", "SECONDARY_": "0", "SECONDARY1": " ", "LATITUDE": 35.314133, "LONGITUDE": -80.699759, "StreetID": null }, "geometry": { "type": "Point", "coordinates": [ -80.699755795812493, 35.314126093255801 ] } },
{ "type": "Feature", "properties": { "OBJECTID": 6270, "CRSH_ID": 1267346, "DATE_VAL_Y": 2024, "DATE_VAL_M": 8, "DATE_VAL_1": "August", "DATE_VAL_D": 15, "DAY_OF_WEE": 5, "DAY_OF_W_1": "Thursday", "MILT_TIME": 744, "CASE_NUM": 20240815074400, "CRSH_TYPE_": 21, "CRASH_TYPE": "Rear end, slow or stop", "CRSH_LEVL": 1, "PRIMARY_CA": 6, "PRIMARY__1": "Exceeded authorized speed limit", "SECONDARY_": "0", "SECONDARY1": " ", "LATITUDE": 35.213349, "LONGITUDE": -80.755993, "StreetID": null }, "geometry": { "type": "Point", "coordinates": [ -80.755989785236494, 35.213342117111203 ] } },
{ "type": "Feature", "properties": { "OBJECTID": 6271, "CRSH_ID": 1102459, "DATE_VAL_Y": 2021, "DATE_VAL_M": 6, "DATE_VAL_1": "June", "DATE_VAL_D": 12, "DAY_OF_WEE": 7, "DAY_OF_W_1": "Saturday", "MILT_TIME": 329, "CASE_NUM": 20210612032900, "CRSH_TYPE_": 21, "CRASH_TYPE": "Rear end, slow or stop", "CRSH_LEVL": 2, "PRIMARY_CA": 0, "PRIMARY__1": "No contributing circumstance indicated", "SECONDARY_": "0", "SECONDARY1": " ", "LATITUDE": 35.198833, "LONGITUDE": -80.768573, "StreetID": null }, "geometry": { "type": "Point", "coordinates": [ -80.768569781018499, 35.198826121922004 ] } },
{ "type": "Feature", "properties": { "OBJECTID": 6272, "CRSH_ID": 1100156, "DATE_VAL_Y": 2021, "DATE_VAL_M": 5, "DATE_VAL_1": "May", "DATE_VAL_D": 22, "DAY_OF_WEE": 7, "DAY_OF_W_1": "Saturday", "MILT_TIME": 259, "CASE_NUM": 20210522025903, "CRSH_TYPE_": 2, "CRASH_TYPE": "Ran off road left", "CRSH_LEVL": 1, "PRIMARY_CA": 30, "PRIMARY__1": "Alcohol use", "SECONDARY_": "0", "SECONDARY1": " ", "LATITUDE": 35.21184, "LONGITUDE": -80.89546, "StreetID": null }, "geometry": { "type": "Point", "coordinates": [ -80.895456743953602, 35.211833122938799 ] } },
{ "type": "Feature", "properties": { "OBJECTID": 6273, "CRSH_ID": 1259717, "DATE_VAL_Y": 2024, "DATE_VAL_M": 6, "DATE_VAL_1": "June", "DATE_VAL_D": 10, "DAY_OF_WEE": 2, "DAY_OF_W_1": "Monday", "MILT_TIME": 2158, "CASE_NUM": 20240610215802, "CRSH_TYPE_": 14, "CRASH_TYPE": "Pedestrian", "CRSH_LEVL": 1, "PRIMARY_CA": 0, "PRIMARY__1": "No contributing circumstance indicated", "SECONDARY_": "0", "SECONDARY1": " ", "LATITUDE": 35.241501, "LONGITUDE": -80.796202, "StreetID": null }, "geometry": { "type": "Point", "coordinates": [ -80.796198771921993, 35.241494113338703 ] } },
{ "type": "Feature", "properties": { "OBJECTID": 6274, "CRSH_ID": 1051716, "DATE_VAL_Y": 2020, "DATE_VAL_M": 8, "DATE_VAL_1": "August", "DATE_VAL_D": 5, "DAY_OF_WEE": 4, "DAY_OF_W_1": "Wednesday", "MILT_TIME": 1811, "CASE_NUM": 20200805181100, "CRSH_TYPE_": 2, "CRASH_TYPE": "Ran off road left", "CRSH_LEVL": 1, "PRIMARY_CA": 6, "PRIMARY__1": "Exceeded authorized speed limit", "SECONDARY_": "0", "SECONDARY1": " ", "LATITUDE": 35.26431, "LONGITUDE": -80.752472, "StreetID": null }, "geometry": { "type": "Point", "coordinates": [ -80.752468783474598, 35.264303106112699 ] } },
{ "type": "Feature", "properties": { "OBJECTID": 6275, "CRSH_ID": 1061633, "DATE_VAL_Y": 2020, "DATE_VAL_M": 8, "DATE_VAL_1": "August", "DATE_VAL_D": 27, "DAY_OF_WEE": 5, "DAY_OF_W_1": "Thursday", "MILT_TIME": 2316, "CASE_NUM": 20200827231600, "CRSH_TYPE_": 14, "CRASH_TYPE": "Pedestrian", "CRSH_LEVL": 1, "PRIMARY_CA": 6, "PRIMARY__1": "Exceeded authorized speed limit", "SECONDARY_": "0", "SECONDARY1": " ", "LATITUDE": 35.202863, "LONGITUDE": -80.725921, "StreetID": null }, "geometry": { "type": "Point", "coordinates": [ -80.725917793633101, 35.2028561195065 ] } },
{ "type": "Feature", "properties": { "OBJECTID": 6276, "CRSH_ID": 1163039, "DATE_VAL_Y": 2022, "DATE_VAL_M": 6, "DATE_VAL_1": "June", "DATE_VAL_D": 15, "DAY_OF_WEE": 4, "DAY_OF_W_1": "Wednesday", "MILT_TIME": 2051, "CASE_NUM": 20220615205103, "CRSH_TYPE_": 30, "CRASH_TYPE": "Angle", "CRSH_LEVL": 2, "PRIMARY_CA": 26, "PRIMARY__1": "Operated vehicle in erratic, reckless, careless, negligent or aggressive manner", "SECONDARY_": "0", "SECONDARY1": " ", "LATITUDE": 35.214773, "LONGITUDE": -80.827928, "StreetID": null }, "geometry": { "type": "Point", "coordinates": [ -80.827924764159306, 35.214766119312401 ] } },
{ "type": "Feature", "properties": { "OBJECTID": 6277, "CRSH_ID": 1257957, "DATE_VAL_Y": 2024, "DATE_VAL_M": 5, "DATE_VAL_1": "May", "DATE_VAL_D": 27, "DAY_OF_WEE": 2, "DAY_OF_W_1": "Monday", "MILT_TIME": 2017, "CASE_NUM": 20240527201701, "CRSH_TYPE_": 14, "CRASH_TYPE": "Pedestrian", "CRSH_LEVL": 2, "PRIMARY_CA": 12, "PRIMARY__1": "Improper lane change", "SECONDARY_": "0", "SECONDARY1": " ", "LATITUDE": 35.135274, "LONGITUDE": -80.893236, "StreetID": null }, "geometry": { "type": "Point", "coordinates": [ -80.893232748363602, 35.1352671389552 ] } },
{ "type": "Feature", "properties": { "OBJECTID": 6278, "CRSH_ID": 1250083, "DATE_VAL_Y": 2024, "DATE_VAL_M": 3, "DATE_VAL_1": "March", "DATE_VAL_D": 16, "DAY_OF_WEE": 7, "DAY_OF_W_1": "Saturday", "MILT_TIME": 339, "CASE_NUM": 20240316033904, "CRSH_TYPE_": 14, "CRASH_TYPE": "Pedestrian", "CRSH_LEVL": 1, "PRIMARY_CA": 26, "PRIMARY__1": "Operated vehicle in erratic, reckless, careless, negligent or aggressive manner", "SECONDARY_": "0", "SECONDARY1": " ", "LATITUDE": 35.263493, "LONGITUDE": -80.880629, "StreetID": null }, "geometry": { "type": "Point", "coordinates": [ -80.880625744914497, 35.263486110312897 ] } },
{ "type": "Feature", "properties": { "OBJECTID": 6279, "CRSH_ID": 1132620, "DATE_VAL_Y": 2022, "DATE_VAL_M": 2, "DATE_VAL_1": "February", "DATE_VAL_D": 3, "DAY_OF_WEE": 5, "DAY_OF_W_1": "Thursday", "MILT_TIME": 2250, "CASE_NUM": 20220203200301, "CRSH_TYPE_": 14, "CRASH_TYPE": "Pedestrian", "CRSH_LEVL": 2, "PRIMARY_CA": 20, "PRIMARY__1": "Inattention", "SECONDARY_": "0", "SECONDARY1": " ", "LATITUDE": 35.34394, "LONGITUDE": -80.7672, "StreetID": null }, "geometry": { "type": "Point", "coordinates": [ -80.767196774579304, 35.343933089611802 ] } },
{ "type": "Feature", "properties": { "OBJECTID": 6280, "CRSH_ID": 1203845, "DATE_VAL_Y": 2023, "DATE_VAL_M": 3, "DATE_VAL_1": "March", "DATE_VAL_D": 6, "DAY_OF_WEE": 2, "DAY_OF_W_1": "Monday", "MILT_TIME": 1236, "CASE_NUM": 20230306123601, "CRSH_TYPE_": 23, "CRASH_TYPE": "Left turn, same roadway", "CRSH_LEVL": 2, "PRIMARY_CA": 4, "PRIMARY__1": "Disregarded traffic signals", "SECONDARY_": "0", "SECONDARY1": " ", "LATITUDE": 35.22405, "LONGITUDE": -80.88609, "StreetID": null }, "geometry": { "type": "Point", "coordinates": [ -80.886086745458599, 35.224043119318203 ] } },
{ "type": "Feature", "properties": { "OBJECTID": 6281, "CRSH_ID": 1212799, "DATE_VAL_Y": 2023, "DATE_VAL_M": 5, "DATE_VAL_1": "May", "DATE_VAL_D": 22, "DAY_OF_WEE": 2, "DAY_OF_W_1": "Monday", "MILT_TIME": 14, "CASE_NUM": 20230522001401, "CRSH_TYPE_": 1, "CRASH_TYPE": "Ran off road right", "CRSH_LEVL": 2, "PRIMARY_CA": 14, "PRIMARY__1": "Overcorrected/oversteered", "SECONDARY_": "0", "SECONDARY1": " ", "LATITUDE": 35.33052, "LONGITUDE": -80.79992, "StreetID": null }, "geometry": { "type": "Point", "coordinates": [ -80.799916764960003, 35.330513094158903 ] } },
{ "type": "Feature", "properties": { "OBJECTID": 6282, "CRSH_ID": 1114228, "DATE_VAL_Y": 2021, "DATE_VAL_M": 4, "DATE_VAL_1": "April", "DATE_VAL_D": 24, "DAY_OF_WEE": 7, "DAY_OF_W_1": "Saturday", "MILT_TIME": 2106, "CASE_NUM": 20210424210601, "CRSH_TYPE_": 14, "CRASH_TYPE": "Pedestrian", "CRSH_LEVL": 1, "PRIMARY_CA": 8, "PRIMARY__1": "Failure to reduce speed", "SECONDARY_": "0", "SECONDARY1": " ", "LATITUDE": 35.242526, "LONGITUDE": -80.779862, "StreetID": null }, "geometry": { "type": "Point", "coordinates": [ -80.779858775696795, 35.242519112746301 ] } },
{ "type": "Feature", "properties": { "OBJECTID": 6283, "CRSH_ID": 1237250, "DATE_VAL_Y": 2023, "DATE_VAL_M": 12, "DATE_VAL_1": "December", "DATE_VAL_D": 5, "DAY_OF_WEE": 3, "DAY_OF_W_1": "Tuesday", "MILT_TIME": 914, "CASE_NUM": 20231205091400, "CRSH_TYPE_": 14, "CRASH_TYPE": "Pedestrian", "CRSH_LEVL": 1, "PRIMARY_CA": 33, "PRIMARY__1": "Unable to determine", "SECONDARY_": "0", "SECONDARY1": " ", "LATITUDE": 35.153179, "LONGITUDE": -80.92286, "StreetID": null }, "geometry": { "type": "Point", "coordinates": [ -80.922856739391193, 35.153172136943397 ] } },
{ "type": "Feature", "properties": { "OBJECTID": 6284, "CRSH_ID": 1044698, "DATE_VAL_Y": 2020, "DATE_VAL_M": 7, "DATE_VAL_1": "July", "DATE_VAL_D": 2, "DAY_OF_WEE": 5, "DAY_OF_W_1": "Thursday", "MILT_TIME": 1659, "CASE_NUM": 20200702165900, "CRSH_TYPE_": 14, "CRASH_TYPE": "Pedestrian", "CRSH_LEVL": 2, "PRIMARY_CA": 20, "PRIMARY__1": "Inattention", "SECONDARY_": "0", "SECONDARY1": " ", "LATITUDE": 35.209318, "LONGITUDE": -80.916298, "StreetID": null }, "geometry": { "type": "Point", "coordinates": [ -80.916294737724201, 35.209311124362401 ] } },
{ "type": "Feature", "properties": { "OBJECTID": 6285, "CRSH_ID": 1236977, "DATE_VAL_Y": 2023, "DATE_VAL_M": 12, "DATE_VAL_1": "December", "DATE_VAL_D": 2, "DAY_OF_WEE": 7, "DAY_OF_W_1": "Saturday", "MILT_TIME": 2057, "CASE_NUM": 20231202205705, "CRSH_TYPE_": 27, "CRASH_TYPE": "Head on", "CRSH_LEVL": 1, "PRIMARY_CA": 11, "PRIMARY__1": "Crossed centerline/going wrong way", "SECONDARY_": "0", "SECONDARY1": " ", "LATITUDE": 35.216395, "LONGITUDE": -80.694421, "StreetID": null }, "geometry": { "type": "Point", "coordinates": [ -80.694417802524001, 35.216388115248698 ] } },
{ "type": "Feature", "properties": { "OBJECTID": 6286, "CRSH_ID": 1131431, "DATE_VAL_Y": 2022, "DATE_VAL_M": 1, "DATE_VAL_1": "January", "DATE_VAL_D": 20, "DAY_OF_WEE": 5, "DAY_OF_W_1": "Thursday", "MILT_TIME": 2200, "CASE_NUM": 20220120220005, "CRSH_TYPE_": 30, "CRASH_TYPE": "Angle", "CRSH_LEVL": 2, "PRIMARY_CA": 4, "PRIMARY__1": "Disregarded traffic signals", "SECONDARY_": "0", "SECONDARY1": " ", "LATITUDE": 35.31517, "LONGITUDE": -80.83357, "StreetID": null }, "geometry": { "type": "Point", "coordinates": [ -80.833566756729198, 35.315163098978701 ] } },
{ "type": "Feature", "properties": { "OBJECTID": 6287, "CRSH_ID": 1212670, "DATE_VAL_Y": 2023, "DATE_VAL_M": 5, "DATE_VAL_1": "May", "DATE_VAL_D": 20, "DAY_OF_WEE": 7, "DAY_OF_W_1": "Saturday", "MILT_TIME": 1722, "CASE_NUM": 20230520172203, "CRSH_TYPE_": 23, "CRASH_TYPE": "Left turn, same roadway", "CRSH_LEVL": 2, "PRIMARY_CA": 26, "PRIMARY__1": "Operated vehicle in erratic, reckless, careless, negligent or aggressive manner", "SECONDARY_": "0", "SECONDARY1": " ", "LATITUDE": 35.24406, "LONGITUDE": -80.89576, "StreetID": null }, "geometry": { "type": "Point", "coordinates": [ -80.895756741767698, 35.244053115358803 ] } },
{ "type": "Feature", "properties": { "OBJECTID": 6288, "CRSH_ID": 1130640, "DATE_VAL_Y": 2022, "DATE_VAL_M": 1, "DATE_VAL_1": "January", "DATE_VAL_D": 9, "DAY_OF_WEE": 1, "DAY_OF_W_1": "Sunday", "MILT_TIME": 1249, "CASE_NUM": 20220109124901, "CRSH_TYPE_": 1, "CRASH_TYPE": "Ran off road right", "CRSH_LEVL": 1, "PRIMARY_CA": 6, "PRIMARY__1": "Exceeded authorized speed limit", "SECONDARY_": "0", "SECONDARY1": " ", "LATITUDE": 35.220948, "LONGITUDE": -80.902241, "StreetID": null }, "geometry": { "type": "Point", "coordinates": [ -80.902237741517894, 35.220941121541799 ] } },
{ "type": "Feature", "properties": { "OBJECTID": 6289, "CRSH_ID": 1026345, "DATE_VAL_Y": 2020, "DATE_VAL_M": 6, "DATE_VAL_1": "June", "DATE_VAL_D": 18, "DAY_OF_WEE": 5, "DAY_OF_W_1": "Thursday", "MILT_TIME": 704, "CASE_NUM": 20200618070401, "CRSH_TYPE_": 21, "CRASH_TYPE": "Rear end, slow or stop", "CRSH_LEVL": 2, "PRIMARY_CA": 20, "PRIMARY__1": "Inattention", "SECONDARY_": "0", "SECONDARY1": " ", "LATITUDE": 35.272929, "LONGITUDE": -80.885164, "StreetID": null }, "geometry": { "type": "Point", "coordinates": [ -80.885160743581295, 35.272922109493898 ] } },
{ "type": "Feature", "properties": { "OBJECTID": 6290, "CRSH_ID": 1226296, "DATE_VAL_Y": 2023, "DATE_VAL_M": 9, "DATE_VAL_1": "September", "DATE_VAL_D": 3, "DAY_OF_WEE": 1, "DAY_OF_W_1": "Sunday", "MILT_TIME": 2057, "CASE_NUM": 20230903205702, "CRSH_TYPE_": 23, "CRASH_TYPE": "Left turn, same roadway", "CRSH_LEVL": 1, "PRIMARY_CA": 6, "PRIMARY__1": "Exceeded authorized speed limit", "SECONDARY_": "0", "SECONDARY1": " ", "LATITUDE": 35.091039, "LONGITUDE": -80.787212, "StreetID": null }, "geometry": { "type": "Point", "coordinates": [ -80.787208782312504, 35.0910321446541 ] } },
{ "type": "Feature", "properties": { "OBJECTID": 6291, "CRSH_ID": 1106174, "DATE_VAL_Y": 2021, "DATE_VAL_M": 6, "DATE_VAL_1": "June", "DATE_VAL_D": 27, "DAY_OF_WEE": 1, "DAY_OF_W_1": "Sunday", "MILT_TIME": 718, "CASE_NUM": 20210627071800, "CRSH_TYPE_": 30, "CRASH_TYPE": "Angle", "CRSH_LEVL": 2, "PRIMARY_CA": 19, "PRIMARY__1": "Failed to yield right of way", "SECONDARY_": "0", "SECONDARY1": " ", "LATITUDE": 35.088121, "LONGITUDE": -80.865503, "StreetID": null }, "geometry": { "type": "Point", "coordinates": [ -80.865499758482997, 35.088114147236702 ] } },
{ "type": "Feature", "properties": { "OBJECTID": 6292, "CRSH_ID": 1169386, "DATE_VAL_Y": 2022, "DATE_VAL_M": 8, "DATE_VAL_1": "August", "DATE_VAL_D": 10, "DAY_OF_WEE": 4, "DAY_OF_W_1": "Wednesday", "MILT_TIME": 1545, "CASE_NUM": 20220810154501, "CRSH_TYPE_": 27, "CRASH_TYPE": "Head on", "CRSH_LEVL": 1, "PRIMARY_CA": 11, "PRIMARY__1": "Crossed centerline/going wrong way", "SECONDARY_": "0", "SECONDARY1": " ", "LATITUDE": 35.30971, "LONGITUDE": -80.9741, "StreetID": null }, "geometry": { "type": "Point", "coordinates": [ -80.974096715591202, 35.309703105209302 ] } },
{ "type": "Feature", "properties": { "OBJECTID": 6293, "CRSH_ID": 2244282, "DATE_VAL_Y": 2024, "DATE_VAL_M": 10, "DATE_VAL_1": "October", "DATE_VAL_D": 9, "DAY_OF_WEE": 4, "DAY_OF_W_1": "Wednesday", "MILT_TIME": 1322, "CASE_NUM": 202401009132200, "CRSH_TYPE_": 14, "CRASH_TYPE": "Pedestrian", "CRSH_LEVL": 1, "PRIMARY_CA": 0, "PRIMARY__1": "No contributing circumstance indicated", "SECONDARY_": "0", "SECONDARY1": " ", "LATITUDE": 35.259582, "LONGITUDE": -80.879033, "StreetID": null }, "geometry": { "type": "Point", "coordinates": [ -80.879029745423196, 35.2595751113844 ] } },
{ "type": "Feature", "properties": { "OBJECTID": 6294, "CRSH_ID": 1278980, "DATE_VAL_Y": 2024, "DATE_VAL_M": 11, "DATE_VAL_1": "November", "DATE_VAL_D": 18, "DAY_OF_WEE": 2, "DAY_OF_W_1": "Monday", "MILT_TIME": 1125, "CASE_NUM": 20241118112500, "CRSH_TYPE_": 21, "CRASH_TYPE": "Rear end, slow or stop", "CRSH_LEVL": 2, "PRIMARY_CA": 8, "PRIMARY__1": "Failure to reduce speed", "SECONDARY_": "0", "SECONDARY1": " ", "LATITUDE": 35.224529, "LONGITUDE": -80.86054, "StreetID": null }, "geometry": { "type": "Point", "coordinates": [ -80.860536752356396, 35.224522118439701 ] } },
{ "type": "Feature", "properties": { "OBJECTID": 6295, "CRSH_ID": 1072553, "DATE_VAL_Y": 2021, "DATE_VAL_M": 1, "DATE_VAL_1": "January", "DATE_VAL_D": 22, "DAY_OF_WEE": 6, "DAY_OF_W_1": "Friday", "MILT_TIME": 1329, "CASE_NUM": 20210122132900, "CRSH_TYPE_": 23, "CRASH_TYPE": "Left turn, same roadway", "CRSH_LEVL": 2, "PRIMARY_CA": 33, "PRIMARY__1": "Unable to determine", "SECONDARY_": "0", "SECONDARY1": " ", "LATITUDE": 35.124928, "LONGITUDE": -80.878574, "StreetID": null }, "geometry": { "type": "Point", "coordinates": [ -80.878570753100703, 35.124921140943798 ] } },
{ "type": "Feature", "properties": { "OBJECTID": 6296, "CRSH_ID": 1108384, "DATE_VAL_Y": 2021, "DATE_VAL_M": 6, "DATE_VAL_1": "June", "DATE_VAL_D": 28, "DAY_OF_WEE": 2, "DAY_OF_W_1": "Monday", "MILT_TIME": 2051, "CASE_NUM": 20210628205101, "CRSH_TYPE_": 24, "CRASH_TYPE": "Left turn, different roadways", "CRSH_LEVL": 1, "PRIMARY_CA": 34, "PRIMARY__1": "Unknown", "SECONDARY_": "0", "SECONDARY1": " ", "LATITUDE": 35.20296, "LONGITUDE": -80.87149, "StreetID": null }, "geometry": { "type": "Point", "coordinates": [ -80.871486751148396, 35.2029531246719 ] } },
{ "type": "Feature", "properties": { "OBJECTID": 6297, "CRSH_ID": 1213406, "DATE_VAL_Y": 2023, "DATE_VAL_M": 5, "DATE_VAL_1": "May", "DATE_VAL_D": 26, "DAY_OF_WEE": 6, "DAY_OF_W_1": "Friday", "MILT_TIME": 2138, "CASE_NUM": 20230526213800, "CRSH_TYPE_": 14, "CRASH_TYPE": "Pedestrian", "CRSH_LEVL": 1, "PRIMARY_CA": 0, "PRIMARY__1": "No contributing circumstance indicated", "SECONDARY_": "0", "SECONDARY1": " ", "LATITUDE": 35.14901, "LONGITUDE": -80.72606, "StreetID": null }, "geometry": { "type": "Point", "coordinates": [ -80.726056796101801, 35.149003129062201 ] } },
{ "type": "Feature", "properties": { "OBJECTID": 6298, "CRSH_ID": 1251515, "DATE_VAL_Y": 2024, "DATE_VAL_M": 4, "DATE_VAL_1": "April", "DATE_VAL_D": 4, "DAY_OF_WEE": 5, "DAY_OF_W_1": "Thursday", "MILT_TIME": 1421, "CASE_NUM": 20240404142102, "CRSH_TYPE_": 27, "CRASH_TYPE": "Head on", "CRSH_LEVL": 2, "PRIMARY_CA": 11, "PRIMARY__1": "Crossed centerline/going wrong way", "SECONDARY_": "0", "SECONDARY1": " ", "LATITUDE": 35.180533, "LONGITUDE": -80.85144, "StreetID": null }, "geometry": { "type": "Point", "coordinates": [ -80.851436757651896, 35.1805261284442 ] } },
{ "type": "Feature", "properties": { "OBJECTID": 6299, "CRSH_ID": 1182155, "DATE_VAL_Y": 2022, "DATE_VAL_M": 11, "DATE_VAL_1": "November", "DATE_VAL_D": 14, "DAY_OF_WEE": 2, "DAY_OF_W_1": "Monday", "MILT_TIME": 631, "CASE_NUM": 20221114063101, "CRSH_TYPE_": 14, "CRASH_TYPE": "Pedestrian", "CRSH_LEVL": 1, "PRIMARY_CA": 0, "PRIMARY__1": "No contributing circumstance indicated", "SECONDARY_": "0", "SECONDARY1": " ", "LATITUDE": 35.248167, "LONGITUDE": -80.814954, "StreetID": null }, "geometry": { "type": "Point", "coordinates": [ -80.814950764267195, 35.248160111820702 ] } },
{ "type": "Feature", "properties": { "OBJECTID": 6300, "CRSH_ID": 1116685, "DATE_VAL_Y": 2021, "DATE_VAL_M": 8, "DATE_VAL_1": "August", "DATE_VAL_D": 20, "DAY_OF_WEE": 6, "DAY_OF_W_1": "Friday", "MILT_TIME": 2136, "CASE_NUM": 20210820213602, "CRSH_TYPE_": 14, "CRASH_TYPE": "Pedestrian", "CRSH_LEVL": 2, "PRIMARY_CA": 0, "PRIMARY__1": "No contributing circumstance indicated", "SECONDARY_": "0", "SECONDARY1": " ", "LATITUDE": 35.291606, "LONGITUDE": -80.753225, "StreetID": null }, "geometry": { "type": "Point", "coordinates": [ -80.753221781781903, 35.291599100759903 ] } },
{ "type": "Feature", "properties": { "OBJECTID": 6301, "CRSH_ID": 1254423, "DATE_VAL_Y": 2024, "DATE_VAL_M": 4, "DATE_VAL_1": "April", "DATE_VAL_D": 27, "DAY_OF_WEE": 7, "DAY_OF_W_1": "Saturday", "MILT_TIME": 2157, "CASE_NUM": 20240427215700, "CRSH_TYPE_": 27, "CRASH_TYPE": "Head on", "CRSH_LEVL": 2, "PRIMARY_CA": 33, "PRIMARY__1": "Unable to determine", "SECONDARY_": "0", "SECONDARY1": " ", "LATITUDE": 35.297346, "LONGITUDE": -80.812686, "StreetID": null }, "geometry": { "type": "Point", "coordinates": [ -80.812682763061602, 35.297339102166099 ] } },
{ "type": "Feature", "properties": { "OBJECTID": 6302, "CRSH_ID": 1238103, "DATE_VAL_Y": 2023, "DATE_VAL_M": 12, "DATE_VAL_1": "December", "DATE_VAL_D": 10, "DAY_OF_WEE": 1, "DAY_OF_W_1": "Sunday", "MILT_TIME": 1724, "CASE_NUM": 20231210172405, "CRSH_TYPE_": 30, "CRASH_TYPE": "Angle", "CRSH_LEVL": 2, "PRIMARY_CA": 2, "PRIMARY__1": "Disregarded stop sign", "SECONDARY_": "0", "SECONDARY1": " ", "LATITUDE": 35.24992, "LONGITUDE": -80.7902, "StreetID": null }, "geometry": { "type": "Point", "coordinates": [ -80.790196773006102, 35.249913111223698 ] } },
{ "type": "Feature", "properties": { "OBJECTID": 6303, "CRSH_ID": 1112705, "DATE_VAL_Y": 2021, "DATE_VAL_M": 7, "DATE_VAL_1": "July", "DATE_VAL_D": 26, "DAY_OF_WEE": 2, "DAY_OF_W_1": "Monday", "MILT_TIME": 226, "CASE_NUM": 20210726022600, "CRSH_TYPE_": 14, "CRASH_TYPE": "Pedestrian", "CRSH_LEVL": 1, "PRIMARY_CA": 0, "PRIMARY__1": "No contributing circumstance indicated", "SECONDARY_": "0", "SECONDARY1": " ", "LATITUDE": 35.31874, "LONGITUDE": -80.72963, "StreetID": null }, "geometry": { "type": "Point", "coordinates": [ -80.729626786985094, 35.318733093708502 ] } },
{ "type": "Feature", "properties": { "OBJECTID": 6304, "CRSH_ID": 1071014, "DATE_VAL_Y": 2020, "DATE_VAL_M": 12, "DATE_VAL_1": "December", "DATE_VAL_D": 1, "DAY_OF_WEE": 3, "DAY_OF_W_1": "Tuesday", "MILT_TIME": 1808, "CASE_NUM": 20201201180802, "CRSH_TYPE_": 21, "CRASH_TYPE": "Rear end, slow or stop", "CRSH_LEVL": 1, "PRIMARY_CA": 30, "PRIMARY__1": "Alcohol use", "SECONDARY_": "0", "SECONDARY1": " ", "LATITUDE": 35.282418, "LONGITUDE": -80.779056, "StreetID": null }, "geometry": { "type": "Point", "coordinates": [ -80.779052775275602, 35.282411102672398 ] } },
{ "type": "Feature", "properties": { "OBJECTID": 6305, "CRSH_ID": 1084640, "DATE_VAL_Y": 2021, "DATE_VAL_M": 3, "DATE_VAL_1": "March", "DATE_VAL_D": 23, "DAY_OF_WEE": 3, "DAY_OF_W_1": "Tuesday", "MILT_TIME": 1034, "CASE_NUM": 20210323103600, "CRSH_TYPE_": 23, "CRASH_TYPE": "Left turn, same roadway", "CRSH_LEVL": 2, "PRIMARY_CA": 4, "PRIMARY__1": "Disregarded traffic signals", "SECONDARY_": "0", "SECONDARY1": " ", "LATITUDE": 35.30592, "LONGITUDE": -80.7243, "StreetID": null }, "geometry": { "type": "Point", "coordinates": [ -80.724296789507903, 35.3059130974423 ] } },
{ "type": "Feature", "properties": { "OBJECTID": 6306, "CRSH_ID": 2244263, "DATE_VAL_Y": 2021, "DATE_VAL_M": 10, "DATE_VAL_1": "October", "DATE_VAL_D": 21, "DAY_OF_WEE": 5, "DAY_OF_W_1": "Thursday", "MILT_TIME": 834, "CASE_NUM": 20211021083401, "CRSH_TYPE_": 23, "CRASH_TYPE": "Left turn, same roadway", "CRSH_LEVL": 1, "PRIMARY_CA": 19, "PRIMARY__1": "Failed to yield right of way", "SECONDARY_": "0", "SECONDARY1": " ", "LATITUDE": 35.128154, "LONGITUDE": -80.876734, "StreetID": null }, "geometry": { "type": "Point", "coordinates": [ -80.876730754712199, 35.128147139172697 ] } },
{ "type": "Feature", "properties": { "OBJECTID": 6307, "CRSH_ID": 1062872, "DATE_VAL_Y": 2020, "DATE_VAL_M": 9, "DATE_VAL_1": "September", "DATE_VAL_D": 27, "DAY_OF_WEE": 1, "DAY_OF_W_1": "Sunday", "MILT_TIME": 337, "CASE_NUM": 20200927033700, "CRSH_TYPE_": 1, "CRASH_TYPE": "Ran off road right", "CRSH_LEVL": 1, "PRIMARY_CA": 6, "PRIMARY__1": "Exceeded authorized speed limit", "SECONDARY_": "0", "SECONDARY1": " ", "LATITUDE": 35.215419, "LONGITUDE": -80.841643, "StreetID": null }, "geometry": { "type": "Point", "coordinates": [ -80.841639758043499, 35.215412120146901 ] } },
{ "type": "Feature", "properties": { "OBJECTID": 6308, "CRSH_ID": 1077019, "DATE_VAL_Y": 2021, "DATE_VAL_M": 1, "DATE_VAL_1": "January", "DATE_VAL_D": 1, "DAY_OF_WEE": 6, "DAY_OF_W_1": "Friday", "MILT_TIME": 23, "CASE_NUM": 20200101002302, "CRSH_TYPE_": 21, "CRASH_TYPE": "Rear end, slow or stop", "CRSH_LEVL": 1, "PRIMARY_CA": 7, "PRIMARY__1": "Exceeded safe speed for conditions", "SECONDARY_": "0", "SECONDARY1": " ", "LATITUDE": 35.281067, "LONGITUDE": -80.784731, "StreetID": null }, "geometry": { "type": "Point", "coordinates": [ -80.784727774036895, 35.281060104506402 ] } },
{ "type": "Feature", "properties": { "OBJECTID": 6309, "CRSH_ID": 1117544, "DATE_VAL_Y": 2021, "DATE_VAL_M": 8, "DATE_VAL_1": "August", "DATE_VAL_D": 28, "DAY_OF_WEE": 7, "DAY_OF_W_1": "Saturday", "MILT_TIME": 2220, "CASE_NUM": 20210828222001, "CRSH_TYPE_": 24, "CRASH_TYPE": "Left turn, different roadways", "CRSH_LEVL": 1, "PRIMARY_CA": 4, "PRIMARY__1": "Disregarded traffic signals", "SECONDARY_": "0", "SECONDARY1": " ", "LATITUDE": 35.2425, "LONGITUDE": -80.6632, "StreetID": null }, "geometry": { "type": "Point", "coordinates": [ -80.663196811793995, 35.242493107798303 ] } },
{ "type": "Feature", "properties": { "OBJECTID": 6310, "CRSH_ID": 1082213, "DATE_VAL_Y": 2021, "DATE_VAL_M": 3, "DATE_VAL_1": "March", "DATE_VAL_D": 11, "DAY_OF_WEE": 5, "DAY_OF_W_1": "Thursday", "MILT_TIME": 2102, "CASE_NUM": 20210311210203, "CRSH_TYPE_": 14, "CRASH_TYPE": "Pedestrian", "CRSH_LEVL": 2, "PRIMARY_CA": 6, "PRIMARY__1": "Exceeded authorized speed limit", "SECONDARY_": "0", "SECONDARY1": " ", "LATITUDE": 35.275694, "LONGITUDE": -80.80546, "StreetID": null }, "geometry": { "type": "Point", "coordinates": [ -80.805456766878194, 35.275687106154898 ] } },
{ "type": "Feature", "properties": { "OBJECTID": 6311, "CRSH_ID": 1238013, "DATE_VAL_Y": 2023, "DATE_VAL_M": 12, "DATE_VAL_1": "December", "DATE_VAL_D": 9, "DAY_OF_WEE": 7, "DAY_OF_W_1": "Saturday", "MILT_TIME": 2331, "CASE_NUM": 20231209233103, "CRSH_TYPE_": 14, "CRASH_TYPE": "Pedestrian", "CRSH_LEVL": 2, "PRIMARY_CA": 20, "PRIMARY__1": "Inattention", "SECONDARY_": "0", "SECONDARY1": " ", "LATITUDE": 35.192375, "LONGITUDE": -80.894604, "StreetID": null }, "geometry": { "type": "Point", "coordinates": [ -80.894600744604503, 35.192368127210301 ] } },
{ "type": "Feature", "properties": { "OBJECTID": 6312, "CRSH_ID": 1124480, "DATE_VAL_Y": 2021, "DATE_VAL_M": 11, "DATE_VAL_1": "November", "DATE_VAL_D": 4, "DAY_OF_WEE": 5, "DAY_OF_W_1": "Thursday", "MILT_TIME": 1755, "CASE_NUM": 20211104175502, "CRSH_TYPE_": 14, "CRASH_TYPE": "Pedestrian", "CRSH_LEVL": 1, "PRIMARY_CA": 33, "PRIMARY__1": "Unable to determine", "SECONDARY_": "0", "SECONDARY1": " ", "LATITUDE": 35.24918, "LONGITUDE": -80.77126, "StreetID": null }, "geometry": { "type": "Point", "coordinates": [ -80.771256779772798, 35.249173109912597 ] } },
{ "type": "Feature", "properties": { "OBJECTID": 6313, "CRSH_ID": 1029000, "DATE_VAL_Y": 2020, "DATE_VAL_M": 6, "DATE_VAL_1": "June", "DATE_VAL_D": 13, "DAY_OF_WEE": 7, "DAY_OF_W_1": "Saturday", "MILT_TIME": 2250, "CASE_NUM": 20200613225001, "CRSH_TYPE_": 14, "CRASH_TYPE": "Pedestrian", "CRSH_LEVL": 1, "PRIMARY_CA": 20, "PRIMARY__1": "Inattention", "SECONDARY_": "0", "SECONDARY1": " ", "LATITUDE": 35.307798, "LONGITUDE": -80.844838, "StreetID": null }, "geometry": { "type": "Point", "coordinates": [ -80.844834752536599, 35.307791100616903 ] } },
{ "type": "Feature", "properties": { "OBJECTID": 6314, "CRSH_ID": 1009306, "DATE_VAL_Y": 2020, "DATE_VAL_M": 3, "DATE_VAL_1": "March", "DATE_VAL_D": 5, "DAY_OF_WEE": 5, "DAY_OF_W_1": "Thursday", "MILT_TIME": 2155, "CASE_NUM": 20200305215801, "CRSH_TYPE_": 14, "CRASH_TYPE": "Pedestrian", "CRSH_LEVL": 1, "PRIMARY_CA": 0, "PRIMARY__1": " ", "SECONDARY_": "0", "SECONDARY1": " ", "LATITUDE": 35.210388, "LONGITUDE": -80.664468, "StreetID": null }, "geometry": { "type": "Point", "coordinates": [ -80.664464811996197, 35.210381114817899 ] } },
{ "type": "Feature", "properties": { "OBJECTID": 6315, "CRSH_ID": 1123467, "DATE_VAL_Y": 2021, "DATE_VAL_M": 10, "DATE_VAL_1": "October", "DATE_VAL_D": 26, "DAY_OF_WEE": 3, "DAY_OF_W_1": "Tuesday", "MILT_TIME": 1914, "CASE_NUM": 20211026191405, "CRSH_TYPE_": 28, "CRASH_TYPE": "Sideswipe, same direction", "CRSH_LEVL": 2, "PRIMARY_CA": 35, "PRIMARY__1": "Driver distracted by electronic communication device (cell phone, texting, etc.", "SECONDARY_": "0", "SECONDARY1": " ", "LATITUDE": 35.258083, "LONGITUDE": -80.782016, "StreetID": null }, "geometry": { "type": "Point", "coordinates": [ -80.782012773460494, 35.258076108548799 ] } },
{ "type": "Feature", "properties": { "OBJECTID": 6316, "CRSH_ID": 1236071, "DATE_VAL_Y": 2023, "DATE_VAL_M": 11, "DATE_VAL_1": "November", "DATE_VAL_D": 26, "DAY_OF_WEE": 1, "DAY_OF_W_1": "Sunday", "MILT_TIME": 2245, "CASE_NUM": 20231126224502, "CRSH_TYPE_": 14, "CRASH_TYPE": "Pedestrian", "CRSH_LEVL": 2, "PRIMARY_CA": 33, "PRIMARY__1": "Unable to determine", "SECONDARY_": "0", "SECONDARY1": " ", "LATITUDE": 35.22407, "LONGITUDE": -80.841516, "StreetID": null }, "geometry": { "type": "Point", "coordinates": [ -80.841512757609706, 35.224063118889298 ] } },
{ "type": "Feature", "properties": { "OBJECTID": 6317, "CRSH_ID": 1075725, "DATE_VAL_Y": 2021, "DATE_VAL_M": 2, "DATE_VAL_1": "February", "DATE_VAL_D": 7, "DAY_OF_WEE": 1, "DAY_OF_W_1": "Sunday", "MILT_TIME": 537, "CASE_NUM": 20210207053700, "CRSH_TYPE_": 2, "CRASH_TYPE": "Ran off road left", "CRSH_LEVL": 2, "PRIMARY_CA": 7, "PRIMARY__1": "Exceeded safe speed for conditions", "SECONDARY_": "0", "SECONDARY1": " ", "LATITUDE": 35.19705, "LONGITUDE": -80.93557, "StreetID": null }, "geometry": { "type": "Point", "coordinates": [ -80.935566732225396, 35.197043127951297 ] } },
{ "type": "Feature", "properties": { "OBJECTID": 6318, "CRSH_ID": 1139320, "DATE_VAL_Y": 2022, "DATE_VAL_M": 4, "DATE_VAL_1": "April", "DATE_VAL_D": 20, "DAY_OF_WEE": 4, "DAY_OF_W_1": "Wednesday", "MILT_TIME": 1115, "CASE_NUM": 20220420111503, "CRSH_TYPE_": 30, "CRASH_TYPE": "Angle", "CRSH_LEVL": 2, "PRIMARY_CA": 33, "PRIMARY__1": "Unable to determine", "SECONDARY_": "0", "SECONDARY1": " ", "LATITUDE": 35.229488, "LONGITUDE": -80.845733, "StreetID": null }, "geometry": { "type": "Point", "coordinates": [ -80.8457297574639, 35.229481117353103 ] } },
{ "type": "Feature", "properties": { "OBJECTID": 6319, "CRSH_ID": 1143674, "DATE_VAL_Y": 2022, "DATE_VAL_M": 5, "DATE_VAL_1": "May", "DATE_VAL_D": 29, "DAY_OF_WEE": 1, "DAY_OF_W_1": "Sunday", "MILT_TIME": 2157, "CASE_NUM": 20220529215701, "CRSH_TYPE_": 14, "CRASH_TYPE": "Pedestrian", "CRSH_LEVL": 1, "PRIMARY_CA": 8, "PRIMARY__1": "Failure to reduce speed", "SECONDARY_": "0", "SECONDARY1": " ", "LATITUDE": 35.21823, "LONGITUDE": -80.78065, "StreetID": null }, "geometry": { "type": "Point", "coordinates": [ -80.780646777753901, 35.2182231172374 ] } },
{ "type": "Feature", "properties": { "OBJECTID": 6320, "CRSH_ID": 1041400, "DATE_VAL_Y": 2020, "DATE_VAL_M": 8, "DATE_VAL_1": "August", "DATE_VAL_D": 27, "DAY_OF_WEE": 5, "DAY_OF_W_1": "Thursday", "MILT_TIME": 2003, "CASE_NUM": 20200827200303, "CRSH_TYPE_": 2, "CRASH_TYPE": "Ran off road left", "CRSH_LEVL": 2, "PRIMARY_CA": 14, "PRIMARY__1": "Overcorrected/oversteered", "SECONDARY_": "0", "SECONDARY1": " ", "LATITUDE": 35.201432, "LONGITUDE": -80.780174, "StreetID": null }, "geometry": { "type": "Point", "coordinates": [ -80.780170776923995, 35.2014251215206 ] } },
{ "type": "Feature", "properties": { "OBJECTID": 6321, "CRSH_ID": 1112970, "DATE_VAL_Y": 2021, "DATE_VAL_M": 7, "DATE_VAL_1": "July", "DATE_VAL_D": 29, "DAY_OF_WEE": 5, "DAY_OF_W_1": "Thursday", "MILT_TIME": 52, "CASE_NUM": 20210729005200, "CRSH_TYPE_": 1, "CRASH_TYPE": "Ran off road right", "CRSH_LEVL": 2, "PRIMARY_CA": 6, "PRIMARY__1": "Exceeded authorized speed limit", "SECONDARY_": "0", "SECONDARY1": " ", "LATITUDE": 35.193365, "LONGITUDE": -80.799902, "StreetID": null }, "geometry": { "type": "Point", "coordinates": [ -80.799898773104601, 35.193358124118902 ] } },
{ "type": "Feature", "properties": { "OBJECTID": 6322, "CRSH_ID": 1194422, "DATE_VAL_Y": 2022, "DATE_VAL_M": 12, "DATE_VAL_1": "December", "DATE_VAL_D": 15, "DAY_OF_WEE": 5, "DAY_OF_W_1": "Thursday", "MILT_TIME": 1124, "CASE_NUM": 20221215112401, "CRSH_TYPE_": 30, "CRASH_TYPE": "Angle", "CRSH_LEVL": 2, "PRIMARY_CA": 7, "PRIMARY__1": "Exceeded safe speed for conditions", "SECONDARY_": "0", "SECONDARY1": " ", "LATITUDE": 35.16726, "LONGITUDE": -80.821817, "StreetID": null }, "geometry": { "type": "Point", "coordinates": [ -80.821813766489697, 35.167253129790502 ] } },
{ "type": "Feature", "properties": { "OBJECTID": 6323, "CRSH_ID": 1227711, "DATE_VAL_Y": 2023, "DATE_VAL_M": 9, "DATE_VAL_1": "September", "DATE_VAL_D": 22, "DAY_OF_WEE": 6, "DAY_OF_W_1": "Friday", "MILT_TIME": 952, "CASE_NUM": 20230922095200, "CRSH_TYPE_": 14, "CRASH_TYPE": "Pedestrian", "CRSH_LEVL": 2, "PRIMARY_CA": 26, "PRIMARY__1": "Operated vehicle in erratic, reckless, careless, negligent or aggressive manner", "SECONDARY_": "0", "SECONDARY1": " ", "LATITUDE": 35.258226, "LONGITUDE": -80.736205, "StreetID": null }, "geometry": { "type": "Point", "coordinates": [ -80.736201789104101, 35.258219108060999 ] } },
{ "type": "Feature", "properties": { "OBJECTID": 6324, "CRSH_ID": 1251659, "DATE_VAL_Y": 2024, "DATE_VAL_M": 4, "DATE_VAL_1": "April", "DATE_VAL_D": 5, "DAY_OF_WEE": 6, "DAY_OF_W_1": "Friday", "MILT_TIME": 1250, "CASE_NUM": 20240405125000, "CRSH_TYPE_": 23, "CRASH_TYPE": "Left turn, same roadway", "CRSH_LEVL": 2, "PRIMARY_CA": 6, "PRIMARY__1": "Exceeded authorized speed limit", "SECONDARY_": "0", "SECONDARY1": " ", "LATITUDE": 35.313271, "LONGITUDE": -80.702978, "StreetID": null }, "geometry": { "type": "Point", "coordinates": [ -80.702974795351906, 35.313264094988902 ] } },
{ "type": "Feature", "properties": { "OBJECTID": 6325, "CRSH_ID": 1205116, "DATE_VAL_Y": 2023, "DATE_VAL_M": 3, "DATE_VAL_1": "March", "DATE_VAL_D": 19, "DAY_OF_WEE": 1, "DAY_OF_W_1": "Sunday", "MILT_TIME": 414, "CASE_NUM": 20230319041401, "CRSH_TYPE_": 28, "CRASH_TYPE": "Sideswipe, same direction", "CRSH_LEVL": 2, "PRIMARY_CA": 6, "PRIMARY__1": "Exceeded authorized speed limit", "SECONDARY_": "0", "SECONDARY1": " ", "LATITUDE": 35.26602, "LONGITUDE": -80.7691, "StreetID": null }, "geometry": { "type": "Point", "coordinates": [ -80.769096778291399, 35.2660131068154 ] } },
{ "type": "Feature", "properties": { "OBJECTID": 6326, "CRSH_ID": 1257766, "DATE_VAL_Y": 2024, "DATE_VAL_M": 5, "DATE_VAL_1": "May", "DATE_VAL_D": 25, "DAY_OF_WEE": 7, "DAY_OF_W_1": "Saturday", "MILT_TIME": 1710, "CASE_NUM": 20240525171001, "CRSH_TYPE_": 14, "CRASH_TYPE": "Pedestrian", "CRSH_LEVL": 2, "PRIMARY_CA": 0, "PRIMARY__1": "No contributing circumstance indicated", "SECONDARY_": "0", "SECONDARY1": " ", "LATITUDE": 35.183219, "LONGITUDE": -80.852264, "StreetID": null }, "geometry": { "type": "Point", "coordinates": [ -80.852260758218705, 35.183212128596502 ] } },
{ "type": "Feature", "properties": { "OBJECTID": 6327, "CRSH_ID": 1252955, "DATE_VAL_Y": 2024, "DATE_VAL_M": 4, "DATE_VAL_1": "April", "DATE_VAL_D": 17, "DAY_OF_WEE": 4, "DAY_OF_W_1": "Wednesday", "MILT_TIME": 322, "CASE_NUM": 20240417032400, "CRSH_TYPE_": 23, "CRASH_TYPE": "Left turn, same roadway", "CRSH_LEVL": 2, "PRIMARY_CA": 34, "PRIMARY__1": "Unknown", "SECONDARY_": "0", "SECONDARY1": " ", "LATITUDE": 35.283804, "LONGITUDE": -80.763821, "StreetID": null }, "geometry": { "type": "Point", "coordinates": [ -80.763817779778094, 35.283797102845199 ] } },
{ "type": "Feature", "properties": { "OBJECTID": 6328, "CRSH_ID": 1260194, "DATE_VAL_Y": 2024, "DATE_VAL_M": 6, "DATE_VAL_1": "June", "DATE_VAL_D": 12, "DAY_OF_WEE": 4, "DAY_OF_W_1": "Wednesday", "MILT_TIME": 1828, "CASE_NUM": 20240612182803, "CRSH_TYPE_": 15, "CRASH_TYPE": "Pedalcyclist", "CRSH_LEVL": 1, "PRIMARY_CA": 19, "PRIMARY__1": "Failed to yield right of way", "SECONDARY_": "0", "SECONDARY1": " ", "LATITUDE": 35.163561, "LONGITUDE": -80.968888, "StreetID": null }, "geometry": { "type": "Point", "coordinates": [ -80.968884724207498, 35.1635541357535 ] } },
{ "type": "Feature", "properties": { "OBJECTID": 6329, "CRSH_ID": 1142014, "DATE_VAL_Y": 2022, "DATE_VAL_M": 5, "DATE_VAL_1": "May", "DATE_VAL_D": 15, "DAY_OF_WEE": 1, "DAY_OF_W_1": "Sunday", "MILT_TIME": 800, "CASE_NUM": 20220515080002, "CRSH_TYPE_": 24, "CRASH_TYPE": "Left turn, different roadways", "CRSH_LEVL": 2, "PRIMARY_CA": 4, "PRIMARY__1": "Disregarded traffic signals", "SECONDARY_": "0", "SECONDARY1": " ", "LATITUDE": 35.18722, "LONGITUDE": -80.73574, "StreetID": null }, "geometry": { "type": "Point", "coordinates": [ -80.735736791829694, 35.187213121803097 ] } },
{ "type": "Feature", "properties": { "OBJECTID": 6330, "CRSH_ID": 1076614, "DATE_VAL_Y": 2021, "DATE_VAL_M": 2, "DATE_VAL_1": "February", "DATE_VAL_D": 12, "DAY_OF_WEE": 6, "DAY_OF_W_1": "Friday", "MILT_TIME": 2120, "CASE_NUM": 20210212212001, "CRSH_TYPE_": 30, "CRASH_TYPE": "Angle", "CRSH_LEVL": 2, "PRIMARY_CA": 8, "PRIMARY__1": "Failure to reduce speed", "SECONDARY_": "0", "SECONDARY1": " ", "LATITUDE": 35.177331, "LONGITUDE": -80.817504, "StreetID": null }, "geometry": { "type": "Point", "coordinates": [ -80.817500767355398, 35.177324128314702 ] } },
{ "type": "Feature", "properties": { "OBJECTID": 6331, "CRSH_ID": 1117966, "DATE_VAL_Y": 2021, "DATE_VAL_M": 9, "DATE_VAL_1": "September", "DATE_VAL_D": 1, "DAY_OF_WEE": 4, "DAY_OF_W_1": "Wednesday", "MILT_TIME": 2255, "CASE_NUM": 20210901225502, "CRSH_TYPE_": 21, "CRASH_TYPE": "Rear end, slow or stop", "CRSH_LEVL": 1, "PRIMARY_CA": 33, "PRIMARY__1": "Unable to determine", "SECONDARY_": "0", "SECONDARY1": " ", "LATITUDE": 35.281932, "LONGITUDE": -80.856922, "StreetID": null }, "geometry": { "type": "Point", "coordinates": [ -80.856918750604393, 35.281925106784101 ] } },
{ "type": "Feature", "properties": { "OBJECTID": 6332, "CRSH_ID": 1043693, "DATE_VAL_Y": 2020, "DATE_VAL_M": 7, "DATE_VAL_1": "July", "DATE_VAL_D": 12, "DAY_OF_WEE": 1, "DAY_OF_W_1": "Sunday", "MILT_TIME": 2354, "CASE_NUM": 20200712235404, "CRSH_TYPE_": 1, "CRASH_TYPE": "Ran off road right", "CRSH_LEVL": 1, "PRIMARY_CA": 6, "PRIMARY__1": "Exceeded authorized speed limit", "SECONDARY_": "0", "SECONDARY1": " ", "LATITUDE": 35.135808, "LONGITUDE": -80.75921, "StreetID": null }, "geometry": { "type": "Point", "coordinates": [ -80.759206788265701, 35.135801134848897 ] } },
{ "type": "Feature", "properties": { "OBJECTID": 6333, "CRSH_ID": 1137403, "DATE_VAL_Y": 2022, "DATE_VAL_M": 3, "DATE_VAL_1": "March", "DATE_VAL_D": 27, "DAY_OF_WEE": 1, "DAY_OF_W_1": "Sunday", "MILT_TIME": 254, "CASE_NUM": 20220327025400, "CRSH_TYPE_": 2, "CRASH_TYPE": "Ran off road left", "CRSH_LEVL": 2, "PRIMARY_CA": 6, "PRIMARY__1": "Exceeded authorized speed limit", "SECONDARY_": "0", "SECONDARY1": " ", "LATITUDE": 35.25444, "LONGITUDE": -80.70889, "StreetID": null }, "geometry": { "type": "Point", "coordinates": [ -80.7088867975136, 35.254433107270103 ] } },
{ "type": "Feature", "properties": { "OBJECTID": 6334, "CRSH_ID": 1034644, "DATE_VAL_Y": 2020, "DATE_VAL_M": 2, "DATE_VAL_1": "February", "DATE_VAL_D": 29, "DAY_OF_WEE": 7, "DAY_OF_W_1": "Saturday", "MILT_TIME": 1, "CASE_NUM": 20200229000102, "CRSH_TYPE_": 28, "CRASH_TYPE": "Sideswipe, same direction", "CRSH_LEVL": 2, "PRIMARY_CA": 33, "PRIMARY__1": "Unable to determine", "SECONDARY_": "0", "SECONDARY1": " ", "LATITUDE": 35.245865, "LONGITUDE": -80.846236, "StreetID": null }, "geometry": { "type": "Point", "coordinates": [ -80.846232755909995, 35.245858112903399 ] } },
{ "type": "Feature", "properties": { "OBJECTID": 6335, "CRSH_ID": 1032639, "DATE_VAL_Y": 2020, "DATE_VAL_M": 5, "DATE_VAL_1": "May", "DATE_VAL_D": 26, "DAY_OF_WEE": 3, "DAY_OF_W_1": "Tuesday", "MILT_TIME": 1118, "CASE_NUM": 20200526111900, "CRSH_TYPE_": 14, "CRASH_TYPE": "Pedestrian", "CRSH_LEVL": 1, "PRIMARY_CA": 0, "PRIMARY__1": " ", "SECONDARY_": "0", "SECONDARY1": " ", "LATITUDE": 35.258154, "LONGITUDE": -80.782817, "StreetID": null }, "geometry": { "type": "Point", "coordinates": [ -80.782813773715802, 35.258147109138797 ] } },
{ "type": "Feature", "properties": { "OBJECTID": 6336, "CRSH_ID": 1115495, "DATE_VAL_Y": 2021, "DATE_VAL_M": 8, "DATE_VAL_1": "August", "DATE_VAL_D": 11, "DAY_OF_WEE": 4, "DAY_OF_W_1": "Wednesday", "MILT_TIME": 2357, "CASE_NUM": 20210805235700, "CRSH_TYPE_": 14, "CRASH_TYPE": "Pedestrian", "CRSH_LEVL": 1, "PRIMARY_CA": 8, "PRIMARY__1": "Failure to reduce speed", "SECONDARY_": "0", "SECONDARY1": " ", "LATITUDE": 35.277353, "LONGITUDE": -80.766458, "StreetID": null }, "geometry": { "type": "Point", "coordinates": [ -80.766454778417895, 35.277346105511903 ] } },
{ "type": "Feature", "properties": { "OBJECTID": 6337, "CRSH_ID": 1109760, "DATE_VAL_Y": 2021, "DATE_VAL_M": 7, "DATE_VAL_1": "July", "DATE_VAL_D": 14, "DAY_OF_WEE": 4, "DAY_OF_W_1": "Wednesday", "MILT_TIME": 1306, "CASE_NUM": 20210714130603, "CRSH_TYPE_": 24, "CRASH_TYPE": "Left turn, different roadways", "CRSH_LEVL": 2, "PRIMARY_CA": 9, "PRIMARY__1": "Improper turn", "SECONDARY_": "0", "SECONDARY1": " ", "LATITUDE": 35.247569, "LONGITUDE": -80.905059, "StreetID": null }, "geometry": { "type": "Point", "coordinates": [ -80.905055739749798, 35.247562116393802 ] } },
{ "type": "Feature", "properties": { "OBJECTID": 6338, "CRSH_ID": 1218855, "DATE_VAL_Y": 2023, "DATE_VAL_M": 7, "DATE_VAL_1": "July", "DATE_VAL_D": 11, "DAY_OF_WEE": 3, "DAY_OF_W_1": "Tuesday", "MILT_TIME": 2136, "CASE_NUM": 20230711213602, "CRSH_TYPE_": 30, "CRASH_TYPE": "Angle", "CRSH_LEVL": 2, "PRIMARY_CA": 33, "PRIMARY__1": "Unable to determine", "SECONDARY_": "0", "SECONDARY1": " ", "LATITUDE": 35.21836, "LONGITUDE": -80.78064, "StreetID": null }, "geometry": { "type": "Point", "coordinates": [ -80.780636777088205, 35.218353118044199 ] } },
{ "type": "Feature", "properties": { "OBJECTID": 6339, "CRSH_ID": 1088174, "DATE_VAL_Y": 2021, "DATE_VAL_M": 4, "DATE_VAL_1": "April", "DATE_VAL_D": 4, "DAY_OF_WEE": 1, "DAY_OF_W_1": "Sunday", "MILT_TIME": 328, "CASE_NUM": 20210404032800, "CRSH_TYPE_": 1, "CRASH_TYPE": "Ran off road right", "CRSH_LEVL": 2, "PRIMARY_CA": 0, "PRIMARY__1": " ", "SECONDARY_": "0", "SECONDARY1": " ", "LATITUDE": 35.21624, "LONGITUDE": -80.88328, "StreetID": null }, "geometry": { "type": "Point", "coordinates": [ -80.883276745667999, 35.216233122465198 ] } },
{ "type": "Feature", "properties": { "OBJECTID": 6340, "CRSH_ID": 1263720, "DATE_VAL_Y": 2024, "DATE_VAL_M": 7, "DATE_VAL_1": "July", "DATE_VAL_D": 17, "DAY_OF_WEE": 4, "DAY_OF_W_1": "Wednesday", "MILT_TIME": 1329, "CASE_NUM": 20240717132900, "CRSH_TYPE_": 21, "CRASH_TYPE": "Rear end, slow or stop", "CRSH_LEVL": 2, "PRIMARY_CA": 31, "PRIMARY__1": "Drug use", "SECONDARY_": "0", "SECONDARY1": " ", "LATITUDE": 35.224392, "LONGITUDE": -80.883265, "StreetID": null }, "geometry": { "type": "Point", "coordinates": [ -80.883261745991604, 35.224385120214002 ] } },
{ "type": "Feature", "properties": { "OBJECTID": 6341, "CRSH_ID": 1202594, "DATE_VAL_Y": 2023, "DATE_VAL_M": 2, "DATE_VAL_1": "February", "DATE_VAL_D": 21, "DAY_OF_WEE": 3, "DAY_OF_W_1": "Tuesday", "MILT_TIME": 2207, "CASE_NUM": 20230221220701, "CRSH_TYPE_": 1, "CRASH_TYPE": "Ran off road right", "CRSH_LEVL": 1, "PRIMARY_CA": 20, "PRIMARY__1": "Inattention", "SECONDARY_": "0", "SECONDARY1": " ", "LATITUDE": 35.20672, "LONGITUDE": -80.87094, "StreetID": null }, "geometry": { "type": "Point", "coordinates": [ -80.870936751530095, 35.206713122876501 ] } },
{ "type": "Feature", "properties": { "OBJECTID": 6342, "CRSH_ID": 1033937, "DATE_VAL_Y": 2020, "DATE_VAL_M": 7, "DATE_VAL_1": "July", "DATE_VAL_D": 22, "DAY_OF_WEE": 4, "DAY_OF_W_1": "Wednesday", "MILT_TIME": 543, "CASE_NUM": 20200722054300, "CRSH_TYPE_": 23, "CRASH_TYPE": "Left turn, same roadway", "CRSH_LEVL": 2, "PRIMARY_CA": 1, "PRIMARY__1": "Disregarded yield sign", "SECONDARY_": "0", "SECONDARY1": " ", "LATITUDE": 35.215618, "LONGITUDE": -80.780754, "StreetID": null }, "geometry": { "type": "Point", "coordinates": [ -80.780750778127796, 35.2156111185651 ] } },
{ "type": "Feature", "properties": { "OBJECTID": 6343, "CRSH_ID": 1080236, "DATE_VAL_Y": 2021, "DATE_VAL_M": 1, "DATE_VAL_1": "January", "DATE_VAL_D": 17, "DAY_OF_WEE": 1, "DAY_OF_W_1": "Sunday", "MILT_TIME": 1612, "CASE_NUM": 20210117161205, "CRSH_TYPE_": 15, "CRASH_TYPE": "Pedalcyclist", "CRSH_LEVL": 1, "PRIMARY_CA": 0, "PRIMARY__1": "No contributing circumstance indicated", "SECONDARY_": "0", "SECONDARY1": " ", "LATITUDE": 35.233118, "LONGITUDE": -80.876217, "StreetID": null }, "geometry": { "type": "Point", "coordinates": [ -80.876213748131306, 35.233111118471399 ] } },
{ "type": "Feature", "properties": { "OBJECTID": 6344, "CRSH_ID": 1244037, "DATE_VAL_Y": 2024, "DATE_VAL_M": 1, "DATE_VAL_1": "January", "DATE_VAL_D": 31, "DAY_OF_WEE": 4, "DAY_OF_W_1": "Wednesday", "MILT_TIME": 1738, "CASE_NUM": 20240131173801, "CRSH_TYPE_": 24, "CRASH_TYPE": "Left turn, different roadways", "CRSH_LEVL": 2, "PRIMARY_CA": 31, "PRIMARY__1": "Drug use", "SECONDARY_": "0", "SECONDARY1": " ", "LATITUDE": 35.150202, "LONGITUDE": -80.934909, "StreetID": null }, "geometry": { "type": "Point", "coordinates": [ -80.934905735139395, 35.150195136524097 ] } },
{ "type": "Feature", "properties": { "OBJECTID": 6345, "CRSH_ID": 1131082, "DATE_VAL_Y": 2022, "DATE_VAL_M": 1, "DATE_VAL_1": "January", "DATE_VAL_D": 15, "DAY_OF_WEE": 7, "DAY_OF_W_1": "Saturday", "MILT_TIME": 1915, "CASE_NUM": 20220115191800, "CRSH_TYPE_": 28, "CRASH_TYPE": "Sideswipe, same direction", "CRSH_LEVL": 2, "PRIMARY_CA": 33, "PRIMARY__1": "Unable to determine", "SECONDARY_": "0", "SECONDARY1": " ", "LATITUDE": 35.21214, "LONGITUDE": -80.76273, "StreetID": null }, "geometry": { "type": "Point", "coordinates": [ -80.762726783850795, 35.212133117266902 ] } },
{ "type": "Feature", "properties": { "OBJECTID": 6346, "CRSH_ID": 1124509, "DATE_VAL_Y": 2021, "DATE_VAL_M": 11, "DATE_VAL_1": "November", "DATE_VAL_D": 5, "DAY_OF_WEE": 6, "DAY_OF_W_1": "Friday", "MILT_TIME": 306, "CASE_NUM": 20211105030601, "CRSH_TYPE_": 1, "CRASH_TYPE": "Ran off road right", "CRSH_LEVL": 1, "PRIMARY_CA": 26, "PRIMARY__1": "Operated vehicle in erratic, reckless, careless, negligent or aggressive manner", "SECONDARY_": "0", "SECONDARY1": " ", "LATITUDE": 35.255393, "LONGITUDE": -80.799757, "StreetID": null }, "geometry": { "type": "Point", "coordinates": [ -80.799753770654206, 35.255386110162 ] } },
{ "type": "Feature", "properties": { "OBJECTID": 6347, "CRSH_ID": 1121169, "DATE_VAL_Y": 2021, "DATE_VAL_M": 10, "DATE_VAL_1": "October", "DATE_VAL_D": 5, "DAY_OF_WEE": 3, "DAY_OF_W_1": "Tuesday", "MILT_TIME": 1213, "CASE_NUM": 20211005121300, "CRSH_TYPE_": 23, "CRASH_TYPE": "Left turn, same roadway", "CRSH_LEVL": 2, "PRIMARY_CA": 13, "PRIMARY__1": "Use of improper lane", "SECONDARY_": "0", "SECONDARY1": " ", "LATITUDE": 35.136426, "LONGITUDE": -80.977849, "StreetID": null }, "geometry": { "type": "Point", "coordinates": [ -80.977845721805295, 35.136419141661399 ] } },
{ "type": "Feature", "properties": { "OBJECTID": 6348, "CRSH_ID": 1221981, "DATE_VAL_Y": 2023, "DATE_VAL_M": 8, "DATE_VAL_1": "August", "DATE_VAL_D": 6, "DAY_OF_WEE": 1, "DAY_OF_W_1": "Sunday", "MILT_TIME": 224, "CASE_NUM": 20230806022406, "CRSH_TYPE_": 23, "CRASH_TYPE": "Left turn, same roadway", "CRSH_LEVL": 1, "PRIMARY_CA": 19, "PRIMARY__1": "Failed to yield right of way", "SECONDARY_": "0", "SECONDARY1": " ", "LATITUDE": 35.202996, "LONGITUDE": -80.738744, "StreetID": null }, "geometry": { "type": "Point", "coordinates": [ -80.738740789849203, 35.202989118027801 ] } },
{ "type": "Feature", "properties": { "OBJECTID": 6349, "CRSH_ID": 1212269, "DATE_VAL_Y": 2023, "DATE_VAL_M": 5, "DATE_VAL_1": "May", "DATE_VAL_D": 17, "DAY_OF_WEE": 4, "DAY_OF_W_1": "Wednesday", "MILT_TIME": 2038, "CASE_NUM": 20230517203803, "CRSH_TYPE_": 14, "CRASH_TYPE": "Pedestrian", "CRSH_LEVL": 2, "PRIMARY_CA": 33, "PRIMARY__1": "Unable to determine", "SECONDARY_": "0", "SECONDARY1": " ", "LATITUDE": 35.27094, "LONGITUDE": -80.79413, "StreetID": null }, "geometry": { "type": "Point", "coordinates": [ -80.794126771451005, 35.270933107105698 ] } },
{ "type": "Feature", "properties": { "OBJECTID": 6350, "CRSH_ID": 999366, "DATE_VAL_Y": 2020, "DATE_VAL_M": 1, "DATE_VAL_1": "January", "DATE_VAL_D": 19, "DAY_OF_WEE": 1, "DAY_OF_W_1": "Sunday", "MILT_TIME": 2116, "CASE_NUM": 20200119211600, "CRSH_TYPE_": 30, "CRASH_TYPE": "Angle", "CRSH_LEVL": 2, "PRIMARY_CA": 30, "PRIMARY__1": "Alcohol use", "SECONDARY_": "0", "SECONDARY1": " ", "LATITUDE": 35.244515, "LONGITUDE": -80.929024, "StreetID": null }, "geometry": { "type": "Point", "coordinates": [ -80.929020732264405, 35.244508118215798 ] } },
{ "type": "Feature", "properties": { "OBJECTID": 6351, "CRSH_ID": 1126784, "DATE_VAL_Y": 2021, "DATE_VAL_M": 11, "DATE_VAL_1": "November", "DATE_VAL_D": 27, "DAY_OF_WEE": 7, "DAY_OF_W_1": "Saturday", "MILT_TIME": 552, "CASE_NUM": 20211127055200, "CRSH_TYPE_": 28, "CRASH_TYPE": "Sideswipe, same direction", "CRSH_LEVL": 2, "PRIMARY_CA": 33, "PRIMARY__1": "Unable to determine", "SECONDARY_": "0", "SECONDARY1": " ", "LATITUDE": 35.212395, "LONGITUDE": -80.86521, "StreetID": null }, "geometry": { "type": "Point", "coordinates": [ -80.865206753041804, 35.212388121643102 ] } },
{ "type": "Feature", "properties": { "OBJECTID": 6352, "CRSH_ID": 1270820, "DATE_VAL_Y": 2024, "DATE_VAL_M": 9, "DATE_VAL_1": "September", "DATE_VAL_D": 17, "DAY_OF_WEE": 3, "DAY_OF_W_1": "Tuesday", "MILT_TIME": 1800, "CASE_NUM": 20240917180000, "CRSH_TYPE_": 14, "CRASH_TYPE": "Pedestrian", "CRSH_LEVL": 2, "PRIMARY_CA": 0, "PRIMARY__1": "No contributing circumstance indicated", "SECONDARY_": "0", "SECONDARY1": " ", "LATITUDE": 35.25121, "LONGITUDE": -80.789807, "StreetID": null }, "geometry": { "type": "Point", "coordinates": [ -80.789803771802099, 35.251203111093901 ] } },
{ "type": "Feature", "properties": { "OBJECTID": 6353, "CRSH_ID": 1006871, "DATE_VAL_Y": 2020, "DATE_VAL_M": 3, "DATE_VAL_1": "March", "DATE_VAL_D": 5, "DAY_OF_WEE": 5, "DAY_OF_W_1": "Thursday", "MILT_TIME": 2027, "CASE_NUM": 20200305202700, "CRSH_TYPE_": 28, "CRASH_TYPE": "Sideswipe, same direction", "CRSH_LEVL": 2, "PRIMARY_CA": 0, "PRIMARY__1": "No contributing circumstance indicated", "SECONDARY_": "0", "SECONDARY1": " ", "LATITUDE": 35.13688, "LONGITUDE": -80.838978, "StreetID": null }, "geometry": { "type": "Point", "coordinates": [ -80.838974764790507, 35.1368731366112 ] } },
{ "type": "Feature", "properties": { "OBJECTID": 6354, "CRSH_ID": 1268999, "DATE_VAL_Y": 2024, "DATE_VAL_M": 8, "DATE_VAL_1": "August", "DATE_VAL_D": 24, "DAY_OF_WEE": 7, "DAY_OF_W_1": "Saturday", "MILT_TIME": 1500, "CASE_NUM": 20240824150001, "CRSH_TYPE_": 30, "CRASH_TYPE": "Angle", "CRSH_LEVL": 1, "PRIMARY_CA": 6, "PRIMARY__1": "Exceeded authorized speed limit", "SECONDARY_": "0", "SECONDARY1": " ", "LATITUDE": 35.233805, "LONGITUDE": -80.816159, "StreetID": null }, "geometry": { "type": "Point", "coordinates": [ -80.8161557651284, 35.233798114899201 ] } },
{ "type": "Feature", "properties": { "OBJECTID": 6355, "CRSH_ID": 1135805, "DATE_VAL_Y": 2022, "DATE_VAL_M": 3, "DATE_VAL_1": "March", "DATE_VAL_D": 9, "DAY_OF_WEE": 4, "DAY_OF_W_1": "Wednesday", "MILT_TIME": 1851, "CASE_NUM": 20220309185101, "CRSH_TYPE_": 24, "CRASH_TYPE": "Left turn, different roadways", "CRSH_LEVL": 1, "PRIMARY_CA": 19, "PRIMARY__1": "Failed to yield right of way", "SECONDARY_": "0", "SECONDARY1": " ", "LATITUDE": 35.303107, "LONGITUDE": -80.803348, "StreetID": null }, "geometry": { "type": "Point", "coordinates": [ -80.8033447653048, 35.303100100075198 ] } },
{ "type": "Feature", "properties": { "OBJECTID": 6356, "CRSH_ID": 1196891, "DATE_VAL_Y": 2023, "DATE_VAL_M": 1, "DATE_VAL_1": "January", "DATE_VAL_D": 5, "DAY_OF_WEE": 5, "DAY_OF_W_1": "Thursday", "MILT_TIME": 1712, "CASE_NUM": 20230105171201, "CRSH_TYPE_": 15, "CRASH_TYPE": "Pedalcyclist", "CRSH_LEVL": 1, "PRIMARY_CA": 19, "PRIMARY__1": "Failed to yield right of way", "SECONDARY_": "0", "SECONDARY1": " ", "LATITUDE": 35.22154, "LONGITUDE": -80.81049, "StreetID": null }, "geometry": { "type": "Point", "coordinates": [ -80.810486768177199, 35.221533118132797 ] } },
{ "type": "Feature", "properties": { "OBJECTID": 6357, "CRSH_ID": 1252465, "DATE_VAL_Y": 2024, "DATE_VAL_M": 4, "DATE_VAL_1": "April", "DATE_VAL_D": 13, "DAY_OF_WEE": 7, "DAY_OF_W_1": "Saturday", "MILT_TIME": 218, "CASE_NUM": 20240413021800, "CRSH_TYPE_": 1, "CRASH_TYPE": "Ran off road right", "CRSH_LEVL": 2, "PRIMARY_CA": 7, "PRIMARY__1": "Exceeded safe speed for conditions", "SECONDARY_": "0", "SECONDARY1": "None (no unusual conditions)", "LATITUDE": 35.121724, "LONGITUDE": -80.999068, "StreetID": null }, "geometry": { "type": "Point", "coordinates": [ -80.999064717152095, 35.121717145331097 ] } },
{ "type": "Feature", "properties": { "OBJECTID": 6358, "CRSH_ID": 1165935, "DATE_VAL_Y": 2022, "DATE_VAL_M": 7, "DATE_VAL_1": "July", "DATE_VAL_D": 8, "DAY_OF_WEE": 6, "DAY_OF_W_1": "Friday", "MILT_TIME": 159, "CASE_NUM": 20220708015900, "CRSH_TYPE_": 14, "CRASH_TYPE": "Pedestrian", "CRSH_LEVL": 1, "PRIMARY_CA": 6, "PRIMARY__1": "Exceeded authorized speed limit", "SECONDARY_": "0", "SECONDARY1": " ", "LATITUDE": 35.21008, "LONGITUDE": -80.70084, "StreetID": null }, "geometry": { "type": "Point", "coordinates": [ -80.700836800890599, 35.210073115844203 ] } },
{ "type": "Feature", "properties": { "OBJECTID": 6359, "CRSH_ID": 1273305, "DATE_VAL_Y": 2024, "DATE_VAL_M": 10, "DATE_VAL_1": "October", "DATE_VAL_D": 6, "DAY_OF_WEE": 1, "DAY_OF_W_1": "Sunday", "MILT_TIME": 1627, "CASE_NUM": 20241006162702, "CRSH_TYPE_": 15, "CRASH_TYPE": "Pedalcyclist", "CRSH_LEVL": 2, "PRIMARY_CA": 20, "PRIMARY__1": "Inattention", "SECONDARY_": "0", "SECONDARY1": " ", "LATITUDE": 35.262855, "LONGITUDE": -80.772174, "StreetID": null }, "geometry": { "type": "Point", "coordinates": [ -80.772170777628901, 35.262848106822098 ] } },
{ "type": "Feature", "properties": { "OBJECTID": 6360, "CRSH_ID": 1102457, "DATE_VAL_Y": 2021, "DATE_VAL_M": 6, "DATE_VAL_1": "June", "DATE_VAL_D": 11, "DAY_OF_WEE": 6, "DAY_OF_W_1": "Friday", "MILT_TIME": 2222, "CASE_NUM": 20210611222202, "CRSH_TYPE_": 14, "CRASH_TYPE": "Pedestrian", "CRSH_LEVL": 2, "PRIMARY_CA": 0, "PRIMARY__1": " ", "SECONDARY_": "0", "SECONDARY1": " ", "LATITUDE": 35.265148, "LONGITUDE": -80.854242, "StreetID": null }, "geometry": { "type": "Point", "coordinates": [ -80.854238752811298, 35.265141110900601 ] } },
{ "type": "Feature", "properties": { "OBJECTID": 6361, "CRSH_ID": 1077948, "DATE_VAL_Y": 2021, "DATE_VAL_M": 2, "DATE_VAL_1": "February", "DATE_VAL_D": 19, "DAY_OF_WEE": 6, "DAY_OF_W_1": "Friday", "MILT_TIME": 2037, "CASE_NUM": 20210219203704, "CRSH_TYPE_": 23, "CRASH_TYPE": "Left turn, same roadway", "CRSH_LEVL": 2, "PRIMARY_CA": 19, "PRIMARY__1": "Failed to yield right of way", "SECONDARY_": "0", "SECONDARY1": " ", "LATITUDE": 35.33175, "LONGITUDE": -80.742571, "StreetID": null }, "geometry": { "type": "Point", "coordinates": [ -80.742567781760499, 35.331743091637499 ] } },
{ "type": "Feature", "properties": { "OBJECTID": 6362, "CRSH_ID": 1228209, "DATE_VAL_Y": 2023, "DATE_VAL_M": 9, "DATE_VAL_1": "September", "DATE_VAL_D": 25, "DAY_OF_WEE": 2, "DAY_OF_W_1": "Monday", "MILT_TIME": 1955, "CASE_NUM": 20230925195500, "CRSH_TYPE_": 23, "CRASH_TYPE": "Left turn, same roadway", "CRSH_LEVL": 2, "PRIMARY_CA": 33, "PRIMARY__1": "Unable to determine", "SECONDARY_": "0", "SECONDARY1": " ", "LATITUDE": 35.22263, "LONGITUDE": -80.72733, "StreetID": null }, "geometry": { "type": "Point", "coordinates": [ -80.727326792478294, 35.222623113978102 ] } },
{ "type": "Feature", "properties": { "OBJECTID": 6363, "CRSH_ID": 1126318, "DATE_VAL_Y": 2021, "DATE_VAL_M": 11, "DATE_VAL_1": "November", "DATE_VAL_D": 22, "DAY_OF_WEE": 2, "DAY_OF_W_1": "Monday", "MILT_TIME": 541, "CASE_NUM": 20211122054101, "CRSH_TYPE_": 23, "CRASH_TYPE": "Left turn, same roadway", "CRSH_LEVL": 2, "PRIMARY_CA": 19, "PRIMARY__1": "Failed to yield right of way", "SECONDARY_": "0", "SECONDARY1": " ", "LATITUDE": 35.148746, "LONGITUDE": -80.89699, "StreetID": null }, "geometry": { "type": "Point", "coordinates": [ -80.896986746781394, 35.148739136755502 ] } },
{ "type": "Feature", "properties": { "OBJECTID": 6364, "CRSH_ID": 1247599, "DATE_VAL_Y": 2024, "DATE_VAL_M": 3, "DATE_VAL_1": "March", "DATE_VAL_D": 3, "DAY_OF_WEE": 1, "DAY_OF_W_1": "Sunday", "MILT_TIME": 312, "CASE_NUM": 20240303031200, "CRSH_TYPE_": 27, "CRASH_TYPE": "Head on", "CRSH_LEVL": 2, "PRIMARY_CA": 34, "PRIMARY__1": "Unknown", "SECONDARY_": "0", "SECONDARY1": " ", "LATITUDE": 35.277135, "LONGITUDE": -80.798677, "StreetID": null }, "geometry": { "type": "Point", "coordinates": [ -80.798673768602001, 35.277128105775603 ] } },
{ "type": "Feature", "properties": { "OBJECTID": 6365, "CRSH_ID": 1277865, "DATE_VAL_Y": 2024, "DATE_VAL_M": 10, "DATE_VAL_1": "October", "DATE_VAL_D": 30, "DAY_OF_WEE": 4, "DAY_OF_W_1": "Wednesday", "MILT_TIME": 813, "CASE_NUM": 20241030081301, "CRSH_TYPE_": 23, "CRASH_TYPE": "Left turn, same roadway", "CRSH_LEVL": 1, "PRIMARY_CA": 6, "PRIMARY__1": "Exceeded authorized speed limit", "SECONDARY_": "0", "SECONDARY1": " ", "LATITUDE": 35.241437, "LONGITUDE": -80.887915, "StreetID": null }, "geometry": { "type": "Point", "coordinates": [ -80.887911744803404, 35.241430116979501 ] } },
{ "type": "Feature", "properties": { "OBJECTID": 6366, "CRSH_ID": 1080235, "DATE_VAL_Y": 2021, "DATE_VAL_M": 1, "DATE_VAL_1": "January", "DATE_VAL_D": 9, "DAY_OF_WEE": 7, "DAY_OF_W_1": "Saturday", "MILT_TIME": 27, "CASE_NUM": 20210109002700, "CRSH_TYPE_": 14, "CRASH_TYPE": "Pedestrian", "CRSH_LEVL": 1, "PRIMARY_CA": 0, "PRIMARY__1": "No contributing circumstance indicated", "SECONDARY_": "0", "SECONDARY1": " ", "LATITUDE": 35.189663, "LONGITUDE": -80.761588, "StreetID": null }, "geometry": { "type": "Point", "coordinates": [ -80.761584784048495, 35.189656123382598 ] } },
{ "type": "Feature", "properties": { "OBJECTID": 6367, "CRSH_ID": 1129006, "DATE_VAL_Y": 2021, "DATE_VAL_M": 12, "DATE_VAL_1": "December", "DATE_VAL_D": 20, "DAY_OF_WEE": 2, "DAY_OF_W_1": "Monday", "MILT_TIME": 1908, "CASE_NUM": 20211220190803, "CRSH_TYPE_": 21, "CRASH_TYPE": "Rear end, slow or stop", "CRSH_LEVL": 2, "PRIMARY_CA": 20, "PRIMARY__1": "Inattention", "SECONDARY_": "0", "SECONDARY1": " ", "LATITUDE": 35.203747, "LONGITUDE": -80.754569, "StreetID": null }, "geometry": { "type": "Point", "coordinates": [ -80.754565785281997, 35.203740119547703 ] } },
{ "type": "Feature", "properties": { "OBJECTID": 6368, "CRSH_ID": 1110674, "DATE_VAL_Y": 2021, "DATE_VAL_M": 7, "DATE_VAL_1": "July", "DATE_VAL_D": 18, "DAY_OF_WEE": 1, "DAY_OF_W_1": "Sunday", "MILT_TIME": 1940, "CASE_NUM": 20210718194002, "CRSH_TYPE_": 2, "CRASH_TYPE": "Ran off road left", "CRSH_LEVL": 1, "PRIMARY_CA": 33, "PRIMARY__1": "Unable to determine", "SECONDARY_": "0", "SECONDARY1": " ", "LATITUDE": 35.34397, "LONGITUDE": -80.71012, "StreetID": null }, "geometry": { "type": "Point", "coordinates": [ -80.710116790645998, 35.3439630873563 ] } },
{ "type": "Feature", "properties": { "OBJECTID": 6369, "CRSH_ID": 1220995, "DATE_VAL_Y": 2023, "DATE_VAL_M": 7, "DATE_VAL_1": "July", "DATE_VAL_D": 26, "DAY_OF_WEE": 4, "DAY_OF_W_1": "Wednesday", "MILT_TIME": 1814, "CASE_NUM": 20230726181400, "CRSH_TYPE_": 23, "CRASH_TYPE": "Left turn, same roadway", "CRSH_LEVL": 2, "PRIMARY_CA": 9, "PRIMARY__1": "Improper turn", "SECONDARY_": "0", "SECONDARY1": " ", "LATITUDE": 35.19206, "LONGITUDE": -80.769693, "StreetID": null }, "geometry": { "type": "Point", "coordinates": [ -80.769689782275606, 35.192053123400903 ] } },
{ "type": "Feature", "properties": { "OBJECTID": 6370, "CRSH_ID": 1094353, "DATE_VAL_Y": 2021, "DATE_VAL_M": 5, "DATE_VAL_1": "May", "DATE_VAL_D": 3, "DAY_OF_WEE": 2, "DAY_OF_W_1": "Monday", "MILT_TIME": 214, "CASE_NUM": 20210503021400, "CRSH_TYPE_": 2, "CRASH_TYPE": "Ran off road left", "CRSH_LEVL": 1, "PRIMARY_CA": 6, "PRIMARY__1": "Exceeded authorized speed limit", "SECONDARY_": "0", "SECONDARY1": " ", "LATITUDE": 35.212483, "LONGITUDE": -80.725822, "StreetID": null }, "geometry": { "type": "Point", "coordinates": [ -80.725818792836705, 35.212476117426803 ] } },
{ "type": "Feature", "properties": { "OBJECTID": 6371, "CRSH_ID": 1130843, "DATE_VAL_Y": 2022, "DATE_VAL_M": 1, "DATE_VAL_1": "January", "DATE_VAL_D": 11, "DAY_OF_WEE": 3, "DAY_OF_W_1": "Tuesday", "MILT_TIME": 2058, "CASE_NUM": 20220111205303, "CRSH_TYPE_": 30, "CRASH_TYPE": "Angle", "CRSH_LEVL": 1, "PRIMARY_CA": 6, "PRIMARY__1": "Exceeded authorized speed limit", "SECONDARY_": "0", "SECONDARY1": " ", "LATITUDE": 35.244351, "LONGITUDE": -80.932019, "StreetID": null }, "geometry": { "type": "Point", "coordinates": [ -80.932015731379494, 35.244344116839898 ] } },
{ "type": "Feature", "properties": { "OBJECTID": 6372, "CRSH_ID": 1221628, "DATE_VAL_Y": 2023, "DATE_VAL_M": 8, "DATE_VAL_1": "August", "DATE_VAL_D": 3, "DAY_OF_WEE": 5, "DAY_OF_W_1": "Thursday", "MILT_TIME": 1507, "CASE_NUM": 20230803150700, "CRSH_TYPE_": 1, "CRASH_TYPE": "Ran off road right", "CRSH_LEVL": 2, "PRIMARY_CA": 0, "PRIMARY__1": "No contributing circumstance indicated", "SECONDARY_": "0", "SECONDARY1": " ", "LATITUDE": 35.14033, "LONGITUDE": -80.89416, "StreetID": null }, "geometry": { "type": "Point", "coordinates": [ -80.894156748532893, 35.140323138072901 ] } },
{ "type": "Feature", "properties": { "OBJECTID": 6373, "CRSH_ID": 1109955, "DATE_VAL_Y": 2021, "DATE_VAL_M": 6, "DATE_VAL_1": "June", "DATE_VAL_D": 7, "DAY_OF_WEE": 2, "DAY_OF_W_1": "Monday", "MILT_TIME": 159, "CASE_NUM": 20210607015902, "CRSH_TYPE_": 1, "CRASH_TYPE": "Ran off road right", "CRSH_LEVL": 1, "PRIMARY_CA": 6, "PRIMARY__1": "Exceeded authorized speed limit", "SECONDARY_": "0", "SECONDARY1": " ", "LATITUDE": 35.25803, "LONGITUDE": -80.78296, "StreetID": null }, "geometry": { "type": "Point", "coordinates": [ -80.782956773539894, 35.258023108724103 ] } },
{ "type": "Feature", "properties": { "OBJECTID": 6374, "CRSH_ID": 1101151, "DATE_VAL_Y": 2021, "DATE_VAL_M": 5, "DATE_VAL_1": "May", "DATE_VAL_D": 26, "DAY_OF_WEE": 4, "DAY_OF_W_1": "Wednesday", "MILT_TIME": 300, "CASE_NUM": 20210526030205, "CRSH_TYPE_": 14, "CRASH_TYPE": "Pedestrian", "CRSH_LEVL": 1, "PRIMARY_CA": 0, "PRIMARY__1": "No contributing circumstance indicated", "SECONDARY_": "0", "SECONDARY1": "None (no unusual conditions)", "LATITUDE": 35.224556, "LONGITUDE": -80.819762, "StreetID": null }, "geometry": { "type": "Point", "coordinates": [ -80.819758764560007, 35.224549117366003 ] } },
{ "type": "Feature", "properties": { "OBJECTID": 6375, "CRSH_ID": 1263995, "DATE_VAL_Y": 2024, "DATE_VAL_M": 7, "DATE_VAL_1": "July", "DATE_VAL_D": 20, "DAY_OF_WEE": 7, "DAY_OF_W_1": "Saturday", "MILT_TIME": 232, "CASE_NUM": 20240720023201, "CRSH_TYPE_": 19, "CRASH_TYPE": "Fixed object", "CRSH_LEVL": 2, "PRIMARY_CA": 26, "PRIMARY__1": "Operated vehicle in erratic, reckless, careless, negligent or aggressive manner", "SECONDARY_": "0", "SECONDARY1": " ", "LATITUDE": 35.21341, "LONGITUDE": -80.87647, "StreetID": null }, "geometry": { "type": "Point", "coordinates": [ -80.876466749066907, 35.213403121266403 ] } },
{ "type": "Feature", "properties": { "OBJECTID": 6376, "CRSH_ID": 1264932, "DATE_VAL_Y": 2024, "DATE_VAL_M": 7, "DATE_VAL_1": "July", "DATE_VAL_D": 22, "DAY_OF_WEE": 2, "DAY_OF_W_1": "Monday", "MILT_TIME": 2045, "CASE_NUM": 20240722204500, "CRSH_TYPE_": 23, "CRASH_TYPE": "Left turn, same roadway", "CRSH_LEVL": 1, "PRIMARY_CA": 34, "PRIMARY__1": "Unknown", "SECONDARY_": "0", "SECONDARY1": " ", "LATITUDE": 35.350397, "LONGITUDE": -80.863867, "StreetID": null }, "geometry": { "type": "Point", "coordinates": [ -80.863863743917705, 35.350390091643398 ] } },
{ "type": "Feature", "properties": { "OBJECTID": 6377, "CRSH_ID": 1138695, "DATE_VAL_Y": 2022, "DATE_VAL_M": 4, "DATE_VAL_1": "April", "DATE_VAL_D": 10, "DAY_OF_WEE": 1, "DAY_OF_W_1": "Sunday", "MILT_TIME": 2051, "CASE_NUM": 20220410205104, "CRSH_TYPE_": 24, "CRASH_TYPE": "Left turn, different roadways", "CRSH_LEVL": 2, "PRIMARY_CA": 4, "PRIMARY__1": "Disregarded traffic signals", "SECONDARY_": "0", "SECONDARY1": " ", "LATITUDE": 35.21579, "LONGITUDE": -80.86575, "StreetID": null }, "geometry": { "type": "Point", "coordinates": [ -80.865746751919502, 35.215783120707997 ] } },
{ "type": "Feature", "properties": { "OBJECTID": 6378, "CRSH_ID": 1139781, "DATE_VAL_Y": 2022, "DATE_VAL_M": 4, "DATE_VAL_1": "April", "DATE_VAL_D": 25, "DAY_OF_WEE": 2, "DAY_OF_W_1": "Monday", "MILT_TIME": 2050, "CASE_NUM": 20220425205002, "CRSH_TYPE_": 27, "CRASH_TYPE": "Head on", "CRSH_LEVL": 2, "PRIMARY_CA": 20, "PRIMARY__1": "Inattention", "SECONDARY_": "0", "SECONDARY1": " ", "LATITUDE": 35.169623, "LONGITUDE": -80.90473, "StreetID": null }, "geometry": { "type": "Point", "coordinates": [ -80.904726744088293, 35.169616131999398 ] } },
{ "type": "Feature", "properties": { "OBJECTID": 6379, "CRSH_ID": 1177438, "DATE_VAL_Y": 2022, "DATE_VAL_M": 10, "DATE_VAL_1": "October", "DATE_VAL_D": 13, "DAY_OF_WEE": 5, "DAY_OF_W_1": "Thursday", "MILT_TIME": 1718, "CASE_NUM": 20221013171800, "CRSH_TYPE_": 14, "CRASH_TYPE": "Pedestrian", "CRSH_LEVL": 2, "PRIMARY_CA": 33, "PRIMARY__1": "Unable to determine", "SECONDARY_": "0", "SECONDARY1": " ", "LATITUDE": 35.24624, "LONGITUDE": -80.899568, "StreetID": null }, "geometry": { "type": "Point", "coordinates": [ -80.899564740033398, 35.246233116016903 ] } },
{ "type": "Feature", "properties": { "OBJECTID": 6380, "CRSH_ID": 1275818, "DATE_VAL_Y": 2024, "DATE_VAL_M": 10, "DATE_VAL_1": "October", "DATE_VAL_D": 24, "DAY_OF_WEE": 5, "DAY_OF_W_1": "Thursday", "MILT_TIME": 4, "CASE_NUM": 20241021000403, "CRSH_TYPE_": 21, "CRASH_TYPE": "Rear end, slow or stop", "CRSH_LEVL": 1, "PRIMARY_CA": 6, "PRIMARY__1": "Exceeded authorized speed limit", "SECONDARY_": "0", "SECONDARY1": " ", "LATITUDE": 35.321959, "LONGITUDE": -80.773166, "StreetID": null }, "geometry": { "type": "Point", "coordinates": [ -80.773162773378701, 35.321952093867097 ] } },
{ "type": "Feature", "properties": { "OBJECTID": 6381, "CRSH_ID": 1127461, "DATE_VAL_Y": 2021, "DATE_VAL_M": 12, "DATE_VAL_1": "December", "DATE_VAL_D": 5, "DAY_OF_WEE": 1, "DAY_OF_W_1": "Sunday", "MILT_TIME": 1801, "CASE_NUM": 20211205180101, "CRSH_TYPE_": 14, "CRASH_TYPE": "Pedestrian", "CRSH_LEVL": 2, "PRIMARY_CA": 33, "PRIMARY__1": "Unable to determine", "SECONDARY_": "0", "SECONDARY1": " ", "LATITUDE": 35.265546, "LONGITUDE": -80.884081, "StreetID": null }, "geometry": { "type": "Point", "coordinates": [ -80.884077743742296, 35.2655391116432 ] } },
{ "type": "Feature", "properties": { "OBJECTID": 6382, "CRSH_ID": 1213555, "DATE_VAL_Y": 2023, "DATE_VAL_M": 5, "DATE_VAL_1": "May", "DATE_VAL_D": 28, "DAY_OF_WEE": 1, "DAY_OF_W_1": "Sunday", "MILT_TIME": 243, "CASE_NUM": 20230528024300, "CRSH_TYPE_": 1, "CRASH_TYPE": "Ran off road right", "CRSH_LEVL": 1, "PRIMARY_CA": 7, "PRIMARY__1": "Exceeded safe speed for conditions", "SECONDARY_": "0", "SECONDARY1": " ", "LATITUDE": 35.08298, "LONGITUDE": -80.84695, "StreetID": null }, "geometry": { "type": "Point", "coordinates": [ -80.8469467639855, 35.082973148293298 ] } },
{ "type": "Feature", "properties": { "OBJECTID": 6383, "CRSH_ID": 1267537, "DATE_VAL_Y": 2024, "DATE_VAL_M": 8, "DATE_VAL_1": "August", "DATE_VAL_D": 18, "DAY_OF_WEE": 1, "DAY_OF_W_1": "Sunday", "MILT_TIME": 908, "CASE_NUM": 20240818090803, "CRSH_TYPE_": 30, "CRASH_TYPE": "Angle", "CRSH_LEVL": 1, "PRIMARY_CA": 19, "PRIMARY__1": "Failed to yield right of way", "SECONDARY_": "0", "SECONDARY1": " ", "LATITUDE": 35.311564, "LONGITUDE": -80.837001, "StreetID": null }, "geometry": { "type": "Point", "coordinates": [ -80.8369977562309, 35.3115570986565 ] } },
{ "type": "Feature", "properties": { "OBJECTID": 6384, "CRSH_ID": 1287929, "DATE_VAL_Y": 2022, "DATE_VAL_M": 12, "DATE_VAL_1": "December", "DATE_VAL_D": 14, "DAY_OF_WEE": 4, "DAY_OF_W_1": "Wednesday", "MILT_TIME": 1513, "CASE_NUM": 20221214151304, "CRSH_TYPE_": 30, "CRASH_TYPE": "Angle", "CRSH_LEVL": 2, "PRIMARY_CA": 4, "PRIMARY__1": "Disregarded traffic signals", "SECONDARY_": "0", "SECONDARY1": " ", "LATITUDE": 35.185922, "LONGITUDE": -80.730023, "StreetID": null }, "geometry": { "type": "Point", "coordinates": [ -80.730019794190696, 35.185915122682701 ] } },
{ "type": "Feature", "properties": { "OBJECTID": 6385, "CRSH_ID": 1122398, "DATE_VAL_Y": 2021, "DATE_VAL_M": 10, "DATE_VAL_1": "October", "DATE_VAL_D": 16, "DAY_OF_WEE": 7, "DAY_OF_W_1": "Saturday", "MILT_TIME": 1615, "CASE_NUM": 20211016153800, "CRSH_TYPE_": 21, "CRASH_TYPE": "Rear end, slow or stop", "CRSH_LEVL": 2, "PRIMARY_CA": 0, "PRIMARY__1": "No contributing circumstance indicated", "SECONDARY_": "0", "SECONDARY1": " ", "LATITUDE": 35.21669, "LONGITUDE": -80.88093, "StreetID": null }, "geometry": { "type": "Point", "coordinates": [ -80.8809267483296, 35.216683121588403 ] } },
{ "type": "Feature", "properties": { "OBJECTID": 6386, "CRSH_ID": 1044301, "DATE_VAL_Y": 2020, "DATE_VAL_M": 3, "DATE_VAL_1": "March", "DATE_VAL_D": 25, "DAY_OF_WEE": 4, "DAY_OF_W_1": "Wednesday", "MILT_TIME": 2056, "CASE_NUM": 20200325205601, "CRSH_TYPE_": 30, "CRASH_TYPE": "Angle", "CRSH_LEVL": 1, "PRIMARY_CA": 4, "PRIMARY__1": "Disregarded traffic signals", "SECONDARY_": "0", "SECONDARY1": " ", "LATITUDE": 35.290669, "LONGITUDE": -80.756991, "StreetID": null }, "geometry": { "type": "Point", "coordinates": [ -80.756987779212693, 35.290662100850902 ] } },
{ "type": "Feature", "properties": { "OBJECTID": 6387, "CRSH_ID": 1249154, "DATE_VAL_Y": 2024, "DATE_VAL_M": 3, "DATE_VAL_1": "March", "DATE_VAL_D": 9, "DAY_OF_WEE": 7, "DAY_OF_W_1": "Saturday", "MILT_TIME": 241, "CASE_NUM": 20240309024101, "CRSH_TYPE_": 23, "CRASH_TYPE": "Left turn, same roadway", "CRSH_LEVL": 1, "PRIMARY_CA": 4, "PRIMARY__1": "Disregarded traffic signals", "SECONDARY_": "0", "SECONDARY1": " ", "LATITUDE": 35.286202, "LONGITUDE": -80.761298, "StreetID": null }, "geometry": { "type": "Point", "coordinates": [ -80.761294778786706, 35.286195102670803 ] } },
{ "type": "Feature", "properties": { "OBJECTID": 6388, "CRSH_ID": 1068610, "DATE_VAL_Y": 2020, "DATE_VAL_M": 9, "DATE_VAL_1": "September", "DATE_VAL_D": 5, "DAY_OF_WEE": 7, "DAY_OF_W_1": "Saturday", "MILT_TIME": 1649, "CASE_NUM": 20200905164902, "CRSH_TYPE_": 28, "CRASH_TYPE": "Sideswipe, same direction", "CRSH_LEVL": 1, "PRIMARY_CA": 11, "PRIMARY__1": "Crossed centerline/going wrong way", "SECONDARY_": "0", "SECONDARY1": " ", "LATITUDE": 35.216151, "LONGITUDE": -80.883729, "StreetID": null }, "geometry": { "type": "Point", "coordinates": [ -80.883725746464194, 35.216144121578203 ] } },
{ "type": "Feature", "properties": { "OBJECTID": 6389, "CRSH_ID": 1205796, "DATE_VAL_Y": 2023, "DATE_VAL_M": 3, "DATE_VAL_1": "March", "DATE_VAL_D": 17, "DAY_OF_WEE": 6, "DAY_OF_W_1": "Friday", "MILT_TIME": 2120, "CASE_NUM": 20230317212005, "CRSH_TYPE_": 31, "CRASH_TYPE": "Backing up", "CRSH_LEVL": 2, "PRIMARY_CA": 21, "PRIMARY__1": "Improper backing", "SECONDARY_": "0", "SECONDARY1": " ", "LATITUDE": 35.041982, "LONGITUDE": -80.862218, "StreetID": null }, "geometry": { "type": "Point", "coordinates": [ -80.862214762218699, 35.0419751573328 ] } },
{ "type": "Feature", "properties": { "OBJECTID": 6390, "CRSH_ID": 1269241, "DATE_VAL_Y": 2024, "DATE_VAL_M": 7, "DATE_VAL_1": "July", "DATE_VAL_D": 19, "DAY_OF_WEE": 6, "DAY_OF_W_1": "Friday", "MILT_TIME": 2314, "CASE_NUM": 20240719231401, "CRSH_TYPE_": 30, "CRASH_TYPE": "Angle", "CRSH_LEVL": 2, "PRIMARY_CA": 0, "PRIMARY__1": "No contributing circumstance indicated", "SECONDARY_": "0", "SECONDARY1": " ", "LATITUDE": 35.237787, "LONGITUDE": -80.701194, "StreetID": null }, "geometry": { "type": "Point", "coordinates": [ -80.701190800441907, 35.237780110587302 ] } },
{ "type": "Feature", "properties": { "OBJECTID": 6391, "CRSH_ID": 1126688, "DATE_VAL_Y": 2021, "DATE_VAL_M": 11, "DATE_VAL_1": "November", "DATE_VAL_D": 25, "DAY_OF_WEE": 5, "DAY_OF_W_1": "Thursday", "MILT_TIME": 2158, "CASE_NUM": 20211125215803, "CRSH_TYPE_": 14, "CRASH_TYPE": "Pedestrian", "CRSH_LEVL": 1, "PRIMARY_CA": 6, "PRIMARY__1": "Exceeded authorized speed limit", "SECONDARY_": "0", "SECONDARY1": " ", "LATITUDE": 35.30505, "LONGITUDE": -80.85837, "StreetID": null }, "geometry": { "type": "Point", "coordinates": [ -80.858366749281998, 35.305043102269799 ] } },
{ "type": "Feature", "properties": { "OBJECTID": 6392, "CRSH_ID": 1047951, "DATE_VAL_Y": 2020, "DATE_VAL_M": 9, "DATE_VAL_1": "September", "DATE_VAL_D": 19, "DAY_OF_WEE": 7, "DAY_OF_W_1": "Saturday", "MILT_TIME": 1804, "CASE_NUM": 20200919180402, "CRSH_TYPE_": 2, "CRASH_TYPE": "Ran off road left", "CRSH_LEVL": 1, "PRIMARY_CA": 6, "PRIMARY__1": "Exceeded authorized speed limit", "SECONDARY_": "0", "SECONDARY1": " ", "LATITUDE": 35.272881, "LONGITUDE": -80.765555, "StreetID": null }, "geometry": { "type": "Point", "coordinates": [ -80.765551777363996, 35.272874104899799 ] } },
{ "type": "Feature", "properties": { "OBJECTID": 6393, "CRSH_ID": 1126531, "DATE_VAL_Y": 2021, "DATE_VAL_M": 11, "DATE_VAL_1": "November", "DATE_VAL_D": 23, "DAY_OF_WEE": 3, "DAY_OF_W_1": "Tuesday", "MILT_TIME": 2113, "CASE_NUM": 20211123211300, "CRSH_TYPE_": 28, "CRASH_TYPE": "Sideswipe, same direction", "CRSH_LEVL": 1, "PRIMARY_CA": 30, "PRIMARY__1": "Alcohol use", "SECONDARY_": "0", "SECONDARY1": " ", "LATITUDE": 35.33776, "LONGITUDE": -80.706857, "StreetID": null }, "geometry": { "type": "Point", "coordinates": [ -80.706853791504699, 35.3377530887701 ] } },
{ "type": "Feature", "properties": { "OBJECTID": 6394, "CRSH_ID": 1231490, "DATE_VAL_Y": 2023, "DATE_VAL_M": 10, "DATE_VAL_1": "October", "DATE_VAL_D": 14, "DAY_OF_WEE": 7, "DAY_OF_W_1": "Saturday", "MILT_TIME": 2143, "CASE_NUM": 20231014214303, "CRSH_TYPE_": 14, "CRASH_TYPE": "Pedestrian", "CRSH_LEVL": 1, "PRIMARY_CA": 34, "PRIMARY__1": "Unknown", "SECONDARY_": "0", "SECONDARY1": " ", "LATITUDE": 35.21261, "LONGITUDE": -80.76471, "StreetID": null }, "geometry": { "type": "Point", "coordinates": [ -80.764706781552704, 35.212603118076203 ] } },
{ "type": "Feature", "properties": { "OBJECTID": 6395, "CRSH_ID": 1280605, "DATE_VAL_Y": 2024, "DATE_VAL_M": 12, "DATE_VAL_1": "December", "DATE_VAL_D": 1, "DAY_OF_WEE": 1, "DAY_OF_W_1": "Sunday", "MILT_TIME": 19, "CASE_NUM": 20241201004700, "CRSH_TYPE_": 27, "CRASH_TYPE": "Head on", "CRSH_LEVL": 2, "PRIMARY_CA": 11, "PRIMARY__1": "Crossed centerline/going wrong way", "SECONDARY_": "0", "SECONDARY1": " ", "LATITUDE": 35.118547, "LONGITUDE": -80.904575, "StreetID": null }, "geometry": { "type": "Point", "coordinates": [ -80.904571746865301, 35.118540144209703 ] } },
{ "type": "Feature", "properties": { "OBJECTID": 6396, "CRSH_ID": 1030781, "DATE_VAL_Y": 2020, "DATE_VAL_M": 5, "DATE_VAL_1": "May", "DATE_VAL_D": 4, "DAY_OF_WEE": 2, "DAY_OF_W_1": "Monday", "MILT_TIME": 1112, "CASE_NUM": 20200504111200, "CRSH_TYPE_": 23, "CRASH_TYPE": "Left turn, same roadway", "CRSH_LEVL": 1, "PRIMARY_CA": 19, "PRIMARY__1": "Failed to yield right of way", "SECONDARY_": "0", "SECONDARY1": " ", "LATITUDE": 35.213099, "LONGITUDE": -80.856248, "StreetID": null }, "geometry": { "type": "Point", "coordinates": [ -80.856244755669906, 35.213092121666797 ] } },
{ "type": "Feature", "properties": { "OBJECTID": 6397, "CRSH_ID": 1228683, "DATE_VAL_Y": 2023, "DATE_VAL_M": 9, "DATE_VAL_1": "September", "DATE_VAL_D": 28, "DAY_OF_WEE": 5, "DAY_OF_W_1": "Thursday", "MILT_TIME": 1938, "CASE_NUM": 20230928193802, "CRSH_TYPE_": 24, "CRASH_TYPE": "Left turn, different roadways", "CRSH_LEVL": 1, "PRIMARY_CA": 4, "PRIMARY__1": "Disregarded traffic signals", "SECONDARY_": "0", "SECONDARY1": " ", "LATITUDE": 35.270267, "LONGITUDE": -80.813841, "StreetID": null }, "geometry": { "type": "Point", "coordinates": [ -80.813837765841797, 35.270260107655297 ] } },
{ "type": "Feature", "properties": { "OBJECTID": 6398, "CRSH_ID": 1117619, "DATE_VAL_Y": 2021, "DATE_VAL_M": 8, "DATE_VAL_1": "August", "DATE_VAL_D": 29, "DAY_OF_WEE": 1, "DAY_OF_W_1": "Sunday", "MILT_TIME": 1855, "CASE_NUM": 20210829185503, "CRSH_TYPE_": 14, "CRASH_TYPE": "Pedestrian", "CRSH_LEVL": 2, "PRIMARY_CA": 0, "PRIMARY__1": "No contributing circumstance indicated", "SECONDARY_": "0", "SECONDARY1": " ", "LATITUDE": 35.212138, "LONGITUDE": -80.781639, "StreetID": null }, "geometry": { "type": "Point", "coordinates": [ -80.781635776581496, 35.2121311191693 ] } },
{ "type": "Feature", "properties": { "OBJECTID": 6399, "CRSH_ID": 1003088, "DATE_VAL_Y": 2020, "DATE_VAL_M": 2, "DATE_VAL_1": "February", "DATE_VAL_D": 8, "DAY_OF_WEE": 7, "DAY_OF_W_1": "Saturday", "MILT_TIME": 2108, "CASE_NUM": 20200208210800, "CRSH_TYPE_": 15, "CRASH_TYPE": "Pedalcyclist", "CRSH_LEVL": 1, "PRIMARY_CA": 0, "PRIMARY__1": " ", "SECONDARY_": "0", "SECONDARY1": " ", "LATITUDE": 35.244256, "LONGITUDE": -80.793367, "StreetID": null }, "geometry": { "type": "Point", "coordinates": [ -80.793363771451197, 35.244249111637302 ] } },
{ "type": "Feature", "properties": { "OBJECTID": 6400, "CRSH_ID": 1247886, "DATE_VAL_Y": 2024, "DATE_VAL_M": 3, "DATE_VAL_1": "March", "DATE_VAL_D": 5, "DAY_OF_WEE": 3, "DAY_OF_W_1": "Tuesday", "MILT_TIME": 1822, "CASE_NUM": 20240305182205, "CRSH_TYPE_": 3, "CRASH_TYPE": "Ran off road straight ahead", "CRSH_LEVL": 2, "PRIMARY_CA": 33, "PRIMARY__1": "Unable to determine", "SECONDARY_": "0", "SECONDARY1": " ", "LATITUDE": 35.202392, "LONGITUDE": -80.738034, "StreetID": null }, "geometry": { "type": "Point", "coordinates": [ -80.738030790675893, 35.202385118571698 ] } },
{ "type": "Feature", "properties": { "OBJECTID": 6401, "CRSH_ID": 1065465, "DATE_VAL_Y": 2020, "DATE_VAL_M": 10, "DATE_VAL_1": "October", "DATE_VAL_D": 9, "DAY_OF_WEE": 6, "DAY_OF_W_1": "Friday", "MILT_TIME": 608, "CASE_NUM": 20201009060800, "CRSH_TYPE_": 2, "CRASH_TYPE": "Ran off road left", "CRSH_LEVL": 1, "PRIMARY_CA": 6, "PRIMARY__1": "Exceeded authorized speed limit", "SECONDARY_": "0", "SECONDARY1": " ", "LATITUDE": 35.119946, "LONGITUDE": -80.995048, "StreetID": null }, "geometry": { "type": "Point", "coordinates": [ -80.995044719359797, 35.119939146461498 ] } },
{ "type": "Feature", "properties": { "OBJECTID": 6402, "CRSH_ID": 1019412, "DATE_VAL_Y": 2020, "DATE_VAL_M": 5, "DATE_VAL_1": "May", "DATE_VAL_D": 9, "DAY_OF_WEE": 7, "DAY_OF_W_1": "Saturday", "MILT_TIME": 253, "CASE_NUM": 20200509025301, "CRSH_TYPE_": 14, "CRASH_TYPE": "Pedestrian", "CRSH_LEVL": 2, "PRIMARY_CA": 0, "PRIMARY__1": " ", "SECONDARY_": "0", "SECONDARY1": " ", "LATITUDE": 35.271063, "LONGITUDE": -80.934111, "StreetID": null }, "geometry": { "type": "Point", "coordinates": [ -80.934107727981996, 35.271056112228699 ] } },
{ "type": "Feature", "properties": { "OBJECTID": 6403, "CRSH_ID": 1124177, "DATE_VAL_Y": 2021, "DATE_VAL_M": 11, "DATE_VAL_1": "November", "DATE_VAL_D": 2, "DAY_OF_WEE": 3, "DAY_OF_W_1": "Tuesday", "MILT_TIME": 736, "CASE_NUM": 20211102073700, "CRSH_TYPE_": 20, "CRASH_TYPE": "Parked motor vehicle", "CRSH_LEVL": 2, "PRIMARY_CA": 28, "PRIMARY__1": "Visibility obstructed", "SECONDARY_": "0", "SECONDARY1": " ", "LATITUDE": 35.11064, "LONGITUDE": -80.94622, "StreetID": null }, "geometry": { "type": "Point", "coordinates": [ -80.946216735021196, 35.110633146239401 ] } },
{ "type": "Feature", "properties": { "OBJECTID": 6404, "CRSH_ID": 1276350, "DATE_VAL_Y": 2024, "DATE_VAL_M": 10, "DATE_VAL_1": "October", "DATE_VAL_D": 30, "DAY_OF_WEE": 4, "DAY_OF_W_1": "Wednesday", "MILT_TIME": 2048, "CASE_NUM": 20241030204807, "CRSH_TYPE_": 30, "CRASH_TYPE": "Angle", "CRSH_LEVL": 2, "PRIMARY_CA": 2, "PRIMARY__1": "Disregarded stop sign", "SECONDARY_": "0", "SECONDARY1": " ", "LATITUDE": 35.266071, "LONGITUDE": -80.769257, "StreetID": null }, "geometry": { "type": "Point", "coordinates": [ -80.769253778903703, 35.266064105778398 ] } },
{ "type": "Feature", "properties": { "OBJECTID": 6405, "CRSH_ID": 1036037, "DATE_VAL_Y": 2020, "DATE_VAL_M": 7, "DATE_VAL_1": "July", "DATE_VAL_D": 21, "DAY_OF_WEE": 3, "DAY_OF_W_1": "Tuesday", "MILT_TIME": 1615, "CASE_NUM": 20200721153600, "CRSH_TYPE_": 24, "CRASH_TYPE": "Left turn, different roadways", "CRSH_LEVL": 2, "PRIMARY_CA": 4, "PRIMARY__1": "Disregarded traffic signals", "SECONDARY_": "0", "SECONDARY1": " ", "LATITUDE": 35.187315, "LONGITUDE": -80.904414, "StreetID": null }, "geometry": { "type": "Point", "coordinates": [ -80.904410741992805, 35.187308128608798 ] } },
{ "type": "Feature", "properties": { "OBJECTID": 6406, "CRSH_ID": 2244280, "DATE_VAL_Y": 2024, "DATE_VAL_M": 7, "DATE_VAL_1": "July", "DATE_VAL_D": 26, "DAY_OF_WEE": 6, "DAY_OF_W_1": "Friday", "MILT_TIME": 946, "CASE_NUM": 20240726094602, "CRSH_TYPE_": 14, "CRASH_TYPE": "Pedestrian", "CRSH_LEVL": 1, "PRIMARY_CA": 0, "PRIMARY__1": " ", "SECONDARY_": "0", "SECONDARY1": " ", "LATITUDE": 35.176789, "LONGITUDE": -80.887716, "StreetID": null }, "geometry": { "type": "Point", "coordinates": [ -80.887712748081995, 35.176782130227302 ] } },
{ "type": "Feature", "properties": { "OBJECTID": 6407, "CRSH_ID": 1280500, "DATE_VAL_Y": 2024, "DATE_VAL_M": 12, "DATE_VAL_1": "December", "DATE_VAL_D": 2, "DAY_OF_WEE": 2, "DAY_OF_W_1": "Monday", "MILT_TIME": 1750, "CASE_NUM": 20241202175300, "CRSH_TYPE_": 14, "CRASH_TYPE": "Pedestrian", "CRSH_LEVL": 2, "PRIMARY_CA": 34, "PRIMARY__1": "Unknown", "SECONDARY_": "0", "SECONDARY1": " ", "LATITUDE": 35.335687, "LONGITUDE": -80.797485, "StreetID": null }, "geometry": { "type": "Point", "coordinates": [ -80.797481765456197, 35.335680092647102 ] } },
{ "type": "Feature", "properties": { "OBJECTID": 6408, "CRSH_ID": 1050898, "DATE_VAL_Y": 2020, "DATE_VAL_M": 9, "DATE_VAL_1": "September", "DATE_VAL_D": 5, "DAY_OF_WEE": 7, "DAY_OF_W_1": "Saturday", "MILT_TIME": 1740, "CASE_NUM": 20200905174002, "CRSH_TYPE_": 23, "CRASH_TYPE": "Left turn, same roadway", "CRSH_LEVL": 1, "PRIMARY_CA": 26, "PRIMARY__1": "Operated vehicle in erratic, reckless, careless, negligent or aggressive manner", "SECONDARY_": "0", "SECONDARY1": " ", "LATITUDE": 35.309369, "LONGITUDE": -80.974828, "StreetID": null }, "geometry": { "type": "Point", "coordinates": [ -80.974824714097593, 35.3093621046606 ] } },
{ "type": "Feature", "properties": { "OBJECTID": 6409, "CRSH_ID": 1276706, "DATE_VAL_Y": 2024, "DATE_VAL_M": 11, "DATE_VAL_1": "November", "DATE_VAL_D": 1, "DAY_OF_WEE": 6, "DAY_OF_W_1": "Friday", "MILT_TIME": 1645, "CASE_NUM": 20241101164701, "CRSH_TYPE_": 3, "CRASH_TYPE": "Ran off road straight ahead", "CRSH_LEVL": 2, "PRIMARY_CA": 33, "PRIMARY__1": "Unable to determine", "SECONDARY_": "0", "SECONDARY1": " ", "LATITUDE": 35.348217, "LONGITUDE": -80.859939, "StreetID": null }, "geometry": { "type": "Point", "coordinates": [ -80.859935746728098, 35.348210093189799 ] } },
{ "type": "Feature", "properties": { "OBJECTID": 6410, "CRSH_ID": 1080041, "DATE_VAL_Y": 2020, "DATE_VAL_M": 12, "DATE_VAL_1": "December", "DATE_VAL_D": 27, "DAY_OF_WEE": 1, "DAY_OF_W_1": "Sunday", "MILT_TIME": 2129, "CASE_NUM": 20201227212902, "CRSH_TYPE_": 1, "CRASH_TYPE": "Ran off road right", "CRSH_LEVL": 1, "PRIMARY_CA": 6, "PRIMARY__1": "Exceeded authorized speed limit", "SECONDARY_": "0", "SECONDARY1": " ", "LATITUDE": 35.135927, "LONGITUDE": -80.759017, "StreetID": null }, "geometry": { "type": "Point", "coordinates": [ -80.759013787524296, 35.135920134134501 ] } },
{ "type": "Feature", "properties": { "OBJECTID": 6411, "CRSH_ID": 1242580, "DATE_VAL_Y": 2024, "DATE_VAL_M": 1, "DATE_VAL_1": "January", "DATE_VAL_D": 17, "DAY_OF_WEE": 4, "DAY_OF_W_1": "Wednesday", "MILT_TIME": 1648, "CASE_NUM": 20240117164804, "CRSH_TYPE_": 28, "CRASH_TYPE": "Sideswipe, same direction", "CRSH_LEVL": 1, "PRIMARY_CA": 6, "PRIMARY__1": "Exceeded authorized speed limit", "SECONDARY_": "0", "SECONDARY1": " ", "LATITUDE": 35.170311, "LONGITUDE": -80.737328, "StreetID": null }, "geometry": { "type": "Point", "coordinates": [ -80.737324793679704, 35.170304125666298 ] } },
{ "type": "Feature", "properties": { "OBJECTID": 6412, "CRSH_ID": 1283636, "DATE_VAL_Y": 2024, "DATE_VAL_M": 12, "DATE_VAL_1": "December", "DATE_VAL_D": 24, "DAY_OF_WEE": 3, "DAY_OF_W_1": "Tuesday", "MILT_TIME": 1613, "CASE_NUM": 20241224161301, "CRSH_TYPE_": 14, "CRASH_TYPE": "Pedestrian", "CRSH_LEVL": 1, "PRIMARY_CA": 0, "PRIMARY__1": "No contributing circumstance indicated", "SECONDARY_": "0", "SECONDARY1": " ", "LATITUDE": 35.10921, "LONGITUDE": -80.806663, "StreetID": null }, "geometry": { "type": "Point", "coordinates": [ -80.806659774728104, 35.109203142284898 ] } },
{ "type": "Feature", "properties": { "OBJECTID": 6413, "CRSH_ID": 1228729, "DATE_VAL_Y": 2023, "DATE_VAL_M": 9, "DATE_VAL_1": "September", "DATE_VAL_D": 29, "DAY_OF_WEE": 6, "DAY_OF_W_1": "Friday", "MILT_TIME": 1555, "CASE_NUM": 20230929155901, "CRSH_TYPE_": 30, "CRASH_TYPE": "Angle", "CRSH_LEVL": 2, "PRIMARY_CA": 19, "PRIMARY__1": "Failed to yield right of way", "SECONDARY_": "0", "SECONDARY1": " ", "LATITUDE": 35.32271, "LONGITUDE": -80.90197, "StreetID": null }, "geometry": { "type": "Point", "coordinates": [ -80.901966735116204, 35.3227030994424 ] } },
{ "type": "Feature", "properties": { "OBJECTID": 6414, "CRSH_ID": 1128042, "DATE_VAL_Y": 2021, "DATE_VAL_M": 12, "DATE_VAL_1": "December", "DATE_VAL_D": 11, "DAY_OF_WEE": 7, "DAY_OF_W_1": "Saturday", "MILT_TIME": 1322, "CASE_NUM": 20211211132200, "CRSH_TYPE_": 28, "CRASH_TYPE": "Sideswipe, same direction", "CRSH_LEVL": 1, "PRIMARY_CA": 20, "PRIMARY__1": "Inattention", "SECONDARY_": "0", "SECONDARY1": " ", "LATITUDE": 35.290541, "LONGITUDE": -80.912705, "StreetID": null }, "geometry": { "type": "Point", "coordinates": [ -80.912701733322294, 35.290534106413801 ] } },
{ "type": "Feature", "properties": { "OBJECTID": 6415, "CRSH_ID": 1104461, "DATE_VAL_Y": 2021, "DATE_VAL_M": 6, "DATE_VAL_1": "June", "DATE_VAL_D": 21, "DAY_OF_WEE": 2, "DAY_OF_W_1": "Monday", "MILT_TIME": 1447, "CASE_NUM": 20210621144704, "CRSH_TYPE_": 1, "CRASH_TYPE": "Ran off road right", "CRSH_LEVL": 2, "PRIMARY_CA": 34, "PRIMARY__1": "Unknown", "SECONDARY_": "0", "SECONDARY1": " ", "LATITUDE": 35.07199, "LONGITUDE": -80.72309, "StreetID": null }, "geometry": { "type": "Point", "coordinates": [ -80.723086802269407, 35.071983146486701 ] } },
{ "type": "Feature", "properties": { "OBJECTID": 6416, "CRSH_ID": 1121463, "DATE_VAL_Y": 2021, "DATE_VAL_M": 10, "DATE_VAL_1": "October", "DATE_VAL_D": 8, "DAY_OF_WEE": 6, "DAY_OF_W_1": "Friday", "MILT_TIME": 42, "CASE_NUM": 20211008004202, "CRSH_TYPE_": 14, "CRASH_TYPE": "Pedestrian", "CRSH_LEVL": 2, "PRIMARY_CA": 30, "PRIMARY__1": "Alcohol use", "SECONDARY_": "0", "SECONDARY1": " ", "LATITUDE": 35.232076, "LONGITUDE": -80.844869, "StreetID": null }, "geometry": { "type": "Point", "coordinates": [ -80.844865757015597, 35.232069117013999 ] } },
{ "type": "Feature", "properties": { "OBJECTID": 6417, "CRSH_ID": 1233707, "DATE_VAL_Y": 2023, "DATE_VAL_M": 11, "DATE_VAL_1": "November", "DATE_VAL_D": 6, "DAY_OF_WEE": 2, "DAY_OF_W_1": "Monday", "MILT_TIME": 1156, "CASE_NUM": 20231106115605, "CRSH_TYPE_": 14, "CRASH_TYPE": "Pedestrian", "CRSH_LEVL": 1, "PRIMARY_CA": 20, "PRIMARY__1": "Inattention", "SECONDARY_": "0", "SECONDARY1": " ", "LATITUDE": 35.156561, "LONGITUDE": -80.876136, "StreetID": null }, "geometry": { "type": "Point", "coordinates": [ -80.876132751479503, 35.156554134321297 ] } },
{ "type": "Feature", "properties": { "OBJECTID": 6418, "CRSH_ID": 1002733, "DATE_VAL_Y": 2020, "DATE_VAL_M": 2, "DATE_VAL_1": "February", "DATE_VAL_D": 2, "DAY_OF_WEE": 1, "DAY_OF_W_1": "Sunday", "MILT_TIME": 2000, "CASE_NUM": 20200202000301, "CRSH_TYPE_": 22, "CRASH_TYPE": "Rear end, turn", "CRSH_LEVL": 2, "PRIMARY_CA": 0, "PRIMARY__1": "No contributing circumstance indicated", "SECONDARY_": "0", "SECONDARY1": " ", "LATITUDE": 35.232157, "LONGITUDE": -80.833913, "StreetID": null }, "geometry": { "type": "Point", "coordinates": [ -80.833909760149197, 35.232150116595697 ] } },
{ "type": "Feature", "properties": { "OBJECTID": 6419, "CRSH_ID": 1193955, "DATE_VAL_Y": 2022, "DATE_VAL_M": 12, "DATE_VAL_1": "December", "DATE_VAL_D": 11, "DAY_OF_WEE": 1, "DAY_OF_W_1": "Sunday", "MILT_TIME": 2001, "CASE_NUM": 20221211200100, "CRSH_TYPE_": 14, "CRASH_TYPE": "Pedestrian", "CRSH_LEVL": 1, "PRIMARY_CA": 0, "PRIMARY__1": "No contributing circumstance indicated", "SECONDARY_": "0", "SECONDARY1": " ", "LATITUDE": 35.201262, "LONGITUDE": -80.779736, "StreetID": null }, "geometry": { "type": "Point", "coordinates": [ -80.779732778900296, 35.201255121821703 ] } },
{ "type": "Feature", "properties": { "OBJECTID": 6420, "CRSH_ID": 1229490, "DATE_VAL_Y": 2023, "DATE_VAL_M": 10, "DATE_VAL_1": "October", "DATE_VAL_D": 5, "DAY_OF_WEE": 5, "DAY_OF_W_1": "Thursday", "MILT_TIME": 1946, "CASE_NUM": 20231005194601, "CRSH_TYPE_": 14, "CRASH_TYPE": "Pedestrian", "CRSH_LEVL": 2, "PRIMARY_CA": 19, "PRIMARY__1": "Failed to yield right of way", "SECONDARY_": "0", "SECONDARY1": " ", "LATITUDE": 35.307214, "LONGITUDE": -80.724714, "StreetID": null }, "geometry": { "type": "Point", "coordinates": [ -80.724710788242106, 35.307207096082699 ] } },
{ "type": "Feature", "properties": { "OBJECTID": 6421, "CRSH_ID": 2244271, "DATE_VAL_Y": 2024, "DATE_VAL_M": 3, "DATE_VAL_1": "March", "DATE_VAL_D": 17, "DAY_OF_WEE": 1, "DAY_OF_W_1": "Sunday", "MILT_TIME": 1339, "CASE_NUM": 20240317133400, "CRSH_TYPE_": 14, "CRASH_TYPE": "Pedestrian", "CRSH_LEVL": 1, "PRIMARY_CA": 19, "PRIMARY__1": "Failed to yield right of way", "SECONDARY_": "0", "SECONDARY1": " ", "LATITUDE": 35.290201, "LONGITUDE": -80.728353, "StreetID": null }, "geometry": { "type": "Point", "coordinates": [ -80.728349788224307, 35.290194099199098 ] } },
{ "type": "Feature", "properties": { "OBJECTID": 6422, "CRSH_ID": 1060848, "DATE_VAL_Y": 2020, "DATE_VAL_M": 11, "DATE_VAL_1": "November", "DATE_VAL_D": 27, "DAY_OF_WEE": 6, "DAY_OF_W_1": "Friday", "MILT_TIME": 2222, "CASE_NUM": 20201127222200, "CRSH_TYPE_": 20, "CRASH_TYPE": "Parked motor vehicle", "CRSH_LEVL": 2, "PRIMARY_CA": 6, "PRIMARY__1": "Exceeded authorized speed limit", "SECONDARY_": "0", "SECONDARY1": " ", "LATITUDE": 35.239207, "LONGITUDE": -80.846426, "StreetID": null }, "geometry": { "type": "Point", "coordinates": [ -80.846422756646902, 35.239200115833903 ] } },
{ "type": "Feature", "properties": { "OBJECTID": 6423, "CRSH_ID": 1018135, "DATE_VAL_Y": 2020, "DATE_VAL_M": 1, "DATE_VAL_1": "January", "DATE_VAL_D": 22, "DAY_OF_WEE": 4, "DAY_OF_W_1": "Wednesday", "MILT_TIME": 2006, "CASE_NUM": 20200122200603, "CRSH_TYPE_": 14, "CRASH_TYPE": "Pedestrian", "CRSH_LEVL": 1, "PRIMARY_CA": 0, "PRIMARY__1": "No contributing circumstance indicated", "SECONDARY_": "0", "SECONDARY1": " ", "LATITUDE": 35.306841, "LONGITUDE": -80.851516, "StreetID": null }, "geometry": { "type": "Point", "coordinates": [ -80.851512752110594, 35.306834101516699 ] } },
{ "type": "Feature", "properties": { "OBJECTID": 6424, "CRSH_ID": 1257001, "DATE_VAL_Y": 2024, "DATE_VAL_M": 5, "DATE_VAL_1": "May", "DATE_VAL_D": 21, "DAY_OF_WEE": 3, "DAY_OF_W_1": "Tuesday", "MILT_TIME": 400, "CASE_NUM": 20240519040502, "CRSH_TYPE_": 14, "CRASH_TYPE": "Pedestrian", "CRSH_LEVL": 1, "PRIMARY_CA": 33, "PRIMARY__1": "Unable to determine", "SECONDARY_": "0", "SECONDARY1": " ", "LATITUDE": 35.257203, "LONGITUDE": -80.736378, "StreetID": null }, "geometry": { "type": "Point", "coordinates": [ -80.736374789620697, 35.257196107383002 ] } },
{ "type": "Feature", "properties": { "OBJECTID": 6425, "CRSH_ID": 1272775, "DATE_VAL_Y": 2024, "DATE_VAL_M": 10, "DATE_VAL_1": "October", "DATE_VAL_D": 1, "DAY_OF_WEE": 3, "DAY_OF_W_1": "Tuesday", "MILT_TIME": 1806, "CASE_NUM": 20241001180603, "CRSH_TYPE_": 1, "CRASH_TYPE": "Ran off road right", "CRSH_LEVL": 2, "PRIMARY_CA": 34, "PRIMARY__1": "Unknown", "SECONDARY_": "0", "SECONDARY1": " ", "LATITUDE": 35.146674, "LONGITUDE": -80.896041, "StreetID": null }, "geometry": { "type": "Point", "coordinates": [ -80.896037747140994, 35.146667136082399 ] } },
{ "type": "Feature", "properties": { "OBJECTID": 6426, "CRSH_ID": 1278751, "DATE_VAL_Y": 2024, "DATE_VAL_M": 11, "DATE_VAL_1": "November", "DATE_VAL_D": 16, "DAY_OF_WEE": 7, "DAY_OF_W_1": "Saturday", "MILT_TIME": 1937, "CASE_NUM": 20241116193702, "CRSH_TYPE_": 14, "CRASH_TYPE": "Pedestrian", "CRSH_LEVL": 2, "PRIMARY_CA": 0, "PRIMARY__1": "No contributing circumstance indicated", "SECONDARY_": "0", "SECONDARY1": " ", "LATITUDE": 35.247371, "LONGITUDE": -80.830292, "StreetID": null }, "geometry": { "type": "Point", "coordinates": [ -80.830288760973303, 35.247364113310603 ] } },
{ "type": "Feature", "properties": { "OBJECTID": 6427, "CRSH_ID": 1216114, "DATE_VAL_Y": 2023, "DATE_VAL_M": 6, "DATE_VAL_1": "June", "DATE_VAL_D": 17, "DAY_OF_WEE": 7, "DAY_OF_W_1": "Saturday", "MILT_TIME": 2206, "CASE_NUM": 20230617220602, "CRSH_TYPE_": 14, "CRASH_TYPE": "Pedestrian", "CRSH_LEVL": 2, "PRIMARY_CA": 28, "PRIMARY__1": "Visibility obstructed", "SECONDARY_": "0", "SECONDARY1": " ", "LATITUDE": 35.26309, "LONGITUDE": -80.9205, "StreetID": null }, "geometry": { "type": "Point", "coordinates": [ -80.920496733177401, 35.2630831127045 ] } },
{ "type": "Feature", "properties": { "OBJECTID": 6428, "CRSH_ID": 1071021, "DATE_VAL_Y": 2021, "DATE_VAL_M": 1, "DATE_VAL_1": "January", "DATE_VAL_D": 9, "DAY_OF_WEE": 7, "DAY_OF_W_1": "Saturday", "MILT_TIME": 2129, "CASE_NUM": 20210109212900, "CRSH_TYPE_": 30, "CRASH_TYPE": "Angle", "CRSH_LEVL": 2, "PRIMARY_CA": 0, "PRIMARY__1": "No contributing circumstance indicated", "SECONDARY_": "0", "SECONDARY1": " ", "LATITUDE": 35.307002, "LONGITUDE": -80.85058, "StreetID": null }, "geometry": { "type": "Point", "coordinates": [ -80.850576751178494, 35.306995100723597 ] } },
{ "type": "Feature", "properties": { "OBJECTID": 6429, "CRSH_ID": 1168651, "DATE_VAL_Y": 2022, "DATE_VAL_M": 8, "DATE_VAL_1": "August", "DATE_VAL_D": 6, "DAY_OF_WEE": 7, "DAY_OF_W_1": "Saturday", "MILT_TIME": 655, "CASE_NUM": 20220806065501, "CRSH_TYPE_": 28, "CRASH_TYPE": "Sideswipe, same direction", "CRSH_LEVL": 2, "PRIMARY_CA": 12, "PRIMARY__1": "Improper lane change", "SECONDARY_": "0", "SECONDARY1": " ", "LATITUDE": 35.278863, "LONGITUDE": -80.793538, "StreetID": null }, "geometry": { "type": "Point", "coordinates": [ -80.793534769747595, 35.278856105036901 ] } },
{ "type": "Feature", "properties": { "OBJECTID": 6430, "CRSH_ID": 1244563, "DATE_VAL_Y": 2024, "DATE_VAL_M": 2, "DATE_VAL_1": "February", "DATE_VAL_D": 4, "DAY_OF_WEE": 1, "DAY_OF_W_1": "Sunday", "MILT_TIME": 1830, "CASE_NUM": 20240204183601, "CRSH_TYPE_": 14, "CRASH_TYPE": "Pedestrian", "CRSH_LEVL": 2, "PRIMARY_CA": 0, "PRIMARY__1": "No contributing circumstance indicated", "SECONDARY_": "0", "SECONDARY1": " ", "LATITUDE": 35.107477, "LONGITUDE": -80.881414, "StreetID": null }, "geometry": { "type": "Point", "coordinates": [ -80.881410752453505, 35.107470144655501 ] } },
{ "type": "Feature", "properties": { "OBJECTID": 6431, "CRSH_ID": 1139004, "DATE_VAL_Y": 2022, "DATE_VAL_M": 4, "DATE_VAL_1": "April", "DATE_VAL_D": 14, "DAY_OF_WEE": 5, "DAY_OF_W_1": "Thursday", "MILT_TIME": 1806, "CASE_NUM": 20220414180601, "CRSH_TYPE_": 24, "CRASH_TYPE": "Left turn, different roadways", "CRSH_LEVL": 2, "PRIMARY_CA": 19, "PRIMARY__1": "Failed to yield right of way", "SECONDARY_": "0", "SECONDARY1": " ", "LATITUDE": 35.24922, "LONGITUDE": -80.76659, "StreetID": null }, "geometry": { "type": "Point", "coordinates": [ -80.7665867807127, 35.249213109861003 ] } },
{ "type": "Feature", "properties": { "OBJECTID": 6432, "CRSH_ID": 1001283, "DATE_VAL_Y": 2020, "DATE_VAL_M": 2, "DATE_VAL_1": "February", "DATE_VAL_D": 6, "DAY_OF_WEE": 5, "DAY_OF_W_1": "Thursday", "MILT_TIME": 1810, "CASE_NUM": 20200206181002, "CRSH_TYPE_": 27, "CRASH_TYPE": "Head on", "CRSH_LEVL": 2, "PRIMARY_CA": 33, "PRIMARY__1": "Unable to determine", "SECONDARY_": "0", "SECONDARY1": " ", "LATITUDE": 35.249317, "LONGITUDE": -80.737116, "StreetID": null }, "geometry": { "type": "Point", "coordinates": [ -80.737112789773605, 35.249310109740399 ] } },
{ "type": "Feature", "properties": { "OBJECTID": 6433, "CRSH_ID": 1245318, "DATE_VAL_Y": 2024, "DATE_VAL_M": 2, "DATE_VAL_1": "February", "DATE_VAL_D": 11, "DAY_OF_WEE": 1, "DAY_OF_W_1": "Sunday", "MILT_TIME": 6, "CASE_NUM": 20240211000600, "CRSH_TYPE_": 14, "CRASH_TYPE": "Pedestrian", "CRSH_LEVL": 1, "PRIMARY_CA": 30, "PRIMARY__1": "Alcohol use", "SECONDARY_": "0", "SECONDARY1": " ", "LATITUDE": 35.191675, "LONGITUDE": -80.880481, "StreetID": null }, "geometry": { "type": "Point", "coordinates": [ -80.880477749301804, 35.191668126320998 ] } },
{ "type": "Feature", "properties": { "OBJECTID": 6434, "CRSH_ID": 1064189, "DATE_VAL_Y": 2020, "DATE_VAL_M": 12, "DATE_VAL_1": "December", "DATE_VAL_D": 12, "DAY_OF_WEE": 7, "DAY_OF_W_1": "Saturday", "MILT_TIME": 1839, "CASE_NUM": 20201212183904, "CRSH_TYPE_": 1, "CRASH_TYPE": "Ran off road right", "CRSH_LEVL": 2, "PRIMARY_CA": 8, "PRIMARY__1": "Failure to reduce speed", "SECONDARY_": "0", "SECONDARY1": " ", "LATITUDE": 35.238664, "LONGITUDE": -80.737883, "StreetID": null }, "geometry": { "type": "Point", "coordinates": [ -80.737879789204499, 35.238657111752502 ] } },
{ "type": "Feature", "properties": { "OBJECTID": 6435, "CRSH_ID": 1052972, "DATE_VAL_Y": 2020, "DATE_VAL_M": 8, "DATE_VAL_1": "August", "DATE_VAL_D": 31, "DAY_OF_WEE": 2, "DAY_OF_W_1": "Monday", "MILT_TIME": 238, "CASE_NUM": 20200831023802, "CRSH_TYPE_": 27, "CRASH_TYPE": "Head on", "CRSH_LEVL": 2, "PRIMARY_CA": 30, "PRIMARY__1": "Alcohol use", "SECONDARY_": "0", "SECONDARY1": " ", "LATITUDE": 35.220666, "LONGITUDE": -80.831117, "StreetID": null }, "geometry": { "type": "Point", "coordinates": [ -80.831113762320896, 35.220659118807497 ] } },
{ "type": "Feature", "properties": { "OBJECTID": 6436, "CRSH_ID": 1044795, "DATE_VAL_Y": 2020, "DATE_VAL_M": 9, "DATE_VAL_1": "September", "DATE_VAL_D": 13, "DAY_OF_WEE": 1, "DAY_OF_W_1": "Sunday", "MILT_TIME": 1434, "CASE_NUM": 20200913143400, "CRSH_TYPE_": 21, "CRASH_TYPE": "Rear end, slow or stop", "CRSH_LEVL": 2, "PRIMARY_CA": 32, "PRIMARY__1": "Other*", "SECONDARY_": "0", "SECONDARY1": " ", "LATITUDE": 35.228168, "LONGITUDE": -80.77529, "StreetID": null }, "geometry": { "type": "Point", "coordinates": [ -80.775286778157394, 35.2281611155638 ] } },
{ "type": "Feature", "properties": { "OBJECTID": 6437, "CRSH_ID": 1033488, "DATE_VAL_Y": 2020, "DATE_VAL_M": 7, "DATE_VAL_1": "July", "DATE_VAL_D": 18, "DAY_OF_WEE": 7, "DAY_OF_W_1": "Saturday", "MILT_TIME": 628, "CASE_NUM": 20200718062801, "CRSH_TYPE_": 13, "CRASH_TYPE": "Other non-collision*", "CRSH_LEVL": 2, "PRIMARY_CA": 26, "PRIMARY__1": "Operated vehicle in erratic, reckless, careless, negligent or aggressive manner", "SECONDARY_": "0", "SECONDARY1": " ", "LATITUDE": 35.234009, "LONGITUDE": -80.836146, "StreetID": null }, "geometry": { "type": "Point", "coordinates": [ -80.836142758435699, 35.2340021157626 ] } },
{ "type": "Feature", "properties": { "OBJECTID": 6438, "CRSH_ID": 1282341, "DATE_VAL_Y": 2024, "DATE_VAL_M": 12, "DATE_VAL_1": "December", "DATE_VAL_D": 8, "DAY_OF_WEE": 1, "DAY_OF_W_1": "Sunday", "MILT_TIME": 1637, "CASE_NUM": 20241208163700, "CRSH_TYPE_": 14, "CRASH_TYPE": "Pedestrian", "CRSH_LEVL": 1, "PRIMARY_CA": 34, "PRIMARY__1": "Unknown", "SECONDARY_": "0", "SECONDARY1": " ", "LATITUDE": 35.203118, "LONGITUDE": -80.739648, "StreetID": null }, "geometry": { "type": "Point", "coordinates": [ -80.739644789868507, 35.203111119271199 ] } },
{ "type": "Feature", "properties": { "OBJECTID": 6439, "CRSH_ID": 1024728, "DATE_VAL_Y": 2020, "DATE_VAL_M": 6, "DATE_VAL_1": "June", "DATE_VAL_D": 9, "DAY_OF_WEE": 3, "DAY_OF_W_1": "Tuesday", "MILT_TIME": 1733, "CASE_NUM": 20200609173303, "CRSH_TYPE_": 21, "CRASH_TYPE": "Rear end, slow or stop", "CRSH_LEVL": 2, "PRIMARY_CA": 20, "PRIMARY__1": "Inattention", "SECONDARY_": "0", "SECONDARY1": " ", "LATITUDE": 35.205682, "LONGITUDE": -80.726025, "StreetID": null }, "geometry": { "type": "Point", "coordinates": [ -80.726021794003699, 35.205675119221198 ] } },
{ "type": "Feature", "properties": { "OBJECTID": 6440, "CRSH_ID": 1197400, "DATE_VAL_Y": 2023, "DATE_VAL_M": 1, "DATE_VAL_1": "January", "DATE_VAL_D": 12, "DAY_OF_WEE": 5, "DAY_OF_W_1": "Thursday", "MILT_TIME": 706, "CASE_NUM": 20230110070602, "CRSH_TYPE_": 14, "CRASH_TYPE": "Pedestrian", "CRSH_LEVL": 1, "PRIMARY_CA": 0, "PRIMARY__1": "No contributing circumstance indicated", "SECONDARY_": "0", "SECONDARY1": " ", "LATITUDE": 35.24981, "LONGITUDE": -80.74942, "StreetID": null }, "geometry": { "type": "Point", "coordinates": [ -80.749416784538496, 35.249803109756201 ] } },
{ "type": "Feature", "properties": { "OBJECTID": 6441, "CRSH_ID": 1117524, "DATE_VAL_Y": 2021, "DATE_VAL_M": 8, "DATE_VAL_1": "August", "DATE_VAL_D": 28, "DAY_OF_WEE": 7, "DAY_OF_W_1": "Saturday", "MILT_TIME": 1752, "CASE_NUM": 20210828175200, "CRSH_TYPE_": 28, "CRASH_TYPE": "Sideswipe, same direction", "CRSH_LEVL": 1, "PRIMARY_CA": 32, "PRIMARY__1": "Other*", "SECONDARY_": "0", "SECONDARY1": " ", "LATITUDE": 35.272783, "LONGITUDE": -80.837533, "StreetID": null }, "geometry": { "type": "Point", "coordinates": [ -80.837529756710893, 35.272776106931602 ] } },
{ "type": "Feature", "properties": { "OBJECTID": 6442, "CRSH_ID": 1240546, "DATE_VAL_Y": 2023, "DATE_VAL_M": 12, "DATE_VAL_1": "December", "DATE_VAL_D": 27, "DAY_OF_WEE": 4, "DAY_OF_W_1": "Wednesday", "MILT_TIME": 2214, "CASE_NUM": 20231222223005, "CRSH_TYPE_": 14, "CRASH_TYPE": "Pedestrian", "CRSH_LEVL": 1, "PRIMARY_CA": 34, "PRIMARY__1": "Unknown", "SECONDARY_": "0", "SECONDARY1": " ", "LATITUDE": 35.192475, "LONGITUDE": -80.879923, "StreetID": null }, "geometry": { "type": "Point", "coordinates": [ -80.879919750242195, 35.192468126891796 ] } },
{ "type": "Feature", "properties": { "OBJECTID": 6443, "CRSH_ID": 1050897, "DATE_VAL_Y": 2020, "DATE_VAL_M": 9, "DATE_VAL_1": "September", "DATE_VAL_D": 4, "DAY_OF_WEE": 6, "DAY_OF_W_1": "Friday", "MILT_TIME": 2028, "CASE_NUM": 20200904202803, "CRSH_TYPE_": 27, "CRASH_TYPE": "Head on", "CRSH_LEVL": 1, "PRIMARY_CA": 6, "PRIMARY__1": "Exceeded authorized speed limit", "SECONDARY_": "0", "SECONDARY1": " ", "LATITUDE": 35.258267, "LONGITUDE": -80.788281, "StreetID": null }, "geometry": { "type": "Point", "coordinates": [ -80.788277773466007, 35.258260107890798 ] } },
{ "type": "Feature", "properties": { "OBJECTID": 6444, "CRSH_ID": 1117516, "DATE_VAL_Y": 2021, "DATE_VAL_M": 8, "DATE_VAL_1": "August", "DATE_VAL_D": 28, "DAY_OF_WEE": 7, "DAY_OF_W_1": "Saturday", "MILT_TIME": 1612, "CASE_NUM": 20210828161200, "CRSH_TYPE_": 27, "CRASH_TYPE": "Head on", "CRSH_LEVL": 1, "PRIMARY_CA": 26, "PRIMARY__1": "Operated vehicle in erratic, reckless, careless, negligent or aggressive manner", "SECONDARY_": "0", "SECONDARY1": " ", "LATITUDE": 35.07559, "LONGITUDE": -80.84096, "StreetID": null }, "geometry": { "type": "Point", "coordinates": [ -80.840956766483799, 35.075583151089397 ] } },
{ "type": "Feature", "properties": { "OBJECTID": 6445, "CRSH_ID": 1203750, "DATE_VAL_Y": 2023, "DATE_VAL_M": 3, "DATE_VAL_1": "March", "DATE_VAL_D": 5, "DAY_OF_WEE": 1, "DAY_OF_W_1": "Sunday", "MILT_TIME": 957, "CASE_NUM": 20230305095701, "CRSH_TYPE_": 1, "CRASH_TYPE": "Ran off road right", "CRSH_LEVL": 2, "PRIMARY_CA": 26, "PRIMARY__1": "Operated vehicle in erratic, reckless, careless, negligent or aggressive manner", "SECONDARY_": "0", "SECONDARY1": "None (no unusual conditions)", "LATITUDE": 35.20134, "LONGITUDE": -80.77923, "StreetID": null }, "geometry": { "type": "Point", "coordinates": [ -80.779226777793397, 35.2013331205399 ] } },
{ "type": "Feature", "properties": { "OBJECTID": 6446, "CRSH_ID": 1030999, "DATE_VAL_Y": 2020, "DATE_VAL_M": 7, "DATE_VAL_1": "July", "DATE_VAL_D": 6, "DAY_OF_WEE": 2, "DAY_OF_W_1": "Monday", "MILT_TIME": 828, "CASE_NUM": 20200706082801, "CRSH_TYPE_": 27, "CRASH_TYPE": "Head on", "CRSH_LEVL": 2, "PRIMARY_CA": 32, "PRIMARY__1": "Other*", "SECONDARY_": "0", "SECONDARY1": " ", "LATITUDE": 35.30503, "LONGITUDE": -80.85833, "StreetID": null }, "geometry": { "type": "Point", "coordinates": [ -80.858326749057994, 35.305023101885702 ] } },
{ "type": "Feature", "properties": { "OBJECTID": 6447, "CRSH_ID": 1277010, "DATE_VAL_Y": 2024, "DATE_VAL_M": 11, "DATE_VAL_1": "November", "DATE_VAL_D": 4, "DAY_OF_WEE": 2, "DAY_OF_W_1": "Monday", "MILT_TIME": 539, "CASE_NUM": 20241104053901, "CRSH_TYPE_": 14, "CRASH_TYPE": "Pedestrian", "CRSH_LEVL": 2, "PRIMARY_CA": 0, "PRIMARY__1": "No contributing circumstance indicated", "SECONDARY_": "0", "SECONDARY1": "None (no unusual conditions)", "LATITUDE": 35.20499, "LONGITUDE": -80.759575, "StreetID": null }, "geometry": { "type": "Point", "coordinates": [ -80.759571784545201, 35.204983119321099 ] } },
{ "type": "Feature", "properties": { "OBJECTID": 6448, "CRSH_ID": 1171078, "DATE_VAL_Y": 2022, "DATE_VAL_M": 8, "DATE_VAL_1": "August", "DATE_VAL_D": 21, "DAY_OF_WEE": 1, "DAY_OF_W_1": "Sunday", "MILT_TIME": 108, "CASE_NUM": 20220821010800, "CRSH_TYPE_": 28, "CRASH_TYPE": "Sideswipe, same direction", "CRSH_LEVL": 1, "PRIMARY_CA": 26, "PRIMARY__1": "Operated vehicle in erratic, reckless, careless, negligent or aggressive manner", "SECONDARY_": "0", "SECONDARY1": " ", "LATITUDE": 35.231817, "LONGITUDE": -80.873814, "StreetID": null }, "geometry": { "type": "Point", "coordinates": [ -80.873810747889607, 35.2318101172933 ] } },
{ "type": "Feature", "properties": { "OBJECTID": 6449, "CRSH_ID": 1066306, "DATE_VAL_Y": 2020, "DATE_VAL_M": 12, "DATE_VAL_1": "December", "DATE_VAL_D": 20, "DAY_OF_WEE": 1, "DAY_OF_W_1": "Sunday", "MILT_TIME": 2212, "CASE_NUM": 20201220221202, "CRSH_TYPE_": 14, "CRASH_TYPE": "Pedestrian", "CRSH_LEVL": 1, "PRIMARY_CA": 0, "PRIMARY__1": " ", "SECONDARY_": "0", "SECONDARY1": " ", "LATITUDE": 35.247178, "LONGITUDE": -80.786664, "StreetID": null }, "geometry": { "type": "Point", "coordinates": [ -80.786660773372205, 35.2471711114719 ] } },
{ "type": "Feature", "properties": { "OBJECTID": 6450, "CRSH_ID": 1211586, "DATE_VAL_Y": 2023, "DATE_VAL_M": 3, "DATE_VAL_1": "March", "DATE_VAL_D": 3, "DAY_OF_WEE": 6, "DAY_OF_W_1": "Friday", "MILT_TIME": 1714, "CASE_NUM": 20230303171402, "CRSH_TYPE_": 23, "CRASH_TYPE": "Left turn, same roadway", "CRSH_LEVL": 1, "PRIMARY_CA": 4, "PRIMARY__1": "Disregarded traffic signals", "SECONDARY_": "0", "SECONDARY1": " ", "LATITUDE": 35.11012, "LONGITUDE": -80.76159, "StreetID": null }, "geometry": { "type": "Point", "coordinates": [ -80.7615867889713, 35.1101131389877 ] } },
{ "type": "Feature", "properties": { "OBJECTID": 6451, "CRSH_ID": 1110634, "DATE_VAL_Y": 2021, "DATE_VAL_M": 7, "DATE_VAL_1": "July", "DATE_VAL_D": 10, "DAY_OF_WEE": 7, "DAY_OF_W_1": "Saturday", "MILT_TIME": 242, "CASE_NUM": 20210710024400, "CRSH_TYPE_": 14, "CRASH_TYPE": "Pedestrian", "CRSH_LEVL": 1, "PRIMARY_CA": 4, "PRIMARY__1": "Disregarded traffic signals", "SECONDARY_": "0", "SECONDARY1": " ", "LATITUDE": 35.262968, "LONGITUDE": -80.854755, "StreetID": null }, "geometry": { "type": "Point", "coordinates": [ -80.854751753031806, 35.262961110975702 ] } },
{ "type": "Feature", "properties": { "OBJECTID": 6452, "CRSH_ID": 1084383, "DATE_VAL_Y": 2021, "DATE_VAL_M": 3, "DATE_VAL_1": "March", "DATE_VAL_D": 21, "DAY_OF_WEE": 1, "DAY_OF_W_1": "Sunday", "MILT_TIME": 155, "CASE_NUM": 20210321015503, "CRSH_TYPE_": 1, "CRASH_TYPE": "Ran off road right", "CRSH_LEVL": 2, "PRIMARY_CA": 30, "PRIMARY__1": "Alcohol use", "SECONDARY_": "0", "SECONDARY1": " ", "LATITUDE": 35.25838, "LONGITUDE": -80.72653, "StreetID": null }, "geometry": { "type": "Point", "coordinates": [ -80.726526790645806, 35.258373106230501 ] } },
{ "type": "Feature", "properties": { "OBJECTID": 6453, "CRSH_ID": 1227001, "DATE_VAL_Y": 2023, "DATE_VAL_M": 9, "DATE_VAL_1": "September", "DATE_VAL_D": 15, "DAY_OF_WEE": 6, "DAY_OF_W_1": "Friday", "MILT_TIME": 1952, "CASE_NUM": 20230915195201, "CRSH_TYPE_": 21, "CRASH_TYPE": "Rear end, slow or stop", "CRSH_LEVL": 2, "PRIMARY_CA": 26, "PRIMARY__1": "Operated vehicle in erratic, reckless, careless, negligent or aggressive manner", "SECONDARY_": "0", "SECONDARY1": " ", "LATITUDE": 35.233595, "LONGITUDE": -80.838494, "StreetID": null }, "geometry": { "type": "Point", "coordinates": [ -80.838490759948399, 35.233588116454001 ] } },
{ "type": "Feature", "properties": { "OBJECTID": 6454, "CRSH_ID": 1221200, "DATE_VAL_Y": 2023, "DATE_VAL_M": 7, "DATE_VAL_1": "July", "DATE_VAL_D": 31, "DAY_OF_WEE": 2, "DAY_OF_W_1": "Monday", "MILT_TIME": 500, "CASE_NUM": 20230731051102, "CRSH_TYPE_": 14, "CRASH_TYPE": "Pedestrian", "CRSH_LEVL": 2, "PRIMARY_CA": 33, "PRIMARY__1": "Unable to determine", "SECONDARY_": "0", "SECONDARY1": " ", "LATITUDE": 35.313314, "LONGITUDE": -80.702938, "StreetID": null }, "geometry": { "type": "Point", "coordinates": [ -80.702934795406605, 35.313307093986197 ] } },
{ "type": "Feature", "properties": { "OBJECTID": 6455, "CRSH_ID": 1169821, "DATE_VAL_Y": 2022, "DATE_VAL_M": 8, "DATE_VAL_1": "August", "DATE_VAL_D": 9, "DAY_OF_WEE": 3, "DAY_OF_W_1": "Tuesday", "MILT_TIME": 1111, "CASE_NUM": 20220809111100, "CRSH_TYPE_": 21, "CRASH_TYPE": "Rear end, slow or stop", "CRSH_LEVL": 1, "PRIMARY_CA": 33, "PRIMARY__1": "Unable to determine", "SECONDARY_": "0", "SECONDARY1": " ", "LATITUDE": 35.23587, "LONGITUDE": -80.8806, "StreetID": null }, "geometry": { "type": "Point", "coordinates": [ -80.880596747820306, 35.235863116968403 ] } },
{ "type": "Feature", "properties": { "OBJECTID": 6456, "CRSH_ID": 1067597, "DATE_VAL_Y": 2020, "DATE_VAL_M": 10, "DATE_VAL_1": "October", "DATE_VAL_D": 17, "DAY_OF_WEE": 7, "DAY_OF_W_1": "Saturday", "MILT_TIME": 223, "CASE_NUM": 20201017022303, "CRSH_TYPE_": 1, "CRASH_TYPE": "Ran off road right", "CRSH_LEVL": 2, "PRIMARY_CA": 14, "PRIMARY__1": "Overcorrected/oversteered", "SECONDARY_": "0", "SECONDARY1": " ", "LATITUDE": 35.255002, "LONGITUDE": -80.873261, "StreetID": null }, "geometry": { "type": "Point", "coordinates": [ -80.873257747940201, 35.2549951123979 ] } },
{ "type": "Feature", "properties": { "OBJECTID": 6457, "CRSH_ID": 1276998, "DATE_VAL_Y": 2024, "DATE_VAL_M": 11, "DATE_VAL_1": "November", "DATE_VAL_D": 3, "DAY_OF_WEE": 1, "DAY_OF_W_1": "Sunday", "MILT_TIME": 1924, "CASE_NUM": 20241103192400, "CRSH_TYPE_": 14, "CRASH_TYPE": "Pedestrian", "CRSH_LEVL": 1, "PRIMARY_CA": 6, "PRIMARY__1": "Exceeded authorized speed limit", "SECONDARY_": "0", "SECONDARY1": " ", "LATITUDE": 35.239489, "LONGITUDE": -80.835911, "StreetID": null }, "geometry": { "type": "Point", "coordinates": [ -80.835907758359696, 35.239482115357703 ] } },
{ "type": "Feature", "properties": { "OBJECTID": 6458, "CRSH_ID": 1123580, "DATE_VAL_Y": 2021, "DATE_VAL_M": 10, "DATE_VAL_1": "October", "DATE_VAL_D": 27, "DAY_OF_WEE": 4, "DAY_OF_W_1": "Wednesday", "MILT_TIME": 1900, "CASE_NUM": 20211027190002, "CRSH_TYPE_": 14, "CRASH_TYPE": "Pedestrian", "CRSH_LEVL": 2, "PRIMARY_CA": 0, "PRIMARY__1": "No contributing circumstance indicated", "SECONDARY_": "0", "SECONDARY1": " ", "LATITUDE": 35.306035, "LONGITUDE": -80.723796, "StreetID": null }, "geometry": { "type": "Point", "coordinates": [ -80.723792788407295, 35.306028096464999 ] } },
{ "type": "Feature", "properties": { "OBJECTID": 6459, "CRSH_ID": 1066347, "DATE_VAL_Y": 2020, "DATE_VAL_M": 12, "DATE_VAL_1": "December", "DATE_VAL_D": 24, "DAY_OF_WEE": 5, "DAY_OF_W_1": "Thursday", "MILT_TIME": 345, "CASE_NUM": 20201224034500, "CRSH_TYPE_": 1, "CRASH_TYPE": "Ran off road right", "CRSH_LEVL": 2, "PRIMARY_CA": 8, "PRIMARY__1": "Failure to reduce speed", "SECONDARY_": "0", "SECONDARY1": " ", "LATITUDE": 35.197804, "LONGITUDE": -80.939651, "StreetID": null }, "geometry": { "type": "Point", "coordinates": [ -80.939647731537605, 35.1977971276619 ] } },
{ "type": "Feature", "properties": { "OBJECTID": 6460, "CRSH_ID": 1265085, "DATE_VAL_Y": 2024, "DATE_VAL_M": 7, "DATE_VAL_1": "July", "DATE_VAL_D": 31, "DAY_OF_WEE": 4, "DAY_OF_W_1": "Wednesday", "MILT_TIME": 16, "CASE_NUM": 20240731001601, "CRSH_TYPE_": 2, "CRASH_TYPE": "Ran off road left", "CRSH_LEVL": 2, "PRIMARY_CA": 7, "PRIMARY__1": "Exceeded safe speed for conditions", "SECONDARY_": "0", "SECONDARY1": " ", "LATITUDE": 35.221398, "LONGITUDE": -80.901112, "StreetID": null }, "geometry": { "type": "Point", "coordinates": [ -80.901108741833397, 35.2213911201166 ] } },
{ "type": "Feature", "properties": { "OBJECTID": 6461, "CRSH_ID": 1235225, "DATE_VAL_Y": 2023, "DATE_VAL_M": 11, "DATE_VAL_1": "November", "DATE_VAL_D": 18, "DAY_OF_WEE": 7, "DAY_OF_W_1": "Saturday", "MILT_TIME": 1702, "CASE_NUM": 20231118170302, "CRSH_TYPE_": 23, "CRASH_TYPE": "Left turn, same roadway", "CRSH_LEVL": 2, "PRIMARY_CA": 11, "PRIMARY__1": "Crossed centerline/going wrong way", "SECONDARY_": "0", "SECONDARY1": " ", "LATITUDE": 35.177081, "LONGITUDE": -80.877432, "StreetID": null }, "geometry": { "type": "Point", "coordinates": [ -80.877428750800306, 35.177074128707197 ] } },
{ "type": "Feature", "properties": { "OBJECTID": 6462, "CRSH_ID": 1264761, "DATE_VAL_Y": 2024, "DATE_VAL_M": 7, "DATE_VAL_1": "July", "DATE_VAL_D": 28, "DAY_OF_WEE": 1, "DAY_OF_W_1": "Sunday", "MILT_TIME": 944, "CASE_NUM": 20240728094404, "CRSH_TYPE_": 23, "CRASH_TYPE": "Left turn, same roadway", "CRSH_LEVL": 1, "PRIMARY_CA": 6, "PRIMARY__1": "Exceeded authorized speed limit", "SECONDARY_": "0", "SECONDARY1": " ", "LATITUDE": 35.211079, "LONGITUDE": -80.695201, "StreetID": null }, "geometry": { "type": "Point", "coordinates": [ -80.695197801834595, 35.211072115518 ] } },
{ "type": "Feature", "properties": { "OBJECTID": 6463, "CRSH_ID": 1248281, "DATE_VAL_Y": 2024, "DATE_VAL_M": 3, "DATE_VAL_1": "March", "DATE_VAL_D": 7, "DAY_OF_WEE": 5, "DAY_OF_W_1": "Thursday", "MILT_TIME": 2233, "CASE_NUM": 20240307223301, "CRSH_TYPE_": 23, "CRASH_TYPE": "Left turn, same roadway", "CRSH_LEVL": 1, "PRIMARY_CA": 4, "PRIMARY__1": "Disregarded traffic signals", "SECONDARY_": "0", "SECONDARY1": " ", "LATITUDE": 35.261276, "LONGITUDE": -80.836955, "StreetID": null }, "geometry": { "type": "Point", "coordinates": [ -80.836951757645494, 35.261269109375903 ] } },
{ "type": "Feature", "properties": { "OBJECTID": 6464, "CRSH_ID": 1176699, "DATE_VAL_Y": 2022, "DATE_VAL_M": 9, "DATE_VAL_1": "September", "DATE_VAL_D": 29, "DAY_OF_WEE": 5, "DAY_OF_W_1": "Thursday", "MILT_TIME": 1828, "CASE_NUM": 20220929182801, "CRSH_TYPE_": 24, "CRASH_TYPE": "Left turn, different roadways", "CRSH_LEVL": 1, "PRIMARY_CA": 6, "PRIMARY__1": "Exceeded authorized speed limit", "SECONDARY_": "0", "SECONDARY1": " ", "LATITUDE": 35.055054, "LONGITUDE": -80.847042, "StreetID": null }, "geometry": { "type": "Point", "coordinates": [ -80.847038765834597, 35.055047154037801 ] } },
{ "type": "Feature", "properties": { "OBJECTID": 6465, "CRSH_ID": 1025161, "DATE_VAL_Y": 2020, "DATE_VAL_M": 6, "DATE_VAL_1": "June", "DATE_VAL_D": 12, "DAY_OF_WEE": 6, "DAY_OF_W_1": "Friday", "MILT_TIME": 1041, "CASE_NUM": 20200612104104, "CRSH_TYPE_": 14, "CRASH_TYPE": "Pedestrian", "CRSH_LEVL": 2, "PRIMARY_CA": 20, "PRIMARY__1": "Inattention", "SECONDARY_": "0", "SECONDARY1": " ", "LATITUDE": 35.326157, "LONGITUDE": -80.862735, "StreetID": null }, "geometry": { "type": "Point", "coordinates": [ -80.862731746773605, 35.326150097673199 ] } },
{ "type": "Feature", "properties": { "OBJECTID": 6466, "CRSH_ID": 1220608, "DATE_VAL_Y": 2023, "DATE_VAL_M": 7, "DATE_VAL_1": "July", "DATE_VAL_D": 25, "DAY_OF_WEE": 3, "DAY_OF_W_1": "Tuesday", "MILT_TIME": 1952, "CASE_NUM": 20230725195202, "CRSH_TYPE_": 24, "CRASH_TYPE": "Left turn, different roadways", "CRSH_LEVL": 2, "PRIMARY_CA": 0, "PRIMARY__1": "No contributing circumstance indicated", "SECONDARY_": "0", "SECONDARY1": " ", "LATITUDE": 35.28056, "LONGITUDE": -80.938921, "StreetID": null }, "geometry": { "type": "Point", "coordinates": [ -80.938917726395999, 35.280553109946403 ] } },
{ "type": "Feature", "properties": { "OBJECTID": 6467, "CRSH_ID": 1112934, "DATE_VAL_Y": 2021, "DATE_VAL_M": 7, "DATE_VAL_1": "July", "DATE_VAL_D": 26, "DAY_OF_WEE": 2, "DAY_OF_W_1": "Monday", "MILT_TIME": 2145, "CASE_NUM": 20210726215001, "CRSH_TYPE_": 16, "CRASH_TYPE": "RR train, engine", "CRSH_LEVL": 1, "PRIMARY_CA": 3, "PRIMARY__1": "Disregarded other traffic signs", "SECONDARY_": "0", "SECONDARY1": " ", "LATITUDE": 35.125047, "LONGITUDE": -80.878922, "StreetID": null }, "geometry": { "type": "Point", "coordinates": [ -80.878918752311506, 35.125040140325197 ] } },
{ "type": "Feature", "properties": { "OBJECTID": 6468, "CRSH_ID": 1085670, "DATE_VAL_Y": 2021, "DATE_VAL_M": 3, "DATE_VAL_1": "March", "DATE_VAL_D": 27, "DAY_OF_WEE": 7, "DAY_OF_W_1": "Saturday", "MILT_TIME": 2054, "CASE_NUM": 20210327205500, "CRSH_TYPE_": 14, "CRASH_TYPE": "Pedestrian", "CRSH_LEVL": 2, "PRIMARY_CA": 32, "PRIMARY__1": "Other*", "SECONDARY_": "0", "SECONDARY1": " ", "LATITUDE": 35.32425, "LONGITUDE": -80.79198, "StreetID": null }, "geometry": { "type": "Point", "coordinates": [ -80.791976768705297, 35.3242430954677 ] } },
{ "type": "Feature", "properties": { "OBJECTID": 6469, "CRSH_ID": 1071085, "DATE_VAL_Y": 2020, "DATE_VAL_M": 5, "DATE_VAL_1": "May", "DATE_VAL_D": 7, "DAY_OF_WEE": 5, "DAY_OF_W_1": "Thursday", "MILT_TIME": 1805, "CASE_NUM": 20200507180801, "CRSH_TYPE_": 27, "CRASH_TYPE": "Head on", "CRSH_LEVL": 1, "PRIMARY_CA": 26, "PRIMARY__1": "Operated vehicle in erratic, reckless, careless, negligent or aggressive manner", "SECONDARY_": "0", "SECONDARY1": " ", "LATITUDE": 35.337874, "LONGITUDE": -80.706606, "StreetID": null }, "geometry": { "type": "Point", "coordinates": [ -80.706602793079497, 35.337867088795903 ] } },
{ "type": "Feature", "properties": { "OBJECTID": 6470, "CRSH_ID": 1069776, "DATE_VAL_Y": 2020, "DATE_VAL_M": 8, "DATE_VAL_1": "August", "DATE_VAL_D": 22, "DAY_OF_WEE": 7, "DAY_OF_W_1": "Saturday", "MILT_TIME": 1207, "CASE_NUM": 20200822120701, "CRSH_TYPE_": 23, "CRASH_TYPE": "Left turn, same roadway", "CRSH_LEVL": 1, "PRIMARY_CA": 26, "PRIMARY__1": "Operated vehicle in erratic, reckless, careless, negligent or aggressive manner", "SECONDARY_": "0", "SECONDARY1": " ", "LATITUDE": 35.264895, "LONGITUDE": -80.902565, "StreetID": null }, "geometry": { "type": "Point", "coordinates": [ -80.902561738852697, 35.264888111436498 ] } },
{ "type": "Feature", "properties": { "OBJECTID": 6471, "CRSH_ID": 1200381, "DATE_VAL_Y": 2023, "DATE_VAL_M": 1, "DATE_VAL_1": "January", "DATE_VAL_D": 30, "DAY_OF_WEE": 2, "DAY_OF_W_1": "Monday", "MILT_TIME": 1742, "CASE_NUM": 20230130174200, "CRSH_TYPE_": 25, "CRASH_TYPE": "Right turn, same roadway", "CRSH_LEVL": 1, "PRIMARY_CA": 6, "PRIMARY__1": "Exceeded authorized speed limit", "SECONDARY_": "0", "SECONDARY1": " ", "LATITUDE": 35.087704, "LONGITUDE": -80.848005, "StreetID": null }, "geometry": { "type": "Point", "coordinates": [ -80.848001763391494, 35.0876971474664 ] } },
{ "type": "Feature", "properties": { "OBJECTID": 6472, "CRSH_ID": 1082884, "DATE_VAL_Y": 2021, "DATE_VAL_M": 3, "DATE_VAL_1": "March", "DATE_VAL_D": 14, "DAY_OF_WEE": 1, "DAY_OF_W_1": "Sunday", "MILT_TIME": 2152, "CASE_NUM": 20210314215200, "CRSH_TYPE_": 29, "CRASH_TYPE": "Sideswipe, opposite direction", "CRSH_LEVL": 2, "PRIMARY_CA": 11, "PRIMARY__1": "Crossed centerline/going wrong way", "SECONDARY_": "0", "SECONDARY1": " ", "LATITUDE": 35.21392, "LONGITUDE": -80.81989, "StreetID": null }, "geometry": { "type": "Point", "coordinates": [ -80.819886764505895, 35.2139131198496 ] } },
{ "type": "Feature", "properties": { "OBJECTID": 6473, "CRSH_ID": 1045573, "DATE_VAL_Y": 2020, "DATE_VAL_M": 9, "DATE_VAL_1": "September", "DATE_VAL_D": 17, "DAY_OF_WEE": 5, "DAY_OF_W_1": "Thursday", "MILT_TIME": 1314, "CASE_NUM": 20200917131400, "CRSH_TYPE_": 20, "CRASH_TYPE": "Parked motor vehicle", "CRSH_LEVL": 2, "PRIMARY_CA": 8, "PRIMARY__1": "Failure to reduce speed", "SECONDARY_": "0", "SECONDARY1": "None (no unusual conditions)", "LATITUDE": 35.222297, "LONGITUDE": -80.835496, "StreetID": null }, "geometry": { "type": "Point", "coordinates": [ -80.835492760335299, 35.222290118454502 ] } },
{ "type": "Feature", "properties": { "OBJECTID": 6474, "CRSH_ID": 1171729, "DATE_VAL_Y": 2022, "DATE_VAL_M": 8, "DATE_VAL_1": "August", "DATE_VAL_D": 30, "DAY_OF_WEE": 3, "DAY_OF_W_1": "Tuesday", "MILT_TIME": 2350, "CASE_NUM": 20220830235601, "CRSH_TYPE_": 1, "CRASH_TYPE": "Ran off road right", "CRSH_LEVL": 2, "PRIMARY_CA": 33, "PRIMARY__1": "Unable to determine", "SECONDARY_": "0", "SECONDARY1": " ", "LATITUDE": 35.140512, "LONGITUDE": -80.836867, "StreetID": null }, "geometry": { "type": "Point", "coordinates": [ -80.836863765100404, 35.140505136747201 ] } },
{ "type": "Feature", "properties": { "OBJECTID": 6475, "CRSH_ID": 1269410, "DATE_VAL_Y": 2024, "DATE_VAL_M": 8, "DATE_VAL_1": "August", "DATE_VAL_D": 28, "DAY_OF_WEE": 4, "DAY_OF_W_1": "Wednesday", "MILT_TIME": 2014, "CASE_NUM": 20240828201402, "CRSH_TYPE_": 23, "CRASH_TYPE": "Left turn, same roadway", "CRSH_LEVL": 1, "PRIMARY_CA": 4, "PRIMARY__1": "Disregarded traffic signals", "SECONDARY_": "0", "SECONDARY1": " ", "LATITUDE": 35.226598, "LONGITUDE": -80.747277, "StreetID": null }, "geometry": { "type": "Point", "coordinates": [ -80.747273787121202, 35.226591115007899 ] } },
{ "type": "Feature", "properties": { "OBJECTID": 6476, "CRSH_ID": 1215813, "DATE_VAL_Y": 2023, "DATE_VAL_M": 6, "DATE_VAL_1": "June", "DATE_VAL_D": 16, "DAY_OF_WEE": 6, "DAY_OF_W_1": "Friday", "MILT_TIME": 1320, "CASE_NUM": 20230616132003, "CRSH_TYPE_": 21, "CRASH_TYPE": "Rear end, slow or stop", "CRSH_LEVL": 2, "PRIMARY_CA": 20, "PRIMARY__1": "Inattention", "SECONDARY_": "0", "SECONDARY1": "None (no unusual conditions)", "LATITUDE": 35.26133, "LONGITUDE": -80.8832, "StreetID": null }, "geometry": { "type": "Point", "coordinates": [ -80.883196745608203, 35.2613231125734 ] } },
{ "type": "Feature", "properties": { "OBJECTID": 6477, "CRSH_ID": 2244265, "DATE_VAL_Y": 2021, "DATE_VAL_M": 12, "DATE_VAL_1": "December", "DATE_VAL_D": 13, "DAY_OF_WEE": 2, "DAY_OF_W_1": "Monday", "MILT_TIME": 2049, "CASE_NUM": 20211213204901, "CRSH_TYPE_": 14, "CRASH_TYPE": "Pedestrian", "CRSH_LEVL": 1, "PRIMARY_CA": 32, "PRIMARY__1": "Other*", "SECONDARY_": "0", "SECONDARY1": " ", "LATITUDE": 35.135659, "LONGITUDE": -80.898152, "StreetID": null }, "geometry": { "type": "Point", "coordinates": [ -80.898148746562299, 35.135652139369697 ] } },
{ "type": "Feature", "properties": { "OBJECTID": 6478, "CRSH_ID": 1269706, "DATE_VAL_Y": 2024, "DATE_VAL_M": 9, "DATE_VAL_1": "September", "DATE_VAL_D": 8, "DAY_OF_WEE": 1, "DAY_OF_W_1": "Sunday", "MILT_TIME": 157, "CASE_NUM": 20240908015700, "CRSH_TYPE_": 30, "CRASH_TYPE": "Angle", "CRSH_LEVL": 2, "PRIMARY_CA": 20, "PRIMARY__1": "Inattention", "SECONDARY_": "0", "SECONDARY1": " ", "LATITUDE": 35.213993, "LONGITUDE": -80.77131, "StreetID": null }, "geometry": { "type": "Point", "coordinates": [ -80.771306780145906, 35.213986118955397 ] } },
{ "type": "Feature", "properties": { "OBJECTID": 6479, "CRSH_ID": 1019962, "DATE_VAL_Y": 2020, "DATE_VAL_M": 5, "DATE_VAL_1": "May", "DATE_VAL_D": 14, "DAY_OF_WEE": 5, "DAY_OF_W_1": "Thursday", "MILT_TIME": 1600, "CASE_NUM": 20200514160200, "CRSH_TYPE_": 14, "CRASH_TYPE": "Pedestrian", "CRSH_LEVL": 2, "PRIMARY_CA": 20, "PRIMARY__1": "Inattention", "SECONDARY_": "0", "SECONDARY1": " ", "LATITUDE": 35.335463, "LONGITUDE": -80.754851, "StreetID": null }, "geometry": { "type": "Point", "coordinates": [ -80.754847778858604, 35.3354560908965 ] } },
{ "type": "Feature", "properties": { "OBJECTID": 6480, "CRSH_ID": 998961, "DATE_VAL_Y": 2020, "DATE_VAL_M": 1, "DATE_VAL_1": "January", "DATE_VAL_D": 25, "DAY_OF_WEE": 7, "DAY_OF_W_1": "Saturday", "MILT_TIME": 2350, "CASE_NUM": 20200125235301, "CRSH_TYPE_": 30, "CRASH_TYPE": "Angle", "CRSH_LEVL": 2, "PRIMARY_CA": 0, "PRIMARY__1": "No contributing circumstance indicated", "SECONDARY_": "0", "SECONDARY1": " ", "LATITUDE": 35.20297, "LONGITUDE": -80.738742, "StreetID": null }, "geometry": { "type": "Point", "coordinates": [ -80.7387387911118, 35.202963118815902 ] } },
{ "type": "Feature", "properties": { "OBJECTID": 6481, "CRSH_ID": 1194362, "DATE_VAL_Y": 2022, "DATE_VAL_M": 12, "DATE_VAL_1": "December", "DATE_VAL_D": 15, "DAY_OF_WEE": 5, "DAY_OF_W_1": "Thursday", "MILT_TIME": 28, "CASE_NUM": 20221215002800, "CRSH_TYPE_": 14, "CRASH_TYPE": "Pedestrian", "CRSH_LEVL": 2, "PRIMARY_CA": 0, "PRIMARY__1": "No contributing circumstance indicated", "SECONDARY_": "0", "SECONDARY1": " ", "LATITUDE": 35.249274, "LONGITUDE": -80.815249, "StreetID": null }, "geometry": { "type": "Point", "coordinates": [ -80.815245766082001, 35.249267111657801 ] } },
{ "type": "Feature", "properties": { "OBJECTID": 6482, "CRSH_ID": 1040824, "DATE_VAL_Y": 2020, "DATE_VAL_M": 6, "DATE_VAL_1": "June", "DATE_VAL_D": 12, "DAY_OF_WEE": 6, "DAY_OF_W_1": "Friday", "MILT_TIME": 2310, "CASE_NUM": 20200612231001, "CRSH_TYPE_": 14, "CRASH_TYPE": "Pedestrian", "CRSH_LEVL": 1, "PRIMARY_CA": 0, "PRIMARY__1": "No contributing circumstance indicated", "SECONDARY_": "0", "SECONDARY1": " ", "LATITUDE": 35.276574, "LONGITUDE": -80.793508, "StreetID": null }, "geometry": { "type": "Point", "coordinates": [ -80.793504770740995, 35.276567105177499 ] } },
{ "type": "Feature", "properties": { "OBJECTID": 6483, "CRSH_ID": 1281280, "DATE_VAL_Y": 2024, "DATE_VAL_M": 12, "DATE_VAL_1": "December", "DATE_VAL_D": 8, "DAY_OF_WEE": 1, "DAY_OF_W_1": "Sunday", "MILT_TIME": 1458, "CASE_NUM": 20241208145801, "CRSH_TYPE_": 23, "CRASH_TYPE": "Left turn, same roadway", "CRSH_LEVL": 2, "PRIMARY_CA": 20, "PRIMARY__1": "Inattention", "SECONDARY_": "0", "SECONDARY1": " ", "LATITUDE": 35.096231, "LONGITUDE": -80.777566, "StreetID": null }, "geometry": { "type": "Point", "coordinates": [ -80.777562783898304, 35.096224143334801 ] } },
{ "type": "Feature", "properties": { "OBJECTID": 6484, "CRSH_ID": 1237771, "DATE_VAL_Y": 2023, "DATE_VAL_M": 12, "DATE_VAL_1": "December", "DATE_VAL_D": 7, "DAY_OF_WEE": 5, "DAY_OF_W_1": "Thursday", "MILT_TIME": 925, "CASE_NUM": 20231207092500, "CRSH_TYPE_": 2, "CRASH_TYPE": "Ran off road left", "CRSH_LEVL": 1, "PRIMARY_CA": 6, "PRIMARY__1": "Exceeded authorized speed limit", "SECONDARY_": "0", "SECONDARY1": " ", "LATITUDE": 35.23455, "LONGITUDE": -80.77087, "StreetID": null }, "geometry": { "type": "Point", "coordinates": [ -80.770866778960198, 35.234543114044101 ] } },
{ "type": "Feature", "properties": { "OBJECTID": 6485, "CRSH_ID": 1058134, "DATE_VAL_Y": 2020, "DATE_VAL_M": 7, "DATE_VAL_1": "July", "DATE_VAL_D": 30, "DAY_OF_WEE": 5, "DAY_OF_W_1": "Thursday", "MILT_TIME": 1338, "CASE_NUM": 20200730133801, "CRSH_TYPE_": 2, "CRASH_TYPE": "Ran off road left", "CRSH_LEVL": 1, "PRIMARY_CA": 32, "PRIMARY__1": "Other*", "SECONDARY_": "0", "SECONDARY1": "None (no unusual conditions)", "LATITUDE": 35.213479, "LONGITUDE": -80.790394, "StreetID": null }, "geometry": { "type": "Point", "coordinates": [ -80.790390775520393, 35.213472119292298 ] } },
{ "type": "Feature", "properties": { "OBJECTID": 6486, "CRSH_ID": 1200126, "DATE_VAL_Y": 2023, "DATE_VAL_M": 2, "DATE_VAL_1": "February", "DATE_VAL_D": 1, "DAY_OF_WEE": 4, "DAY_OF_W_1": "Wednesday", "MILT_TIME": 1842, "CASE_NUM": 20230201184200, "CRSH_TYPE_": 14, "CRASH_TYPE": "Pedestrian", "CRSH_LEVL": 2, "PRIMARY_CA": 28, "PRIMARY__1": "Visibility obstructed", "SECONDARY_": "0", "SECONDARY1": " ", "LATITUDE": 35.289159, "LONGITUDE": -80.795403, "StreetID": null }, "geometry": { "type": "Point", "coordinates": [ -80.795399767642095, 35.289152102199203 ] } },
{ "type": "Feature", "properties": { "OBJECTID": 6487, "CRSH_ID": 1056872, "DATE_VAL_Y": 2020, "DATE_VAL_M": 7, "DATE_VAL_1": "July", "DATE_VAL_D": 15, "DAY_OF_WEE": 4, "DAY_OF_W_1": "Wednesday", "MILT_TIME": 1507, "CASE_NUM": 20200715150706, "CRSH_TYPE_": 1, "CRASH_TYPE": "Ran off road right", "CRSH_LEVL": 1, "PRIMARY_CA": 32, "PRIMARY__1": "Other*", "SECONDARY_": "0", "SECONDARY1": " ", "LATITUDE": 35.200638, "LONGITUDE": -80.773877, "StreetID": null }, "geometry": { "type": "Point", "coordinates": [ -80.773873779005399, 35.2006311214204 ] } },
{ "type": "Feature", "properties": { "OBJECTID": 6488, "CRSH_ID": 1116698, "DATE_VAL_Y": 2021, "DATE_VAL_M": 8, "DATE_VAL_1": "August", "DATE_VAL_D": 21, "DAY_OF_WEE": 7, "DAY_OF_W_1": "Saturday", "MILT_TIME": 212, "CASE_NUM": 20210821021201, "CRSH_TYPE_": 30, "CRASH_TYPE": "Angle", "CRSH_LEVL": 1, "PRIMARY_CA": 4, "PRIMARY__1": "Disregarded traffic signals", "SECONDARY_": "0", "SECONDARY1": " ", "LATITUDE": 35.248916, "LONGITUDE": -80.815836, "StreetID": null }, "geometry": { "type": "Point", "coordinates": [ -80.815832765421007, 35.2489091126318 ] } },
{ "type": "Feature", "properties": { "OBJECTID": 6489, "CRSH_ID": 1202113, "DATE_VAL_Y": 2023, "DATE_VAL_M": 2, "DATE_VAL_1": "February", "DATE_VAL_D": 15, "DAY_OF_WEE": 4, "DAY_OF_W_1": "Wednesday", "MILT_TIME": 652, "CASE_NUM": 20230215065201, "CRSH_TYPE_": 2, "CRASH_TYPE": "Ran off road left", "CRSH_LEVL": 2, "PRIMARY_CA": 32, "PRIMARY__1": "Other*", "SECONDARY_": "0", "SECONDARY1": " ", "LATITUDE": 35.24281, "LONGITUDE": -80.73765, "StreetID": null }, "geometry": { "type": "Point", "coordinates": [ -80.737646788012597, 35.242803110903701 ] } },
{ "type": "Feature", "properties": { "OBJECTID": 6490, "CRSH_ID": 1271702, "DATE_VAL_Y": 2024, "DATE_VAL_M": 9, "DATE_VAL_1": "September", "DATE_VAL_D": 25, "DAY_OF_WEE": 4, "DAY_OF_W_1": "Wednesday", "MILT_TIME": 620, "CASE_NUM": 20240925062000, "CRSH_TYPE_": 24, "CRASH_TYPE": "Left turn, different roadways", "CRSH_LEVL": 2, "PRIMARY_CA": 19, "PRIMARY__1": "Failed to yield right of way", "SECONDARY_": "0", "SECONDARY1": " ", "LATITUDE": 35.25802, "LONGITUDE": -80.783306, "StreetID": null }, "geometry": { "type": "Point", "coordinates": [ -80.783302774305099, 35.258013108522398 ] } },
{ "type": "Feature", "properties": { "OBJECTID": 6491, "CRSH_ID": 1237657, "DATE_VAL_Y": 2023, "DATE_VAL_M": 12, "DATE_VAL_1": "December", "DATE_VAL_D": 8, "DAY_OF_WEE": 6, "DAY_OF_W_1": "Friday", "MILT_TIME": 1315, "CASE_NUM": 20231208132301, "CRSH_TYPE_": 21, "CRASH_TYPE": "Rear end, slow or stop", "CRSH_LEVL": 2, "PRIMARY_CA": 8, "PRIMARY__1": "Failure to reduce speed", "SECONDARY_": "0", "SECONDARY1": " ", "LATITUDE": 35.132253, "LONGITUDE": -80.94066, "StreetID": null }, "geometry": { "type": "Point", "coordinates": [ -80.940656735307897, 35.132246141069501 ] } },
{ "type": "Feature", "properties": { "OBJECTID": 6492, "CRSH_ID": 1280607, "DATE_VAL_Y": 2024, "DATE_VAL_M": 12, "DATE_VAL_1": "December", "DATE_VAL_D": 1, "DAY_OF_WEE": 1, "DAY_OF_W_1": "Sunday", "MILT_TIME": 212, "CASE_NUM": 20241201021201, "CRSH_TYPE_": 14, "CRASH_TYPE": "Pedestrian", "CRSH_LEVL": 1, "PRIMARY_CA": 6, "PRIMARY__1": "Exceeded authorized speed limit", "SECONDARY_": "0", "SECONDARY1": " ", "LATITUDE": 35.223671, "LONGITUDE": -80.85399, "StreetID": null }, "geometry": { "type": "Point", "coordinates": [ -80.853986756252496, 35.223664118780199 ] } },
{ "type": "Feature", "properties": { "OBJECTID": 6493, "CRSH_ID": 1288314, "DATE_VAL_Y": 2024, "DATE_VAL_M": 1, "DATE_VAL_1": "January", "DATE_VAL_D": 7, "DAY_OF_WEE": 1, "DAY_OF_W_1": "Sunday", "MILT_TIME": 2044, "CASE_NUM": 20240107204400, "CRSH_TYPE_": 14, "CRASH_TYPE": "Pedestrian", "CRSH_LEVL": 2, "PRIMARY_CA": 33, "PRIMARY__1": "Unable to determine", "SECONDARY_": "0", "SECONDARY1": " ", "LATITUDE": 35.135962, "LONGITUDE": -80.90348, "StreetID": null }, "geometry": { "type": "Point", "coordinates": [ -80.903476744580203, 35.135955139520803 ] } },
{ "type": "Feature", "properties": { "OBJECTID": 6494, "CRSH_ID": 1133757, "DATE_VAL_Y": 2022, "DATE_VAL_M": 2, "DATE_VAL_1": "February", "DATE_VAL_D": 15, "DAY_OF_WEE": 3, "DAY_OF_W_1": "Tuesday", "MILT_TIME": 1448, "CASE_NUM": 20220215144802, "CRSH_TYPE_": 14, "CRASH_TYPE": "Pedestrian", "CRSH_LEVL": 1, "PRIMARY_CA": 30, "PRIMARY__1": "Alcohol use", "SECONDARY_": "0", "SECONDARY1": " ", "LATITUDE": 35.260454, "LONGITUDE": -80.734785, "StreetID": null }, "geometry": { "type": "Point", "coordinates": [ -80.734781788182502, 35.260447106915898 ] } },
{ "type": "Feature", "properties": { "OBJECTID": 6495, "CRSH_ID": 1243500, "DATE_VAL_Y": 2024, "DATE_VAL_M": 1, "DATE_VAL_1": "January", "DATE_VAL_D": 26, "DAY_OF_WEE": 6, "DAY_OF_W_1": "Friday", "MILT_TIME": 2237, "CASE_NUM": 20240126223700, "CRSH_TYPE_": 23, "CRASH_TYPE": "Left turn, same roadway", "CRSH_LEVL": 1, "PRIMARY_CA": 33, "PRIMARY__1": "Unable to determine", "SECONDARY_": "0", "SECONDARY1": " ", "LATITUDE": 35.305797, "LONGITUDE": -80.749746, "StreetID": null }, "geometry": { "type": "Point", "coordinates": [ -80.749742781644002, 35.305790098619703 ] } },
{ "type": "Feature", "properties": { "OBJECTID": 6496, "CRSH_ID": 1263561, "DATE_VAL_Y": 2024, "DATE_VAL_M": 7, "DATE_VAL_1": "July", "DATE_VAL_D": 14, "DAY_OF_WEE": 1, "DAY_OF_W_1": "Sunday", "MILT_TIME": 227, "CASE_NUM": 20240714022702, "CRSH_TYPE_": 14, "CRASH_TYPE": "Pedestrian", "CRSH_LEVL": 1, "PRIMARY_CA": 0, "PRIMARY__1": "No contributing circumstance indicated", "SECONDARY_": "0", "SECONDARY1": " ", "LATITUDE": 35.202919, "LONGITUDE": -80.737801, "StreetID": null }, "geometry": { "type": "Point", "coordinates": [ -80.737797790868001, 35.202912119293103 ] } },
{ "type": "Feature", "properties": { "OBJECTID": 6497, "CRSH_ID": 1073795, "DATE_VAL_Y": 2020, "DATE_VAL_M": 12, "DATE_VAL_1": "December", "DATE_VAL_D": 23, "DAY_OF_WEE": 4, "DAY_OF_W_1": "Wednesday", "MILT_TIME": 2144, "CASE_NUM": 20201223214401, "CRSH_TYPE_": 24, "CRASH_TYPE": "Left turn, different roadways", "CRSH_LEVL": 1, "PRIMARY_CA": 30, "PRIMARY__1": "Alcohol use", "SECONDARY_": "0", "SECONDARY1": " ", "LATITUDE": 35.287505, "LONGITUDE": -80.727462, "StreetID": null }, "geometry": { "type": "Point", "coordinates": [ -80.727458789681094, 35.287498099659999 ] } },
{ "type": "Feature", "properties": { "OBJECTID": 6498, "CRSH_ID": 1269312, "DATE_VAL_Y": 2024, "DATE_VAL_M": 9, "DATE_VAL_1": "September", "DATE_VAL_D": 4, "DAY_OF_WEE": 4, "DAY_OF_W_1": "Wednesday", "MILT_TIME": 1646, "CASE_NUM": 20240904164602, "CRSH_TYPE_": 21, "CRASH_TYPE": "Rear end, slow or stop", "CRSH_LEVL": 2, "PRIMARY_CA": 8, "PRIMARY__1": "Failure to reduce speed", "SECONDARY_": "0", "SECONDARY1": " ", "LATITUDE": 35.222285, "LONGITUDE": -80.852624, "StreetID": null }, "geometry": { "type": "Point", "coordinates": [ -80.852620755623306, 35.222278119084898 ] } },
{ "type": "Feature", "properties": { "OBJECTID": 6499, "CRSH_ID": 1250429, "DATE_VAL_Y": 2024, "DATE_VAL_M": 3, "DATE_VAL_1": "March", "DATE_VAL_D": 26, "DAY_OF_WEE": 3, "DAY_OF_W_1": "Tuesday", "MILT_TIME": 333, "CASE_NUM": 20240326033300, "CRSH_TYPE_": 2, "CRASH_TYPE": "Ran off road left", "CRSH_LEVL": 2, "PRIMARY_CA": 30, "PRIMARY__1": "Alcohol use", "SECONDARY_": "0", "SECONDARY1": " ", "LATITUDE": 35.198929, "LONGITUDE": -80.742392, "StreetID": null }, "geometry": { "type": "Point", "coordinates": [ -80.742388790305299, 35.198922119662697 ] } },
{ "type": "Feature", "properties": { "OBJECTID": 6500, "CRSH_ID": 1281664, "DATE_VAL_Y": 2024, "DATE_VAL_M": 12, "DATE_VAL_1": "December", "DATE_VAL_D": 7, "DAY_OF_WEE": 7, "DAY_OF_W_1": "Saturday", "MILT_TIME": 952, "CASE_NUM": 20241207095201, "CRSH_TYPE_": 1, "CRASH_TYPE": "Ran off road right", "CRSH_LEVL": 1, "PRIMARY_CA": 34, "PRIMARY__1": "Unknown", "SECONDARY_": "0", "SECONDARY1": " ", "LATITUDE": 35.207712, "LONGITUDE": -80.852378, "StreetID": null }, "geometry": { "type": "Point", "coordinates": [ -80.852374756383497, 35.2077051234116 ] } },
{ "type": "Feature", "properties": { "OBJECTID": 6501, "CRSH_ID": 1101746, "DATE_VAL_Y": 2021, "DATE_VAL_M": 6, "DATE_VAL_1": "June", "DATE_VAL_D": 4, "DAY_OF_WEE": 6, "DAY_OF_W_1": "Friday", "MILT_TIME": 1911, "CASE_NUM": 20210604191100, "CRSH_TYPE_": 14, "CRASH_TYPE": "Pedestrian", "CRSH_LEVL": 2, "PRIMARY_CA": 30, "PRIMARY__1": "Alcohol use", "SECONDARY_": "0", "SECONDARY1": " ", "LATITUDE": 35.199713, "LONGITUDE": -80.896868, "StreetID": null }, "geometry": { "type": "Point", "coordinates": [ -80.896864742662004, 35.199706125256299 ] } },
{ "type": "Feature", "properties": { "OBJECTID": 6502, "CRSH_ID": 1251751, "DATE_VAL_Y": 2024, "DATE_VAL_M": 4, "DATE_VAL_1": "April", "DATE_VAL_D": 7, "DAY_OF_WEE": 1, "DAY_OF_W_1": "Sunday", "MILT_TIME": 455, "CASE_NUM": 20240407045501, "CRSH_TYPE_": 20, "CRASH_TYPE": "Parked motor vehicle", "CRSH_LEVL": 2, "PRIMARY_CA": 32, "PRIMARY__1": "Other*", "SECONDARY_": "0", "SECONDARY1": " ", "LATITUDE": 35.21946, "LONGITUDE": -80.722974, "StreetID": null }, "geometry": { "type": "Point", "coordinates": [ -80.722970793484706, 35.2194531159479 ] } },
{ "type": "Feature", "properties": { "OBJECTID": 6503, "CRSH_ID": 1005322, "DATE_VAL_Y": 2020, "DATE_VAL_M": 2, "DATE_VAL_1": "February", "DATE_VAL_D": 25, "DAY_OF_WEE": 3, "DAY_OF_W_1": "Tuesday", "MILT_TIME": 1509, "CASE_NUM": 20200225150901, "CRSH_TYPE_": 27, "CRASH_TYPE": "Head on", "CRSH_LEVL": 2, "PRIMARY_CA": 19, "PRIMARY__1": "Failed to yield right of way", "SECONDARY_": "0", "SECONDARY1": " ", "LATITUDE": 35.285626, "LONGITUDE": -80.921512, "StreetID": null }, "geometry": { "type": "Point", "coordinates": [ -80.921508731169496, 35.285619107913199 ] } },
{ "type": "Feature", "properties": { "OBJECTID": 6504, "CRSH_ID": 1107198, "DATE_VAL_Y": 2021, "DATE_VAL_M": 7, "DATE_VAL_1": "July", "DATE_VAL_D": 2, "DAY_OF_WEE": 6, "DAY_OF_W_1": "Friday", "MILT_TIME": 2305, "CASE_NUM": 20210702230502, "CRSH_TYPE_": 21, "CRASH_TYPE": "Rear end, slow or stop", "CRSH_LEVL": 2, "PRIMARY_CA": 8, "PRIMARY__1": "Failure to reduce speed", "SECONDARY_": "0", "SECONDARY1": " ", "LATITUDE": 35.29212, "LONGITUDE": -80.79661, "StreetID": null }, "geometry": { "type": "Point", "coordinates": [ -80.796606769227793, 35.292113102669802 ] } },
{ "type": "Feature", "properties": { "OBJECTID": 6505, "CRSH_ID": 1277873, "DATE_VAL_Y": 2024, "DATE_VAL_M": 11, "DATE_VAL_1": "November", "DATE_VAL_D": 6, "DAY_OF_WEE": 4, "DAY_OF_W_1": "Wednesday", "MILT_TIME": 536, "CASE_NUM": 20241106053600, "CRSH_TYPE_": 14, "CRASH_TYPE": "Pedestrian", "CRSH_LEVL": 1, "PRIMARY_CA": 0, "PRIMARY__1": "No contributing circumstance indicated", "SECONDARY_": "0", "SECONDARY1": " ", "LATITUDE": 35.291846, "LONGITUDE": -80.753151, "StreetID": null }, "geometry": { "type": "Point", "coordinates": [ -80.753147781184595, 35.291839101417203 ] } },
{ "type": "Feature", "properties": { "OBJECTID": 6506, "CRSH_ID": 1136842, "DATE_VAL_Y": 2022, "DATE_VAL_M": 3, "DATE_VAL_1": "March", "DATE_VAL_D": 21, "DAY_OF_WEE": 2, "DAY_OF_W_1": "Monday", "MILT_TIME": 1746, "CASE_NUM": 20220321174601, "CRSH_TYPE_": 2, "CRASH_TYPE": "Ran off road left", "CRSH_LEVL": 1, "PRIMARY_CA": 6, "PRIMARY__1": "Exceeded authorized speed limit", "SECONDARY_": "0", "SECONDARY1": " ", "LATITUDE": 35.238312, "LONGITUDE": -80.89712, "StreetID": null }, "geometry": { "type": "Point", "coordinates": [ -80.897116740746299, 35.238305118117097 ] } },
{ "type": "Feature", "properties": { "OBJECTID": 6507, "CRSH_ID": 1036582, "DATE_VAL_Y": 2020, "DATE_VAL_M": 8, "DATE_VAL_1": "August", "DATE_VAL_D": 1, "DAY_OF_WEE": 7, "DAY_OF_W_1": "Saturday", "MILT_TIME": 1635, "CASE_NUM": 20200801163501, "CRSH_TYPE_": 14, "CRASH_TYPE": "Pedestrian", "CRSH_LEVL": 2, "PRIMARY_CA": 0, "PRIMARY__1": "No contributing circumstance indicated", "SECONDARY_": "0", "SECONDARY1": " ", "LATITUDE": 35.21151, "LONGITUDE": -80.899404, "StreetID": null }, "geometry": { "type": "Point", "coordinates": [ -80.899400742517102, 35.211503122665803 ] } },
{ "type": "Feature", "properties": { "OBJECTID": 6508, "CRSH_ID": 1165092, "DATE_VAL_Y": 2022, "DATE_VAL_M": 7, "DATE_VAL_1": "July", "DATE_VAL_D": 8, "DAY_OF_WEE": 6, "DAY_OF_W_1": "Friday", "MILT_TIME": 19, "CASE_NUM": 20220708001901, "CRSH_TYPE_": 14, "CRASH_TYPE": "Pedestrian", "CRSH_LEVL": 2, "PRIMARY_CA": 0, "PRIMARY__1": "No contributing circumstance indicated", "SECONDARY_": "0", "SECONDARY1": " ", "LATITUDE": 35.20247, "LONGITUDE": -80.73076, "StreetID": null }, "geometry": { "type": "Point", "coordinates": [ -80.730756792328904, 35.202463118780997 ] } },
{ "type": "Feature", "properties": { "OBJECTID": 6509, "CRSH_ID": 1234570, "DATE_VAL_Y": 2023, "DATE_VAL_M": 11, "DATE_VAL_1": "November", "DATE_VAL_D": 13, "DAY_OF_WEE": 2, "DAY_OF_W_1": "Monday", "MILT_TIME": 2112, "CASE_NUM": 20231113211201, "CRSH_TYPE_": 1, "CRASH_TYPE": "Ran off road right", "CRSH_LEVL": 1, "PRIMARY_CA": 14, "PRIMARY__1": "Overcorrected/oversteered", "SECONDARY_": "0", "SECONDARY1": " ", "LATITUDE": 35.03925, "LONGITUDE": -80.80626, "StreetID": null }, "geometry": { "type": "Point", "coordinates": [ -80.806256779685995, 35.039243156675603 ] } },
{ "type": "Feature", "properties": { "OBJECTID": 6510, "CRSH_ID": 2244276, "DATE_VAL_Y": 2024, "DATE_VAL_M": 2, "DATE_VAL_1": "February", "DATE_VAL_D": 13, "DAY_OF_WEE": 3, "DAY_OF_W_1": "Tuesday", "MILT_TIME": 1844, "CASE_NUM": 20240213184401, "CRSH_TYPE_": 14, "CRASH_TYPE": "Pedestrian", "CRSH_LEVL": 1, "PRIMARY_CA": 0, "PRIMARY__1": "No contributing circumstance indicated", "SECONDARY_": "0", "SECONDARY1": " ", "LATITUDE": 35.252393, "LONGITUDE": -80.856172, "StreetID": null }, "geometry": { "type": "Point", "coordinates": [ -80.856168752057897, 35.252386111843897 ] } },
{ "type": "Feature", "properties": { "OBJECTID": 6511, "CRSH_ID": 1282048, "DATE_VAL_Y": 2024, "DATE_VAL_M": 12, "DATE_VAL_1": "December", "DATE_VAL_D": 12, "DAY_OF_WEE": 5, "DAY_OF_W_1": "Thursday", "MILT_TIME": 1510, "CASE_NUM": 20241212151306, "CRSH_TYPE_": 24, "CRASH_TYPE": "Left turn, different roadways", "CRSH_LEVL": 2, "PRIMARY_CA": 4, "PRIMARY__1": "Disregarded traffic signals", "SECONDARY_": "0", "SECONDARY1": " ", "LATITUDE": 35.363727, "LONGITUDE": -80.825664, "StreetID": null }, "geometry": { "type": "Point", "coordinates": [ -80.825660755729004, 35.363720088594299 ] } },
{ "type": "Feature", "properties": { "OBJECTID": 6512, "CRSH_ID": 1138779, "DATE_VAL_Y": 2022, "DATE_VAL_M": 4, "DATE_VAL_1": "April", "DATE_VAL_D": 11, "DAY_OF_WEE": 2, "DAY_OF_W_1": "Monday", "MILT_TIME": 1118, "CASE_NUM": 20220411183012, "CRSH_TYPE_": 27, "CRASH_TYPE": "Head on", "CRSH_LEVL": 2, "PRIMARY_CA": 11, "PRIMARY__1": "Crossed centerline/going wrong way", "SECONDARY_": "0", "SECONDARY1": " ", "LATITUDE": 35.25281, "LONGITUDE": -80.90206, "StreetID": null }, "geometry": { "type": "Point", "coordinates": [ -80.902056738441402, 35.2528031147516 ] } },
{ "type": "Feature", "properties": { "OBJECTID": 6513, "CRSH_ID": 1025682, "DATE_VAL_Y": 2020, "DATE_VAL_M": 6, "DATE_VAL_1": "June", "DATE_VAL_D": 15, "DAY_OF_WEE": 2, "DAY_OF_W_1": "Monday", "MILT_TIME": 246, "CASE_NUM": 20200613024603, "CRSH_TYPE_": 1, "CRASH_TYPE": "Ran off road right", "CRSH_LEVL": 2, "PRIMARY_CA": 34, "PRIMARY__1": "Unknown", "SECONDARY_": "0", "SECONDARY1": " ", "LATITUDE": 35.208249, "LONGITUDE": -80.798653, "StreetID": null }, "geometry": { "type": "Point", "coordinates": [ -80.798649771625193, 35.208242120753098 ] } },
{ "type": "Feature", "properties": { "OBJECTID": 6514, "CRSH_ID": 1102865, "DATE_VAL_Y": 2021, "DATE_VAL_M": 6, "DATE_VAL_1": "June", "DATE_VAL_D": 9, "DAY_OF_WEE": 4, "DAY_OF_W_1": "Wednesday", "MILT_TIME": 1226, "CASE_NUM": 20210609122601, "CRSH_TYPE_": 1, "CRASH_TYPE": "Ran off road right", "CRSH_LEVL": 2, "PRIMARY_CA": 11, "PRIMARY__1": "Crossed centerline/going wrong way", "SECONDARY_": "0", "SECONDARY1": " ", "LATITUDE": 35.23886, "LONGITUDE": -80.672, "StreetID": null }, "geometry": { "type": "Point", "coordinates": [ -80.671996808854203, 35.2388531087662 ] } },
{ "type": "Feature", "properties": { "OBJECTID": 6515, "CRSH_ID": 1180850, "DATE_VAL_Y": 2022, "DATE_VAL_M": 11, "DATE_VAL_1": "November", "DATE_VAL_D": 7, "DAY_OF_WEE": 2, "DAY_OF_W_1": "Monday", "MILT_TIME": 1117, "CASE_NUM": 20221107111704, "CRSH_TYPE_": 2, "CRASH_TYPE": "Ran off road left", "CRSH_LEVL": 1, "PRIMARY_CA": 34, "PRIMARY__1": "Unknown", "SECONDARY_": "0", "SECONDARY1": " ", "LATITUDE": 35.0516, "LONGITUDE": -80.849634, "StreetID": null }, "geometry": { "type": "Point", "coordinates": [ -80.849630764916498, 35.0515931568141 ] } },
{ "type": "Feature", "properties": { "OBJECTID": 6516, "CRSH_ID": 1197784, "DATE_VAL_Y": 2023, "DATE_VAL_M": 1, "DATE_VAL_1": "January", "DATE_VAL_D": 16, "DAY_OF_WEE": 2, "DAY_OF_W_1": "Monday", "MILT_TIME": 532, "CASE_NUM": 20230110053201, "CRSH_TYPE_": 1, "CRASH_TYPE": "Ran off road right", "CRSH_LEVL": 2, "PRIMARY_CA": 6, "PRIMARY__1": "Exceeded authorized speed limit", "SECONDARY_": "0", "SECONDARY1": " ", "LATITUDE": 35.2097, "LONGITUDE": -80.70244, "StreetID": null }, "geometry": { "type": "Point", "coordinates": [ -80.702436799641305, 35.2096931168252 ] } },
{ "type": "Feature", "properties": { "OBJECTID": 6517, "CRSH_ID": 1096863, "DATE_VAL_Y": 2021, "DATE_VAL_M": 5, "DATE_VAL_1": "May", "DATE_VAL_D": 9, "DAY_OF_WEE": 1, "DAY_OF_W_1": "Sunday", "MILT_TIME": 1606, "CASE_NUM": 20210509160600, "CRSH_TYPE_": 14, "CRASH_TYPE": "Pedestrian", "CRSH_LEVL": 2, "PRIMARY_CA": 7, "PRIMARY__1": "Exceeded safe speed for conditions", "SECONDARY_": "0", "SECONDARY1": " ", "LATITUDE": 35.144129, "LONGITUDE": -80.845485, "StreetID": null }, "geometry": { "type": "Point", "coordinates": [ -80.845481761146502, 35.144122135487898 ] } },
{ "type": "Feature", "properties": { "OBJECTID": 6518, "CRSH_ID": 1288290, "DATE_VAL_Y": 2024, "DATE_VAL_M": 1, "DATE_VAL_1": "January", "DATE_VAL_D": 7, "DAY_OF_WEE": 1, "DAY_OF_W_1": "Sunday", "MILT_TIME": 907, "CASE_NUM": 20240107090700, "CRSH_TYPE_": 1, "CRASH_TYPE": "Ran off road right", "CRSH_LEVL": 1, "PRIMARY_CA": 33, "PRIMARY__1": "Unable to determine", "SECONDARY_": "0", "SECONDARY1": " ", "LATITUDE": 35.160659, "LONGITUDE": -80.751477, "StreetID": null }, "geometry": { "type": "Point", "coordinates": [ -80.751473788229404, 35.160652128547603 ] } },
{ "type": "Feature", "properties": { "OBJECTID": 6519, "CRSH_ID": 1194512, "DATE_VAL_Y": 2022, "DATE_VAL_M": 12, "DATE_VAL_1": "December", "DATE_VAL_D": 15, "DAY_OF_WEE": 5, "DAY_OF_W_1": "Thursday", "MILT_TIME": 1936, "CASE_NUM": 20221215193601, "CRSH_TYPE_": 14, "CRASH_TYPE": "Pedestrian", "CRSH_LEVL": 1, "PRIMARY_CA": 0, "PRIMARY__1": "No contributing circumstance indicated", "SECONDARY_": "0", "SECONDARY1": " ", "LATITUDE": 35.138146, "LONGITUDE": -80.738607, "StreetID": null }, "geometry": { "type": "Point", "coordinates": [ -80.738603793482199, 35.138139132825899 ] } },
{ "type": "Feature", "properties": { "OBJECTID": 6520, "CRSH_ID": 1199805, "DATE_VAL_Y": 2023, "DATE_VAL_M": 1, "DATE_VAL_1": "January", "DATE_VAL_D": 29, "DAY_OF_WEE": 1, "DAY_OF_W_1": "Sunday", "MILT_TIME": 1839, "CASE_NUM": 20230129183901, "CRSH_TYPE_": 23, "CRASH_TYPE": "Left turn, same roadway", "CRSH_LEVL": 2, "PRIMARY_CA": 4, "PRIMARY__1": "Disregarded traffic signals", "SECONDARY_": "0", "SECONDARY1": " ", "LATITUDE": 35.2024, "LONGITUDE": -80.72607, "StreetID": null }, "geometry": { "type": "Point", "coordinates": [ -80.726066795193603, 35.202393118505299 ] } },
{ "type": "Feature", "properties": { "OBJECTID": 6521, "CRSH_ID": 1118605, "DATE_VAL_Y": 2021, "DATE_VAL_M": 9, "DATE_VAL_1": "September", "DATE_VAL_D": 10, "DAY_OF_WEE": 6, "DAY_OF_W_1": "Friday", "MILT_TIME": 636, "CASE_NUM": 20210910063601, "CRSH_TYPE_": 14, "CRASH_TYPE": "Pedestrian", "CRSH_LEVL": 1, "PRIMARY_CA": 8, "PRIMARY__1": "Failure to reduce speed", "SECONDARY_": "0", "SECONDARY1": " ", "LATITUDE": 35.050583, "LONGITUDE": -80.776654, "StreetID": null }, "geometry": { "type": "Point", "coordinates": [ -80.776650788525799, 35.050576152883501 ] } },
{ "type": "Feature", "properties": { "OBJECTID": 6522, "CRSH_ID": 1181609, "DATE_VAL_Y": 2022, "DATE_VAL_M": 11, "DATE_VAL_1": "November", "DATE_VAL_D": 12, "DAY_OF_WEE": 7, "DAY_OF_W_1": "Saturday", "MILT_TIME": 643, "CASE_NUM": 20221112064300, "CRSH_TYPE_": 2, "CRASH_TYPE": "Ran off road left", "CRSH_LEVL": 2, "PRIMARY_CA": 26, "PRIMARY__1": "Operated vehicle in erratic, reckless, careless, negligent or aggressive manner", "SECONDARY_": "0", "SECONDARY1": " ", "LATITUDE": 35.219801, "LONGITUDE": -80.847266, "StreetID": null }, "geometry": { "type": "Point", "coordinates": [ -80.847262756918397, 35.2197941202772 ] } },
{ "type": "Feature", "properties": { "OBJECTID": 6523, "CRSH_ID": 1137663, "DATE_VAL_Y": 2022, "DATE_VAL_M": 3, "DATE_VAL_1": "March", "DATE_VAL_D": 30, "DAY_OF_WEE": 4, "DAY_OF_W_1": "Wednesday", "MILT_TIME": 719, "CASE_NUM": 20220330071901, "CRSH_TYPE_": 30, "CRASH_TYPE": "Angle", "CRSH_LEVL": 2, "PRIMARY_CA": 19, "PRIMARY__1": "Failed to yield right of way", "SECONDARY_": "0", "SECONDARY1": "None (no unusual conditions)", "LATITUDE": 35.02824, "LONGITUDE": -80.82653, "StreetID": null }, "geometry": { "type": "Point", "coordinates": [ -80.826526774598406, 35.028233160590901 ] } },
{ "type": "Feature", "properties": { "OBJECTID": 6524, "CRSH_ID": 1202240, "DATE_VAL_Y": 2023, "DATE_VAL_M": 2, "DATE_VAL_1": "February", "DATE_VAL_D": 18, "DAY_OF_WEE": 7, "DAY_OF_W_1": "Saturday", "MILT_TIME": 1354, "CASE_NUM": 20230218135401, "CRSH_TYPE_": 15, "CRASH_TYPE": "Pedalcyclist", "CRSH_LEVL": 2, "PRIMARY_CA": 4, "PRIMARY__1": "Disregarded traffic signals", "SECONDARY_": "0", "SECONDARY1": " ", "LATITUDE": 35.3476, "LONGITUDE": -80.861159, "StreetID": null }, "geometry": { "type": "Point", "coordinates": [ -80.861155746197895, 35.347593091991797 ] } },
{ "type": "Feature", "properties": { "OBJECTID": 6525, "CRSH_ID": 1002084, "DATE_VAL_Y": 2020, "DATE_VAL_M": 2, "DATE_VAL_1": "February", "DATE_VAL_D": 5, "DAY_OF_WEE": 4, "DAY_OF_W_1": "Wednesday", "MILT_TIME": 857, "CASE_NUM": 20200205085704, "CRSH_TYPE_": 14, "CRASH_TYPE": "Pedestrian", "CRSH_LEVL": 1, "PRIMARY_CA": 13, "PRIMARY__1": "Use of improper lane", "SECONDARY_": "0", "SECONDARY1": " ", "LATITUDE": 35.146096, "LONGITUDE": -80.926843, "StreetID": null }, "geometry": { "type": "Point", "coordinates": [ -80.926839736790299, 35.146089138246701 ] } },
{ "type": "Feature", "properties": { "OBJECTID": 6526, "CRSH_ID": 1021165, "DATE_VAL_Y": 2020, "DATE_VAL_M": 5, "DATE_VAL_1": "May", "DATE_VAL_D": 18, "DAY_OF_WEE": 2, "DAY_OF_W_1": "Monday", "MILT_TIME": 2024, "CASE_NUM": 20200518202402, "CRSH_TYPE_": 1, "CRASH_TYPE": "Ran off road right", "CRSH_LEVL": 1, "PRIMARY_CA": 7, "PRIMARY__1": "Exceeded safe speed for conditions", "SECONDARY_": "0", "SECONDARY1": " ", "LATITUDE": 35.239424, "LONGITUDE": -80.654049, "StreetID": null }, "geometry": { "type": "Point", "coordinates": [ -80.654045813332701, 35.2394171078979 ] } },
{ "type": "Feature", "properties": { "OBJECTID": 6527, "CRSH_ID": 1119397, "DATE_VAL_Y": 2021, "DATE_VAL_M": 9, "DATE_VAL_1": "September", "DATE_VAL_D": 17, "DAY_OF_WEE": 6, "DAY_OF_W_1": "Friday", "MILT_TIME": 2051, "CASE_NUM": 20210917205102, "CRSH_TYPE_": 23, "CRASH_TYPE": "Left turn, same roadway", "CRSH_LEVL": 1, "PRIMARY_CA": 6, "PRIMARY__1": "Exceeded authorized speed limit", "SECONDARY_": "0", "SECONDARY1": " ", "LATITUDE": 35.224396, "LONGITUDE": -80.896505, "StreetID": null }, "geometry": { "type": "Point", "coordinates": [ -80.896501741943595, 35.2243891199087 ] } },
{ "type": "Feature", "properties": { "OBJECTID": 6528, "CRSH_ID": 1172882, "DATE_VAL_Y": 2022, "DATE_VAL_M": 9, "DATE_VAL_1": "September", "DATE_VAL_D": 8, "DAY_OF_WEE": 5, "DAY_OF_W_1": "Thursday", "MILT_TIME": 1654, "CASE_NUM": 20220908165401, "CRSH_TYPE_": 2, "CRASH_TYPE": "Ran off road left", "CRSH_LEVL": 2, "PRIMARY_CA": 0, "PRIMARY__1": "No contributing circumstance indicated", "SECONDARY_": "0", "SECONDARY1": " ", "LATITUDE": 35.20619, "LONGITUDE": -80.795483, "StreetID": null }, "geometry": { "type": "Point", "coordinates": [ -80.795479772828202, 35.206183120183901 ] } },
{ "type": "Feature", "properties": { "OBJECTID": 6529, "CRSH_ID": 1053760, "DATE_VAL_Y": 2020, "DATE_VAL_M": 10, "DATE_VAL_1": "October", "DATE_VAL_D": 1, "DAY_OF_WEE": 5, "DAY_OF_W_1": "Thursday", "MILT_TIME": 2042, "CASE_NUM": 20201001204202, "CRSH_TYPE_": 30, "CRASH_TYPE": "Angle", "CRSH_LEVL": 1, "PRIMARY_CA": 2, "PRIMARY__1": "Disregarded stop sign", "SECONDARY_": "0", "SECONDARY1": " ", "LATITUDE": 35.227891, "LONGITUDE": -80.873492, "StreetID": null }, "geometry": { "type": "Point", "coordinates": [ -80.873488748743, 35.227884118059002 ] } },
{ "type": "Feature", "properties": { "OBJECTID": 6530, "CRSH_ID": 1133512, "DATE_VAL_Y": 2022, "DATE_VAL_M": 2, "DATE_VAL_1": "February", "DATE_VAL_D": 13, "DAY_OF_WEE": 1, "DAY_OF_W_1": "Sunday", "MILT_TIME": 145, "CASE_NUM": 20220213014801, "CRSH_TYPE_": 19, "CRASH_TYPE": "Fixed object", "CRSH_LEVL": 2, "PRIMARY_CA": 30, "PRIMARY__1": "Alcohol use", "SECONDARY_": "0", "SECONDARY1": " ", "LATITUDE": 35.11788, "LONGITUDE": -80.87061, "StreetID": null }, "geometry": { "type": "Point", "coordinates": [ -80.870606756147495, 35.117873141464301 ] } },
{ "type": "Feature", "properties": { "OBJECTID": 6531, "CRSH_ID": 1052573, "DATE_VAL_Y": 2020, "DATE_VAL_M": 10, "DATE_VAL_1": "October", "DATE_VAL_D": 16, "DAY_OF_WEE": 6, "DAY_OF_W_1": "Friday", "MILT_TIME": 2120, "CASE_NUM": 20201016212502, "CRSH_TYPE_": 14, "CRASH_TYPE": "Pedestrian", "CRSH_LEVL": 2, "PRIMARY_CA": 31, "PRIMARY__1": "Drug use", "SECONDARY_": "0", "SECONDARY1": " ", "LATITUDE": 35.204274, "LONGITUDE": -80.803571, "StreetID": null }, "geometry": { "type": "Point", "coordinates": [ -80.803567771288698, 35.204267120905598 ] } },
{ "type": "Feature", "properties": { "OBJECTID": 6532, "CRSH_ID": 1227912, "DATE_VAL_Y": 2023, "DATE_VAL_M": 9, "DATE_VAL_1": "September", "DATE_VAL_D": 23, "DAY_OF_WEE": 7, "DAY_OF_W_1": "Saturday", "MILT_TIME": 59, "CASE_NUM": 20230923005902, "CRSH_TYPE_": 1, "CRASH_TYPE": "Ran off road right", "CRSH_LEVL": 1, "PRIMARY_CA": 6, "PRIMARY__1": "Exceeded authorized speed limit", "SECONDARY_": "0", "SECONDARY1": " ", "LATITUDE": 35.249202, "LONGITUDE": -80.771211, "StreetID": null }, "geometry": { "type": "Point", "coordinates": [ -80.771207778445302, 35.249195111210099 ] } },
{ "type": "Feature", "properties": { "OBJECTID": 6533, "CRSH_ID": 1179011, "DATE_VAL_Y": 2022, "DATE_VAL_M": 10, "DATE_VAL_1": "October", "DATE_VAL_D": 25, "DAY_OF_WEE": 3, "DAY_OF_W_1": "Tuesday", "MILT_TIME": 1415, "CASE_NUM": 20221025141507, "CRSH_TYPE_": 23, "CRASH_TYPE": "Left turn, same roadway", "CRSH_LEVL": 1, "PRIMARY_CA": 19, "PRIMARY__1": "Failed to yield right of way", "SECONDARY_": "0", "SECONDARY1": " ", "LATITUDE": 35.055712, "LONGITUDE": -80.854722, "StreetID": null }, "geometry": { "type": "Point", "coordinates": [ -80.854718764163295, 35.055705154961899 ] } },
{ "type": "Feature", "properties": { "OBJECTID": 6534, "CRSH_ID": 1177571, "DATE_VAL_Y": 2022, "DATE_VAL_M": 10, "DATE_VAL_1": "October", "DATE_VAL_D": 9, "DAY_OF_WEE": 1, "DAY_OF_W_1": "Sunday", "MILT_TIME": 1901, "CASE_NUM": 20221009190101, "CRSH_TYPE_": 14, "CRASH_TYPE": "Pedestrian", "CRSH_LEVL": 1, "PRIMARY_CA": 19, "PRIMARY__1": "Failed to yield right of way", "SECONDARY_": "0", "SECONDARY1": " ", "LATITUDE": 35.232095, "LONGITUDE": -80.851019, "StreetID": null }, "geometry": { "type": "Point", "coordinates": [ -80.851015754868499, 35.2320881179634 ] } },
{ "type": "Feature", "properties": { "OBJECTID": 6535, "CRSH_ID": 1133284, "DATE_VAL_Y": 2022, "DATE_VAL_M": 2, "DATE_VAL_1": "February", "DATE_VAL_D": 10, "DAY_OF_WEE": 5, "DAY_OF_W_1": "Thursday", "MILT_TIME": 2107, "CASE_NUM": 20220210210700, "CRSH_TYPE_": 14, "CRASH_TYPE": "Pedestrian", "CRSH_LEVL": 1, "PRIMARY_CA": 8, "PRIMARY__1": "Failure to reduce speed", "SECONDARY_": "0", "SECONDARY1": " ", "LATITUDE": 35.311602, "LONGITUDE": -80.837033, "StreetID": null }, "geometry": { "type": "Point", "coordinates": [ -80.837029756069597, 35.311595100353301 ] } },
{ "type": "Feature", "properties": { "OBJECTID": 6536, "CRSH_ID": 1206027, "DATE_VAL_Y": 2023, "DATE_VAL_M": 3, "DATE_VAL_1": "March", "DATE_VAL_D": 25, "DAY_OF_WEE": 7, "DAY_OF_W_1": "Saturday", "MILT_TIME": 1713, "CASE_NUM": 20230325171301, "CRSH_TYPE_": 21, "CRASH_TYPE": "Rear end, slow or stop", "CRSH_LEVL": 2, "PRIMARY_CA": 8, "PRIMARY__1": "Failure to reduce speed", "SECONDARY_": "0", "SECONDARY1": " ", "LATITUDE": 35.16316, "LONGITUDE": -80.88695, "StreetID": null }, "geometry": { "type": "Point", "coordinates": [ -80.886946748368203, 35.163153133860398 ] } },
{ "type": "Feature", "properties": { "OBJECTID": 6537, "CRSH_ID": 1245902, "DATE_VAL_Y": 2024, "DATE_VAL_M": 2, "DATE_VAL_1": "February", "DATE_VAL_D": 16, "DAY_OF_WEE": 6, "DAY_OF_W_1": "Friday", "MILT_TIME": 4, "CASE_NUM": 20240216000401, "CRSH_TYPE_": 14, "CRASH_TYPE": "Pedestrian", "CRSH_LEVL": 2, "PRIMARY_CA": 0, "PRIMARY__1": "No contributing circumstance indicated", "SECONDARY_": "0", "SECONDARY1": " ", "LATITUDE": 35.25962, "LONGITUDE": -80.777341, "StreetID": null }, "geometry": { "type": "Point", "coordinates": [ -80.777337775864396, 35.259613107697 ] } },
{ "type": "Feature", "properties": { "OBJECTID": 6538, "CRSH_ID": 1130626, "DATE_VAL_Y": 2022, "DATE_VAL_M": 1, "DATE_VAL_1": "January", "DATE_VAL_D": 9, "DAY_OF_WEE": 1, "DAY_OF_W_1": "Sunday", "MILT_TIME": 220, "CASE_NUM": 20220109022101, "CRSH_TYPE_": 30, "CRASH_TYPE": "Angle", "CRSH_LEVL": 2, "PRIMARY_CA": 30, "PRIMARY__1": "Alcohol use", "SECONDARY_": "0", "SECONDARY1": " ", "LATITUDE": 35.333044, "LONGITUDE": -80.789523, "StreetID": null }, "geometry": { "type": "Point", "coordinates": [ -80.7895197681068, 35.333037092748398 ] } },
{ "type": "Feature", "properties": { "OBJECTID": 6539, "CRSH_ID": 1273747, "DATE_VAL_Y": 2024, "DATE_VAL_M": 10, "DATE_VAL_1": "October", "DATE_VAL_D": 9, "DAY_OF_WEE": 4, "DAY_OF_W_1": "Wednesday", "MILT_TIME": 1501, "CASE_NUM": 20241009150302, "CRSH_TYPE_": 14, "CRASH_TYPE": "Pedestrian", "CRSH_LEVL": 2, "PRIMARY_CA": 20, "PRIMARY__1": "Inattention", "SECONDARY_": "0", "SECONDARY1": " ", "LATITUDE": 35.292039, "LONGITUDE": -80.737734, "StreetID": null }, "geometry": { "type": "Point", "coordinates": [ -80.737730784662901, 35.292032100400903 ] } },
{ "type": "Feature", "properties": { "OBJECTID": 6540, "CRSH_ID": 1125649, "DATE_VAL_Y": 2021, "DATE_VAL_M": 11, "DATE_VAL_1": "November", "DATE_VAL_D": 15, "DAY_OF_WEE": 2, "DAY_OF_W_1": "Monday", "MILT_TIME": 912, "CASE_NUM": 20211115091200, "CRSH_TYPE_": 14, "CRASH_TYPE": "Pedestrian", "CRSH_LEVL": 2, "PRIMARY_CA": 20, "PRIMARY__1": "Inattention", "SECONDARY_": "0", "SECONDARY1": " ", "LATITUDE": 35.232067, "LONGITUDE": -80.850978, "StreetID": null }, "geometry": { "type": "Point", "coordinates": [ -80.850974754308794, 35.2320601165071 ] } },
{ "type": "Feature", "properties": { "OBJECTID": 6541, "CRSH_ID": 1076343, "DATE_VAL_Y": 2021, "DATE_VAL_M": 1, "DATE_VAL_1": "January", "DATE_VAL_D": 28, "DAY_OF_WEE": 5, "DAY_OF_W_1": "Thursday", "MILT_TIME": 2214, "CASE_NUM": 20210128221402, "CRSH_TYPE_": 3, "CRASH_TYPE": "Ran off road straight ahead", "CRSH_LEVL": 1, "PRIMARY_CA": 32, "PRIMARY__1": "Other*", "SECONDARY_": "0", "SECONDARY1": " ", "LATITUDE": 35.137705, "LONGITUDE": -80.907185, "StreetID": null }, "geometry": { "type": "Point", "coordinates": [ -80.9071817444392, 35.1376981398165 ] } },
{ "type": "Feature", "properties": { "OBJECTID": 6542, "CRSH_ID": 1052546, "DATE_VAL_Y": 2020, "DATE_VAL_M": 8, "DATE_VAL_1": "August", "DATE_VAL_D": 2, "DAY_OF_WEE": 1, "DAY_OF_W_1": "Sunday", "MILT_TIME": 438, "CASE_NUM": 20200802043800, "CRSH_TYPE_": 14, "CRASH_TYPE": "Pedestrian", "CRSH_LEVL": 1, "PRIMARY_CA": 0, "PRIMARY__1": " ", "SECONDARY_": "0", "SECONDARY1": " ", "LATITUDE": 35.29069, "LONGITUDE": -80.757018, "StreetID": null }, "geometry": { "type": "Point", "coordinates": [ -80.757014780370099, 35.290683100990798 ] } },
{ "type": "Feature", "properties": { "OBJECTID": 6543, "CRSH_ID": 1201179, "DATE_VAL_Y": 2023, "DATE_VAL_M": 2, "DATE_VAL_1": "February", "DATE_VAL_D": 8, "DAY_OF_WEE": 4, "DAY_OF_W_1": "Wednesday", "MILT_TIME": 2113, "CASE_NUM": 20230208211302, "CRSH_TYPE_": 29, "CRASH_TYPE": "Sideswipe, opposite direction", "CRSH_LEVL": 1, "PRIMARY_CA": 6, "PRIMARY__1": "Exceeded authorized speed limit", "SECONDARY_": "0", "SECONDARY1": " ", "LATITUDE": 35.22853, "LONGITUDE": -80.63564, "StreetID": null }, "geometry": { "type": "Point", "coordinates": [ -80.635636820044894, 35.228523110649803 ] } },
{ "type": "Feature", "properties": { "OBJECTID": 6544, "CRSH_ID": 1199815, "DATE_VAL_Y": 2023, "DATE_VAL_M": 1, "DATE_VAL_1": "January", "DATE_VAL_D": 29, "DAY_OF_WEE": 1, "DAY_OF_W_1": "Sunday", "MILT_TIME": 2038, "CASE_NUM": 20230129203800, "CRSH_TYPE_": 1, "CRASH_TYPE": "Ran off road right", "CRSH_LEVL": 2, "PRIMARY_CA": 33, "PRIMARY__1": "Unable to determine", "SECONDARY_": "0", "SECONDARY1": " ", "LATITUDE": 35.326833, "LONGITUDE": -80.700873, "StreetID": null }, "geometry": { "type": "Point", "coordinates": [ -80.700869794882294, 35.326826091848297 ] } },
{ "type": "Feature", "properties": { "OBJECTID": 6545, "CRSH_ID": 1252097, "DATE_VAL_Y": 2024, "DATE_VAL_M": 4, "DATE_VAL_1": "April", "DATE_VAL_D": 10, "DAY_OF_WEE": 4, "DAY_OF_W_1": "Wednesday", "MILT_TIME": 656, "CASE_NUM": 20240410065601, "CRSH_TYPE_": 24, "CRASH_TYPE": "Left turn, different roadways", "CRSH_LEVL": 2, "PRIMARY_CA": 20, "PRIMARY__1": "Inattention", "SECONDARY_": "0", "SECONDARY1": " ", "LATITUDE": 35.224981, "LONGITUDE": -80.904428, "StreetID": null }, "geometry": { "type": "Point", "coordinates": [ -80.904424739010693, 35.224974120550897 ] } },
{ "type": "Feature", "properties": { "OBJECTID": 6546, "CRSH_ID": 1171037, "DATE_VAL_Y": 2022, "DATE_VAL_M": 8, "DATE_VAL_1": "August", "DATE_VAL_D": 26, "DAY_OF_WEE": 6, "DAY_OF_W_1": "Friday", "MILT_TIME": 1715, "CASE_NUM": 20220826171505, "CRSH_TYPE_": 24, "CRASH_TYPE": "Left turn, different roadways", "CRSH_LEVL": 2, "PRIMARY_CA": 19, "PRIMARY__1": "Failed to yield right of way", "SECONDARY_": "0", "SECONDARY1": " ", "LATITUDE": 35.187233, "LONGITUDE": -80.735765, "StreetID": null }, "geometry": { "type": "Point", "coordinates": [ -80.735761791832601, 35.187226122134398 ] } },
{ "type": "Feature", "properties": { "OBJECTID": 6547, "CRSH_ID": 1169740, "DATE_VAL_Y": 2022, "DATE_VAL_M": 8, "DATE_VAL_1": "August", "DATE_VAL_D": 15, "DAY_OF_WEE": 2, "DAY_OF_W_1": "Monday", "MILT_TIME": 2203, "CASE_NUM": 20220815220302, "CRSH_TYPE_": 14, "CRASH_TYPE": "Pedestrian", "CRSH_LEVL": 2, "PRIMARY_CA": 0, "PRIMARY__1": "No contributing circumstance indicated", "SECONDARY_": "0", "SECONDARY1": " ", "LATITUDE": 35.29374, "LONGITUDE": -80.794335, "StreetID": null }, "geometry": { "type": "Point", "coordinates": [ -80.794331768750197, 35.293733101878303 ] } },
{ "type": "Feature", "properties": { "OBJECTID": 6548, "CRSH_ID": 1239493, "DATE_VAL_Y": 2023, "DATE_VAL_M": 12, "DATE_VAL_1": "December", "DATE_VAL_D": 20, "DAY_OF_WEE": 4, "DAY_OF_W_1": "Wednesday", "MILT_TIME": 1520, "CASE_NUM": 20231220152700, "CRSH_TYPE_": 14, "CRASH_TYPE": "Pedestrian", "CRSH_LEVL": 1, "PRIMARY_CA": 6, "PRIMARY__1": "Exceeded authorized speed limit", "SECONDARY_": "0", "SECONDARY1": " ", "LATITUDE": 35.21258, "LONGITUDE": -80.68595, "StreetID": null }, "geometry": { "type": "Point", "coordinates": [ -80.685946806991396, 35.2125731159651 ] } },
{ "type": "Feature", "properties": { "OBJECTID": 6549, "CRSH_ID": 1119193, "DATE_VAL_Y": 2021, "DATE_VAL_M": 9, "DATE_VAL_1": "September", "DATE_VAL_D": 15, "DAY_OF_WEE": 4, "DAY_OF_W_1": "Wednesday", "MILT_TIME": 2258, "CASE_NUM": 20210915225801, "CRSH_TYPE_": 24, "CRASH_TYPE": "Left turn, different roadways", "CRSH_LEVL": 1, "PRIMARY_CA": 34, "PRIMARY__1": "Unknown", "SECONDARY_": "0", "SECONDARY1": " ", "LATITUDE": 35.272251, "LONGITUDE": -80.898466, "StreetID": null }, "geometry": { "type": "Point", "coordinates": [ -80.898462740456495, 35.272244110237402 ] } },
{ "type": "Feature", "properties": { "OBJECTID": 6550, "CRSH_ID": 1224814, "DATE_VAL_Y": 2023, "DATE_VAL_M": 8, "DATE_VAL_1": "August", "DATE_VAL_D": 27, "DAY_OF_WEE": 1, "DAY_OF_W_1": "Sunday", "MILT_TIME": 1754, "CASE_NUM": 20230828175400, "CRSH_TYPE_": 24, "CRASH_TYPE": "Left turn, different roadways", "CRSH_LEVL": 1, "PRIMARY_CA": 6, "PRIMARY__1": "Exceeded authorized speed limit", "SECONDARY_": "0", "SECONDARY1": " ", "LATITUDE": 35.335965, "LONGITUDE": -80.712468, "StreetID": null }, "geometry": { "type": "Point", "coordinates": [ -80.712464789974703, 35.335958088810898 ] } },
{ "type": "Feature", "properties": { "OBJECTID": 6551, "CRSH_ID": 1081704, "DATE_VAL_Y": 2020, "DATE_VAL_M": 12, "DATE_VAL_1": "December", "DATE_VAL_D": 3, "DAY_OF_WEE": 5, "DAY_OF_W_1": "Thursday", "MILT_TIME": 2007, "CASE_NUM": 20201203200700, "CRSH_TYPE_": 1, "CRASH_TYPE": "Ran off road right", "CRSH_LEVL": 1, "PRIMARY_CA": 6, "PRIMARY__1": "Exceeded authorized speed limit", "SECONDARY_": "0", "SECONDARY1": " ", "LATITUDE": 35.232855, "LONGITUDE": -80.731263, "StreetID": null }, "geometry": { "type": "Point", "coordinates": [ -80.7312597919788, 35.232848111157203 ] } },
{ "type": "Feature", "properties": { "OBJECTID": 6552, "CRSH_ID": 1068488, "DATE_VAL_Y": 2021, "DATE_VAL_M": 1, "DATE_VAL_1": "January", "DATE_VAL_D": 4, "DAY_OF_WEE": 2, "DAY_OF_W_1": "Monday", "MILT_TIME": 1551, "CASE_NUM": 20210104155100, "CRSH_TYPE_": 28, "CRASH_TYPE": "Sideswipe, same direction", "CRSH_LEVL": 2, "PRIMARY_CA": 0, "PRIMARY__1": "No contributing circumstance indicated", "SECONDARY_": "0", "SECONDARY1": " ", "LATITUDE": 35.30897, "LONGITUDE": -80.71872, "StreetID": null }, "geometry": { "type": "Point", "coordinates": [ -80.718716790302196, 35.308963096039903 ] } },
{ "type": "Feature", "properties": { "OBJECTID": 6553, "CRSH_ID": 1011112, "DATE_VAL_Y": 2020, "DATE_VAL_M": 3, "DATE_VAL_1": "March", "DATE_VAL_D": 27, "DAY_OF_WEE": 6, "DAY_OF_W_1": "Friday", "MILT_TIME": 2255, "CASE_NUM": 20200327225701, "CRSH_TYPE_": 20, "CRASH_TYPE": "Parked motor vehicle", "CRSH_LEVL": 2, "PRIMARY_CA": 20, "PRIMARY__1": "Inattention", "SECONDARY_": "0", "SECONDARY1": " ", "LATITUDE": 35.091147, "LONGITUDE": -80.775685, "StreetID": null }, "geometry": { "type": "Point", "coordinates": [ -80.775681785362494, 35.091140143544401 ] } },
{ "type": "Feature", "properties": { "OBJECTID": 6554, "CRSH_ID": 1079817, "DATE_VAL_Y": 2020, "DATE_VAL_M": 11, "DATE_VAL_1": "November", "DATE_VAL_D": 28, "DAY_OF_WEE": 7, "DAY_OF_W_1": "Saturday", "MILT_TIME": 128, "CASE_NUM": 20201128012800, "CRSH_TYPE_": 1, "CRASH_TYPE": "Ran off road right", "CRSH_LEVL": 1, "PRIMARY_CA": 6, "PRIMARY__1": "Exceeded authorized speed limit", "SECONDARY_": "0", "SECONDARY1": " ", "LATITUDE": 35.283349, "LONGITUDE": -80.745796, "StreetID": null }, "geometry": { "type": "Point", "coordinates": [ -80.745792785131499, 35.283342102388701 ] } },
{ "type": "Feature", "properties": { "OBJECTID": 6555, "CRSH_ID": 1210890, "DATE_VAL_Y": 2023, "DATE_VAL_M": 5, "DATE_VAL_1": "May", "DATE_VAL_D": 6, "DAY_OF_WEE": 7, "DAY_OF_W_1": "Saturday", "MILT_TIME": 1825, "CASE_NUM": 20230506182503, "CRSH_TYPE_": 14, "CRASH_TYPE": "Pedestrian", "CRSH_LEVL": 1, "PRIMARY_CA": 0, "PRIMARY__1": "No contributing circumstance indicated", "SECONDARY_": "0", "SECONDARY1": " ", "LATITUDE": 35.22716, "LONGITUDE": -80.848976, "StreetID": null }, "geometry": { "type": "Point", "coordinates": [ -80.8489727568154, 35.227153117980798 ] } },
{ "type": "Feature", "properties": { "OBJECTID": 6556, "CRSH_ID": 1174429, "DATE_VAL_Y": 2022, "DATE_VAL_M": 9, "DATE_VAL_1": "September", "DATE_VAL_D": 20, "DAY_OF_WEE": 3, "DAY_OF_W_1": "Tuesday", "MILT_TIME": 625, "CASE_NUM": 20220920062702, "CRSH_TYPE_": 21, "CRASH_TYPE": "Rear end, slow or stop", "CRSH_LEVL": 2, "PRIMARY_CA": 8, "PRIMARY__1": "Failure to reduce speed", "SECONDARY_": "0", "SECONDARY1": " ", "LATITUDE": 35.142633, "LONGITUDE": -80.894506, "StreetID": null }, "geometry": { "type": "Point", "coordinates": [ -80.894502748471197, 35.142626137871098 ] } },
{ "type": "Feature", "properties": { "OBJECTID": 6557, "CRSH_ID": 1193649, "DATE_VAL_Y": 2022, "DATE_VAL_M": 12, "DATE_VAL_1": "December", "DATE_VAL_D": 8, "DAY_OF_WEE": 5, "DAY_OF_W_1": "Thursday", "MILT_TIME": 520, "CASE_NUM": 20221208052001, "CRSH_TYPE_": 23, "CRASH_TYPE": "Left turn, same roadway", "CRSH_LEVL": 1, "PRIMARY_CA": 4, "PRIMARY__1": "Disregarded traffic signals", "SECONDARY_": "0", "SECONDARY1": " ", "LATITUDE": 35.094522, "LONGITUDE": -81.005109, "StreetID": null }, "geometry": { "type": "Point", "coordinates": [ -81.005105716820097, 35.094515152817003 ] } },
{ "type": "Feature", "properties": { "OBJECTID": 6558, "CRSH_ID": 1117458, "DATE_VAL_Y": 2021, "DATE_VAL_M": 8, "DATE_VAL_1": "August", "DATE_VAL_D": 28, "DAY_OF_WEE": 7, "DAY_OF_W_1": "Saturday", "MILT_TIME": 215, "CASE_NUM": 20210828021500, "CRSH_TYPE_": 21, "CRASH_TYPE": "Rear end, slow or stop", "CRSH_LEVL": 1, "PRIMARY_CA": 26, "PRIMARY__1": "Operated vehicle in erratic, reckless, careless, negligent or aggressive manner", "SECONDARY_": "0", "SECONDARY1": " ", "LATITUDE": 35.12467, "LONGITUDE": -80.917892, "StreetID": null }, "geometry": { "type": "Point", "coordinates": [ -80.9178887417808, 35.124663141966501 ] } },
{ "type": "Feature", "properties": { "OBJECTID": 6559, "CRSH_ID": 1276275, "DATE_VAL_Y": 2024, "DATE_VAL_M": 10, "DATE_VAL_1": "October", "DATE_VAL_D": 29, "DAY_OF_WEE": 3, "DAY_OF_W_1": "Tuesday", "MILT_TIME": 1454, "CASE_NUM": 20241029145400, "CRSH_TYPE_": 26, "CRASH_TYPE": "Right turn, different roadways", "CRSH_LEVL": 2, "PRIMARY_CA": 1, "PRIMARY__1": "Disregarded yield sign", "SECONDARY_": "0", "SECONDARY1": " ", "LATITUDE": 35.381051, "LONGITUDE": -80.745064, "StreetID": null }, "geometry": { "type": "Point", "coordinates": [ -80.745060778405005, 35.381044080415201 ] } },
{ "type": "Feature", "properties": { "OBJECTID": 6560, "CRSH_ID": 1135530, "DATE_VAL_Y": 2022, "DATE_VAL_M": 3, "DATE_VAL_1": "March", "DATE_VAL_D": 6, "DAY_OF_WEE": 1, "DAY_OF_W_1": "Sunday", "MILT_TIME": 1924, "CASE_NUM": 20220306192403, "CRSH_TYPE_": 27, "CRASH_TYPE": "Head on", "CRSH_LEVL": 2, "PRIMARY_CA": 5, "PRIMARY__1": "Disregarded road markings", "SECONDARY_": "0", "SECONDARY1": " ", "LATITUDE": 35.15304, "LONGITUDE": -80.87988, "StreetID": null }, "geometry": { "type": "Point", "coordinates": [ -80.879876752353596, 35.153033135644399 ] } },
{ "type": "Feature", "properties": { "OBJECTID": 6561, "CRSH_ID": 1141635, "DATE_VAL_Y": 2022, "DATE_VAL_M": 5, "DATE_VAL_1": "May", "DATE_VAL_D": 11, "DAY_OF_WEE": 4, "DAY_OF_W_1": "Wednesday", "MILT_TIME": 630, "CASE_NUM": 20220511063101, "CRSH_TYPE_": 29, "CRASH_TYPE": "Sideswipe, opposite direction", "CRSH_LEVL": 2, "PRIMARY_CA": 20, "PRIMARY__1": "Inattention", "SECONDARY_": "0", "SECONDARY1": " ", "LATITUDE": 35.11759, "LONGITUDE": -80.87594, "StreetID": null }, "geometry": { "type": "Point", "coordinates": [ -80.875936754935097, 35.117583141218503 ] } },
{ "type": "Feature", "properties": { "OBJECTID": 6562, "CRSH_ID": 994060, "DATE_VAL_Y": 2020, "DATE_VAL_M": 1, "DATE_VAL_1": "January", "DATE_VAL_D": 1, "DAY_OF_WEE": 4, "DAY_OF_W_1": "Wednesday", "MILT_TIME": 351, "CASE_NUM": 20200101035101, "CRSH_TYPE_": 27, "CRASH_TYPE": "Head on", "CRSH_LEVL": 2, "PRIMARY_CA": 2, "PRIMARY__1": "Disregarded stop sign", "SECONDARY_": "0", "SECONDARY1": " ", "LATITUDE": 35.339292, "LONGITUDE": -80.877355, "StreetID": null }, "geometry": { "type": "Point", "coordinates": [ -80.877351740555, 35.3392850943913 ] } },
{ "type": "Feature", "properties": { "OBJECTID": 6563, "CRSH_ID": 1024683, "DATE_VAL_Y": 2020, "DATE_VAL_M": 6, "DATE_VAL_1": "June", "DATE_VAL_D": 1, "DAY_OF_WEE": 2, "DAY_OF_W_1": "Monday", "MILT_TIME": 2047, "CASE_NUM": 20200601204704, "CRSH_TYPE_": 13, "CRASH_TYPE": "Other non-collision*", "CRSH_LEVL": 2, "PRIMARY_CA": 26, "PRIMARY__1": "Operated vehicle in erratic, reckless, careless, negligent or aggressive manner", "SECONDARY_": "0", "SECONDARY1": " ", "LATITUDE": 35.21562, "LONGITUDE": -80.841919, "StreetID": null }, "geometry": { "type": "Point", "coordinates": [ -80.841915759816899, 35.215613119695597 ] } },
{ "type": "Feature", "properties": { "OBJECTID": 6564, "CRSH_ID": 1016159, "DATE_VAL_Y": 2020, "DATE_VAL_M": 2, "DATE_VAL_1": "February", "DATE_VAL_D": 17, "DAY_OF_WEE": 2, "DAY_OF_W_1": "Monday", "MILT_TIME": 2300, "CASE_NUM": 20200217230101, "CRSH_TYPE_": 15, "CRASH_TYPE": "Pedalcyclist", "CRSH_LEVL": 1, "PRIMARY_CA": 0, "PRIMARY__1": " ", "SECONDARY_": "0", "SECONDARY1": " ", "LATITUDE": 35.225554, "LONGITUDE": -80.682622, "StreetID": null }, "geometry": { "type": "Point", "coordinates": [ -80.682618805922999, 35.225547112740102 ] } },
{ "type": "Feature", "properties": { "OBJECTID": 6565, "CRSH_ID": 1133590, "DATE_VAL_Y": 2022, "DATE_VAL_M": 2, "DATE_VAL_1": "February", "DATE_VAL_D": 14, "DAY_OF_WEE": 2, "DAY_OF_W_1": "Monday", "MILT_TIME": 654, "CASE_NUM": 20220214065401, "CRSH_TYPE_": 14, "CRASH_TYPE": "Pedestrian", "CRSH_LEVL": 1, "PRIMARY_CA": 0, "PRIMARY__1": "No contributing circumstance indicated", "SECONDARY_": "0", "SECONDARY1": " ", "LATITUDE": 35.337265, "LONGITUDE": -80.758023, "StreetID": null }, "geometry": { "type": "Point", "coordinates": [ -80.758019777200602, 35.337258091122997 ] } },
{ "type": "Feature", "properties": { "OBJECTID": 6566, "CRSH_ID": 1135135, "DATE_VAL_Y": 2022, "DATE_VAL_M": 3, "DATE_VAL_1": "March", "DATE_VAL_D": 2, "DAY_OF_WEE": 4, "DAY_OF_W_1": "Wednesday", "MILT_TIME": 1949, "CASE_NUM": 20220302194900, "CRSH_TYPE_": 2, "CRASH_TYPE": "Ran off road left", "CRSH_LEVL": 1, "PRIMARY_CA": 6, "PRIMARY__1": "Exceeded authorized speed limit", "SECONDARY_": "0", "SECONDARY1": " ", "LATITUDE": 35.197896, "LONGITUDE": -80.82869, "StreetID": null }, "geometry": { "type": "Point", "coordinates": [ -80.828686764026401, 35.197889123429199 ] } },
{ "type": "Feature", "properties": { "OBJECTID": 6567, "CRSH_ID": 1140438, "DATE_VAL_Y": 2022, "DATE_VAL_M": 5, "DATE_VAL_1": "May", "DATE_VAL_D": 2, "DAY_OF_WEE": 2, "DAY_OF_W_1": "Monday", "MILT_TIME": 1353, "CASE_NUM": 20220502135301, "CRSH_TYPE_": 14, "CRASH_TYPE": "Pedestrian", "CRSH_LEVL": 2, "PRIMARY_CA": 0, "PRIMARY__1": "No contributing circumstance indicated", "SECONDARY_": "0", "SECONDARY1": " ", "LATITUDE": 35.341594, "LONGITUDE": -80.767711, "StreetID": null }, "geometry": { "type": "Point", "coordinates": [ -80.767707774009395, 35.341587091106 ] } },
{ "type": "Feature", "properties": { "OBJECTID": 6568, "CRSH_ID": 1283096, "DATE_VAL_Y": 2024, "DATE_VAL_M": 12, "DATE_VAL_1": "December", "DATE_VAL_D": 20, "DAY_OF_WEE": 6, "DAY_OF_W_1": "Friday", "MILT_TIME": 2205, "CASE_NUM": 20241220220501, "CRSH_TYPE_": 30, "CRASH_TYPE": "Angle", "CRSH_LEVL": 2, "PRIMARY_CA": 20, "PRIMARY__1": "Inattention", "SECONDARY_": "0", "SECONDARY1": " ", "LATITUDE": 35.297813, "LONGITUDE": -80.681408, "StreetID": null }, "geometry": { "type": "Point", "coordinates": [ -80.681404801467906, 35.297806095937702 ] } },
{ "type": "Feature", "properties": { "OBJECTID": 6569, "CRSH_ID": 1214506, "DATE_VAL_Y": 2023, "DATE_VAL_M": 6, "DATE_VAL_1": "June", "DATE_VAL_D": 5, "DAY_OF_WEE": 2, "DAY_OF_W_1": "Monday", "MILT_TIME": 100, "CASE_NUM": 20230605010200, "CRSH_TYPE_": 21, "CRASH_TYPE": "Rear end, slow or stop", "CRSH_LEVL": 2, "PRIMARY_CA": 30, "PRIMARY__1": "Alcohol use", "SECONDARY_": "0", "SECONDARY1": " ", "LATITUDE": 35.266152, "LONGITUDE": -80.731618, "StreetID": null }, "geometry": { "type": "Point", "coordinates": [ -80.731614788464, 35.266145104692498 ] } },
{ "type": "Feature", "properties": { "OBJECTID": 6570, "CRSH_ID": 1224843, "DATE_VAL_Y": 2023, "DATE_VAL_M": 8, "DATE_VAL_1": "August", "DATE_VAL_D": 29, "DAY_OF_WEE": 3, "DAY_OF_W_1": "Tuesday", "MILT_TIME": 453, "CASE_NUM": 20230829045300, "CRSH_TYPE_": 14, "CRASH_TYPE": "Pedestrian", "CRSH_LEVL": 2, "PRIMARY_CA": 33, "PRIMARY__1": "Unable to determine", "SECONDARY_": "0", "SECONDARY1": "None (no unusual conditions)", "LATITUDE": 35.13892, "LONGITUDE": -80.89343, "StreetID": null }, "geometry": { "type": "Point", "coordinates": [ -80.893426747588904, 35.1389131376176 ] } },
{ "type": "Feature", "properties": { "OBJECTID": 6571, "CRSH_ID": 1282350, "DATE_VAL_Y": 2024, "DATE_VAL_M": 12, "DATE_VAL_1": "December", "DATE_VAL_D": 15, "DAY_OF_WEE": 1, "DAY_OF_W_1": "Sunday", "MILT_TIME": 726, "CASE_NUM": 20241213072600, "CRSH_TYPE_": 14, "CRASH_TYPE": "Pedestrian", "CRSH_LEVL": 1, "PRIMARY_CA": 0, "PRIMARY__1": "No contributing circumstance indicated", "SECONDARY_": "0", "SECONDARY1": "None (no unusual conditions)", "LATITUDE": 35.297478, "LONGITUDE": -80.957448, "StreetID": null }, "geometry": { "type": "Point", "coordinates": [ -80.957444719878595, 35.297471106396799 ] } },
{ "type": "Feature", "properties": { "OBJECTID": 6572, "CRSH_ID": 1137290, "DATE_VAL_Y": 2022, "DATE_VAL_M": 3, "DATE_VAL_1": "March", "DATE_VAL_D": 26, "DAY_OF_WEE": 7, "DAY_OF_W_1": "Saturday", "MILT_TIME": 121, "CASE_NUM": 20220326012104, "CRSH_TYPE_": 2, "CRASH_TYPE": "Ran off road left", "CRSH_LEVL": 2, "PRIMARY_CA": 11, "PRIMARY__1": "Crossed centerline/going wrong way", "SECONDARY_": "0", "SECONDARY1": " ", "LATITUDE": 35.042114, "LONGITUDE": -80.863045, "StreetID": null }, "geometry": { "type": "Point", "coordinates": [ -80.863041760947993, 35.0421071582007 ] } },
{ "type": "Feature", "properties": { "OBJECTID": 6573, "CRSH_ID": 1216001, "DATE_VAL_Y": 2023, "DATE_VAL_M": 6, "DATE_VAL_1": "June", "DATE_VAL_D": 17, "DAY_OF_WEE": 7, "DAY_OF_W_1": "Saturday", "MILT_TIME": 143, "CASE_NUM": 20230617014301, "CRSH_TYPE_": 2, "CRASH_TYPE": "Ran off road left", "CRSH_LEVL": 2, "PRIMARY_CA": 26, "PRIMARY__1": "Operated vehicle in erratic, reckless, careless, negligent or aggressive manner", "SECONDARY_": "0", "SECONDARY1": " ", "LATITUDE": 35.165357, "LONGITUDE": -80.877659, "StreetID": null }, "geometry": { "type": "Point", "coordinates": [ -80.877655751891993, 35.1653501328299 ] } },
{ "type": "Feature", "properties": { "OBJECTID": 6574, "CRSH_ID": 1230568, "DATE_VAL_Y": 2023, "DATE_VAL_M": 10, "DATE_VAL_1": "October", "DATE_VAL_D": 17, "DAY_OF_WEE": 3, "DAY_OF_W_1": "Tuesday", "MILT_TIME": 239, "CASE_NUM": 20231013023902, "CRSH_TYPE_": 27, "CRASH_TYPE": "Head on", "CRSH_LEVL": 2, "PRIMARY_CA": 5, "PRIMARY__1": "Disregarded road markings", "SECONDARY_": "0", "SECONDARY1": " ", "LATITUDE": 35.16505, "LONGITUDE": -80.911629, "StreetID": null }, "geometry": { "type": "Point", "coordinates": [ -80.911625741212305, 35.165043134174802 ] } },
{ "type": "Feature", "properties": { "OBJECTID": 6575, "CRSH_ID": 1248041, "DATE_VAL_Y": 2024, "DATE_VAL_M": 3, "DATE_VAL_1": "March", "DATE_VAL_D": 7, "DAY_OF_WEE": 5, "DAY_OF_W_1": "Thursday", "MILT_TIME": 21, "CASE_NUM": 20240307002103, "CRSH_TYPE_": 1, "CRASH_TYPE": "Ran off road right", "CRSH_LEVL": 2, "PRIMARY_CA": 26, "PRIMARY__1": "Operated vehicle in erratic, reckless, careless, negligent or aggressive manner", "SECONDARY_": "0", "SECONDARY1": " ", "LATITUDE": 35.208815, "LONGITUDE": -80.799508, "StreetID": null }, "geometry": { "type": "Point", "coordinates": [ -80.799504772128799, 35.208808119910799 ] } },
{ "type": "Feature", "properties": { "OBJECTID": 6576, "CRSH_ID": 1023018, "DATE_VAL_Y": 2020, "DATE_VAL_M": 4, "DATE_VAL_1": "April", "DATE_VAL_D": 17, "DAY_OF_WEE": 6, "DAY_OF_W_1": "Friday", "MILT_TIME": 2212, "CASE_NUM": 20200417221205, "CRSH_TYPE_": 1, "CRASH_TYPE": "Ran off road right", "CRSH_LEVL": 1, "PRIMARY_CA": 30, "PRIMARY__1": "Alcohol use", "SECONDARY_": "0", "SECONDARY1": " ", "LATITUDE": 35.236988, "LONGITUDE": -80.822819, "StreetID": null }, "geometry": { "type": "Point", "coordinates": [ -80.822815763021296, 35.236981116070403 ] } },
{ "type": "Feature", "properties": { "OBJECTID": 6577, "CRSH_ID": 1076117, "DATE_VAL_Y": 2020, "DATE_VAL_M": 12, "DATE_VAL_1": "December", "DATE_VAL_D": 15, "DAY_OF_WEE": 3, "DAY_OF_W_1": "Tuesday", "MILT_TIME": 27, "CASE_NUM": 20201215002703, "CRSH_TYPE_": 14, "CRASH_TYPE": "Pedestrian", "CRSH_LEVL": 1, "PRIMARY_CA": 0, "PRIMARY__1": "No contributing circumstance indicated", "SECONDARY_": "0", "SECONDARY1": " ", "LATITUDE": 35.276338, "LONGITUDE": -80.855322, "StreetID": null }, "geometry": { "type": "Point", "coordinates": [ -80.855318750557203, 35.276331107127298 ] } },
{ "type": "Feature", "properties": { "OBJECTID": 6578, "CRSH_ID": 1270553, "DATE_VAL_Y": 2024, "DATE_VAL_M": 9, "DATE_VAL_1": "September", "DATE_VAL_D": 7, "DAY_OF_WEE": 7, "DAY_OF_W_1": "Saturday", "MILT_TIME": 1147, "CASE_NUM": 20240907114701, "CRSH_TYPE_": 27, "CRASH_TYPE": "Head on", "CRSH_LEVL": 1, "PRIMARY_CA": 11, "PRIMARY__1": "Crossed centerline/going wrong way", "SECONDARY_": "0", "SECONDARY1": " ", "LATITUDE": 35.140715, "LONGITUDE": -80.814012, "StreetID": null }, "geometry": { "type": "Point", "coordinates": [ -80.814008772019093, 35.140708135118601 ] } },
{ "type": "Feature", "properties": { "OBJECTID": 6579, "CRSH_ID": 1134111, "DATE_VAL_Y": 2022, "DATE_VAL_M": 2, "DATE_VAL_1": "February", "DATE_VAL_D": 19, "DAY_OF_WEE": 7, "DAY_OF_W_1": "Saturday", "MILT_TIME": 219, "CASE_NUM": 20220219021200, "CRSH_TYPE_": 3, "CRASH_TYPE": "Ran off road straight ahead", "CRSH_LEVL": 1, "PRIMARY_CA": 6, "PRIMARY__1": "Exceeded authorized speed limit", "SECONDARY_": "0", "SECONDARY1": " ", "LATITUDE": 35.203688, "LONGITUDE": -80.748635, "StreetID": null }, "geometry": { "type": "Point", "coordinates": [ -80.748631788330997, 35.2036811189788 ] } },
{ "type": "Feature", "properties": { "OBJECTID": 6580, "CRSH_ID": 1199505, "DATE_VAL_Y": 2023, "DATE_VAL_M": 1, "DATE_VAL_1": "January", "DATE_VAL_D": 20, "DAY_OF_WEE": 6, "DAY_OF_W_1": "Friday", "MILT_TIME": 2036, "CASE_NUM": 20230120203602, "CRSH_TYPE_": 24, "CRASH_TYPE": "Left turn, different roadways", "CRSH_LEVL": 1, "PRIMARY_CA": 19, "PRIMARY__1": "Failed to yield right of way", "SECONDARY_": "0", "SECONDARY1": " ", "LATITUDE": 35.14415, "LONGITUDE": -80.83296, "StreetID": null }, "geometry": { "type": "Point", "coordinates": [ -80.832956766180402, 35.144143134893099 ] } },
{ "type": "Feature", "properties": { "OBJECTID": 6581, "CRSH_ID": 1238145, "DATE_VAL_Y": 2023, "DATE_VAL_M": 12, "DATE_VAL_1": "December", "DATE_VAL_D": 10, "DAY_OF_WEE": 1, "DAY_OF_W_1": "Sunday", "MILT_TIME": 2124, "CASE_NUM": 20231210212410, "CRSH_TYPE_": 6, "CRASH_TYPE": "Crossed centerline/median", "CRSH_LEVL": 1, "PRIMARY_CA": 7, "PRIMARY__1": "Exceeded safe speed for conditions", "SECONDARY_": "0", "SECONDARY1": " ", "LATITUDE": 35.16612, "LONGITUDE": -80.75501, "StreetID": null }, "geometry": { "type": "Point", "coordinates": [ -80.755006787490302, 35.166113127421397 ] } },
{ "type": "Feature", "properties": { "OBJECTID": 6582, "CRSH_ID": 1278971, "DATE_VAL_Y": 2024, "DATE_VAL_M": 11, "DATE_VAL_1": "November", "DATE_VAL_D": 12, "DAY_OF_WEE": 3, "DAY_OF_W_1": "Tuesday", "MILT_TIME": 1713, "CASE_NUM": 20241112171300, "CRSH_TYPE_": 15, "CRASH_TYPE": "Pedalcyclist", "CRSH_LEVL": 2, "PRIMARY_CA": 20, "PRIMARY__1": "Inattention", "SECONDARY_": "0", "SECONDARY1": " ", "LATITUDE": 35.10798, "LONGITUDE": -80.767939, "StreetID": null }, "geometry": { "type": "Point", "coordinates": [ -80.767935787063905, 35.107973139520702 ] } },
{ "type": "Feature", "properties": { "OBJECTID": 6583, "CRSH_ID": 1056120, "DATE_VAL_Y": 2020, "DATE_VAL_M": 10, "DATE_VAL_1": "October", "DATE_VAL_D": 13, "DAY_OF_WEE": 3, "DAY_OF_W_1": "Tuesday", "MILT_TIME": 2200, "CASE_NUM": 20201013220002, "CRSH_TYPE_": 24, "CRASH_TYPE": "Left turn, different roadways", "CRSH_LEVL": 2, "PRIMARY_CA": 19, "PRIMARY__1": "Failed to yield right of way", "SECONDARY_": "0", "SECONDARY1": " ", "LATITUDE": 35.290996, "LONGITUDE": -80.96929, "StreetID": null }, "geometry": { "type": "Point", "coordinates": [ -80.9692867160323, 35.2909891091807 ] } },
{ "type": "Feature", "properties": { "OBJECTID": 6584, "CRSH_ID": 1176328, "DATE_VAL_Y": 2022, "DATE_VAL_M": 10, "DATE_VAL_1": "October", "DATE_VAL_D": 4, "DAY_OF_WEE": 3, "DAY_OF_W_1": "Tuesday", "MILT_TIME": 2322, "CASE_NUM": 20221004232202, "CRSH_TYPE_": 14, "CRASH_TYPE": "Pedestrian", "CRSH_LEVL": 2, "PRIMARY_CA": 20, "PRIMARY__1": "Inattention", "SECONDARY_": "0", "SECONDARY1": " ", "LATITUDE": 35.240951, "LONGITUDE": -80.927739, "StreetID": null }, "geometry": { "type": "Point", "coordinates": [ -80.927735732456895, 35.240944117967899 ] } },
{ "type": "Feature", "properties": { "OBJECTID": 6585, "CRSH_ID": 1283598, "DATE_VAL_Y": 2024, "DATE_VAL_M": 12, "DATE_VAL_1": "December", "DATE_VAL_D": 19, "DAY_OF_WEE": 5, "DAY_OF_W_1": "Thursday", "MILT_TIME": 2017, "CASE_NUM": 20241219201703, "CRSH_TYPE_": 30, "CRASH_TYPE": "Angle", "CRSH_LEVL": 2, "PRIMARY_CA": 6, "PRIMARY__1": "Exceeded authorized speed limit", "SECONDARY_": "0", "SECONDARY1": " ", "LATITUDE": 35.147049, "LONGITUDE": -80.926192, "StreetID": null }, "geometry": { "type": "Point", "coordinates": [ -80.926188737453401, 35.147042138393203 ] } },
{ "type": "Feature", "properties": { "OBJECTID": 6586, "CRSH_ID": 1197765, "DATE_VAL_Y": 2022, "DATE_VAL_M": 11, "DATE_VAL_1": "November", "DATE_VAL_D": 27, "DAY_OF_WEE": 1, "DAY_OF_W_1": "Sunday", "MILT_TIME": 2235, "CASE_NUM": 20221127223502, "CRSH_TYPE_": 14, "CRASH_TYPE": "Pedestrian", "CRSH_LEVL": 1, "PRIMARY_CA": 35, "PRIMARY__1": "Driver distracted by electronic communication device (cell phone, texting, etc.", "SECONDARY_": "0", "SECONDARY1": " ", "LATITUDE": 35.251115, "LONGITUDE": -80.858606, "StreetID": null }, "geometry": { "type": "Point", "coordinates": [ -80.858602752198706, 35.251108113265701 ] } },
{ "type": "Feature", "properties": { "OBJECTID": 6587, "CRSH_ID": 1069174, "DATE_VAL_Y": 2020, "DATE_VAL_M": 5, "DATE_VAL_1": "May", "DATE_VAL_D": 7, "DAY_OF_WEE": 5, "DAY_OF_W_1": "Thursday", "MILT_TIME": 1808, "CASE_NUM": 20200507180801, "CRSH_TYPE_": 1, "CRASH_TYPE": "Ran off road right", "CRSH_LEVL": 2, "PRIMARY_CA": 26, "PRIMARY__1": "Operated vehicle in erratic, reckless, careless, negligent or aggressive manner", "SECONDARY_": "0", "SECONDARY1": " ", "LATITUDE": 35.339187, "LONGITUDE": -80.704777, "StreetID": null }, "geometry": { "type": "Point", "coordinates": [ -80.704773793674093, 35.339180089259202 ] } },
{ "type": "Feature", "properties": { "OBJECTID": 6588, "CRSH_ID": 1164429, "DATE_VAL_Y": 2022, "DATE_VAL_M": 6, "DATE_VAL_1": "June", "DATE_VAL_D": 23, "DAY_OF_WEE": 5, "DAY_OF_W_1": "Thursday", "MILT_TIME": 1724, "CASE_NUM": 20220623172400, "CRSH_TYPE_": 21, "CRASH_TYPE": "Rear end, slow or stop", "CRSH_LEVL": 1, "PRIMARY_CA": 8, "PRIMARY__1": "Failure to reduce speed", "SECONDARY_": "0", "SECONDARY1": " ", "LATITUDE": 35.031511, "LONGITUDE": -80.85081, "StreetID": null }, "geometry": { "type": "Point", "coordinates": [ -80.850806767240798, 35.031504159511996 ] } },
{ "type": "Feature", "properties": { "OBJECTID": 6589, "CRSH_ID": 1214206, "DATE_VAL_Y": 2023, "DATE_VAL_M": 5, "DATE_VAL_1": "May", "DATE_VAL_D": 29, "DAY_OF_WEE": 2, "DAY_OF_W_1": "Monday", "MILT_TIME": 2133, "CASE_NUM": 20230529213300, "CRSH_TYPE_": 27, "CRASH_TYPE": "Head on", "CRSH_LEVL": 1, "PRIMARY_CA": 11, "PRIMARY__1": "Crossed centerline/going wrong way", "SECONDARY_": "0", "SECONDARY1": " ", "LATITUDE": 35.30535, "LONGITUDE": -80.86583, "StreetID": null }, "geometry": { "type": "Point", "coordinates": [ -80.865826747739405, 35.3053431017618 ] } },
{ "type": "Feature", "properties": { "OBJECTID": 6590, "CRSH_ID": 1234045, "DATE_VAL_Y": 2023, "DATE_VAL_M": 11, "DATE_VAL_1": "November", "DATE_VAL_D": 8, "DAY_OF_WEE": 4, "DAY_OF_W_1": "Wednesday", "MILT_TIME": 2113, "CASE_NUM": 20231108211300, "CRSH_TYPE_": 27, "CRASH_TYPE": "Head on", "CRSH_LEVL": 1, "PRIMARY_CA": 7, "PRIMARY__1": "Exceeded safe speed for conditions", "SECONDARY_": "0", "SECONDARY1": " ", "LATITUDE": 35.279446, "LONGITUDE": -80.793494, "StreetID": null }, "geometry": { "type": "Point", "coordinates": [ -80.793490770076502, 35.279439103803199 ] } },
{ "type": "Feature", "properties": { "OBJECTID": 6591, "CRSH_ID": 1118881, "DATE_VAL_Y": 2021, "DATE_VAL_M": 9, "DATE_VAL_1": "September", "DATE_VAL_D": 13, "DAY_OF_WEE": 2, "DAY_OF_W_1": "Monday", "MILT_TIME": 128, "CASE_NUM": 20210913012800, "CRSH_TYPE_": 27, "CRASH_TYPE": "Head on", "CRSH_LEVL": 2, "PRIMARY_CA": 11, "PRIMARY__1": "Crossed centerline/going wrong way", "SECONDARY_": "0", "SECONDARY1": " ", "LATITUDE": 35.389145, "LONGITUDE": -80.781022, "StreetID": null }, "geometry": { "type": "Point", "coordinates": [ -80.781018767271803, 35.389138081298903 ] } },
{ "type": "Feature", "properties": { "OBJECTID": 6592, "CRSH_ID": 1127434, "DATE_VAL_Y": 2021, "DATE_VAL_M": 12, "DATE_VAL_1": "December", "DATE_VAL_D": 4, "DAY_OF_WEE": 7, "DAY_OF_W_1": "Saturday", "MILT_TIME": 1358, "CASE_NUM": 20211204135803, "CRSH_TYPE_": 1, "CRASH_TYPE": "Ran off road right", "CRSH_LEVL": 1, "PRIMARY_CA": 6, "PRIMARY__1": "Exceeded authorized speed limit", "SECONDARY_": "0", "SECONDARY1": " ", "LATITUDE": 35.267039, "LONGITUDE": -80.741609, "StreetID": null }, "geometry": { "type": "Point", "coordinates": [ -80.7416057876178, 35.267032105534398 ] } },
{ "type": "Feature", "properties": { "OBJECTID": 6593, "CRSH_ID": 2244261, "DATE_VAL_Y": 2021, "DATE_VAL_M": 8, "DATE_VAL_1": "August", "DATE_VAL_D": 3, "DAY_OF_WEE": 3, "DAY_OF_W_1": "Tuesday", "MILT_TIME": 510, "CASE_NUM": 20210803051000, "CRSH_TYPE_": 14, "CRASH_TYPE": "Pedestrian", "CRSH_LEVL": 1, "PRIMARY_CA": 30, "PRIMARY__1": "Alcohol use", "SECONDARY_": "0", "SECONDARY1": " ", "LATITUDE": 35.125051, "LONGITUDE": -80.878991, "StreetID": null }, "geometry": { "type": "Point", "coordinates": [ -80.878987753502301, 35.125044141046097 ] } },
{ "type": "Feature", "properties": { "OBJECTID": 6594, "CRSH_ID": 1098221, "DATE_VAL_Y": 2021, "DATE_VAL_M": 5, "DATE_VAL_1": "May", "DATE_VAL_D": 23, "DAY_OF_WEE": 1, "DAY_OF_W_1": "Sunday", "MILT_TIME": 1308, "CASE_NUM": 20210523130801, "CRSH_TYPE_": 21, "CRASH_TYPE": "Rear end, slow or stop", "CRSH_LEVL": 2, "PRIMARY_CA": 8, "PRIMARY__1": "Failure to reduce speed", "SECONDARY_": "0", "SECONDARY1": " ", "LATITUDE": 35.307479, "LONGITUDE": -80.821419, "StreetID": null }, "geometry": { "type": "Point", "coordinates": [ -80.821415758906099, 35.307472099726297 ] } },
{ "type": "Feature", "properties": { "OBJECTID": 6595, "CRSH_ID": 1183885, "DATE_VAL_Y": 2022, "DATE_VAL_M": 11, "DATE_VAL_1": "November", "DATE_VAL_D": 29, "DAY_OF_WEE": 3, "DAY_OF_W_1": "Tuesday", "MILT_TIME": 10, "CASE_NUM": 20221129001000, "CRSH_TYPE_": 1, "CRASH_TYPE": "Ran off road right", "CRSH_LEVL": 1, "PRIMARY_CA": 6, "PRIMARY__1": "Exceeded authorized speed limit", "SECONDARY_": "0", "SECONDARY1": " ", "LATITUDE": 35.237931, "LONGITUDE": -80.858846, "StreetID": null }, "geometry": { "type": "Point", "coordinates": [ -80.858842753138205, 35.237924115966202 ] } },
{ "type": "Feature", "properties": { "OBJECTID": 6596, "CRSH_ID": 1040396, "DATE_VAL_Y": 2020, "DATE_VAL_M": 4, "DATE_VAL_1": "April", "DATE_VAL_D": 6, "DAY_OF_WEE": 2, "DAY_OF_W_1": "Monday", "MILT_TIME": 106, "CASE_NUM": 20200406010602, "CRSH_TYPE_": 2, "CRASH_TYPE": "Ran off road left", "CRSH_LEVL": 1, "PRIMARY_CA": 6, "PRIMARY__1": "Exceeded authorized speed limit", "SECONDARY_": "0", "SECONDARY1": " ", "LATITUDE": 35.264473, "LONGITUDE": -80.87672, "StreetID": null }, "geometry": { "type": "Point", "coordinates": [ -80.876716745036504, 35.264466110981502 ] } },
{ "type": "Feature", "properties": { "OBJECTID": 6597, "CRSH_ID": 1076587, "DATE_VAL_Y": 2020, "DATE_VAL_M": 11, "DATE_VAL_1": "November", "DATE_VAL_D": 18, "DAY_OF_WEE": 4, "DAY_OF_W_1": "Wednesday", "MILT_TIME": 2153, "CASE_NUM": 20201118215300, "CRSH_TYPE_": 23, "CRASH_TYPE": "Left turn, same roadway", "CRSH_LEVL": 2, "PRIMARY_CA": 3, "PRIMARY__1": "Disregarded other traffic signs", "SECONDARY_": "0", "SECONDARY1": " ", "LATITUDE": 35.262151, "LONGITUDE": -80.878552, "StreetID": null }, "geometry": { "type": "Point", "coordinates": [ -80.878548745209599, 35.2621441120912 ] } },
{ "type": "Feature", "properties": { "OBJECTID": 6598, "CRSH_ID": 1256046, "DATE_VAL_Y": 2024, "DATE_VAL_M": 5, "DATE_VAL_1": "May", "DATE_VAL_D": 6, "DAY_OF_WEE": 2, "DAY_OF_W_1": "Monday", "MILT_TIME": 2044, "CASE_NUM": 20240506204400, "CRSH_TYPE_": 14, "CRASH_TYPE": "Pedestrian", "CRSH_LEVL": 1, "PRIMARY_CA": 32, "PRIMARY__1": "Other*", "SECONDARY_": "0", "SECONDARY1": " ", "LATITUDE": 35.179174, "LONGITUDE": -80.778851, "StreetID": null }, "geometry": { "type": "Point", "coordinates": [ -80.778847779796095, 35.179167126097397 ] } },
{ "type": "Feature", "properties": { "OBJECTID": 6599, "CRSH_ID": 1276914, "DATE_VAL_Y": 2024, "DATE_VAL_M": 10, "DATE_VAL_1": "October", "DATE_VAL_D": 13, "DAY_OF_WEE": 1, "DAY_OF_W_1": "Sunday", "MILT_TIME": 400, "CASE_NUM": 20241013040001, "CRSH_TYPE_": 2, "CRASH_TYPE": "Ran off road left", "CRSH_LEVL": 2, "PRIMARY_CA": 11, "PRIMARY__1": "Crossed centerline/going wrong way", "SECONDARY_": "0", "SECONDARY1": " ", "LATITUDE": 35.147605, "LONGITUDE": -80.92727, "StreetID": null }, "geometry": { "type": "Point", "coordinates": [ -80.927266737883102, 35.147598138439903 ] } },
{ "type": "Feature", "properties": { "OBJECTID": 6600, "CRSH_ID": 1135815, "DATE_VAL_Y": 2022, "DATE_VAL_M": 3, "DATE_VAL_1": "March", "DATE_VAL_D": 9, "DAY_OF_WEE": 4, "DAY_OF_W_1": "Wednesday", "MILT_TIME": 2233, "CASE_NUM": 20220309223300, "CRSH_TYPE_": 1, "CRASH_TYPE": "Ran off road right", "CRSH_LEVL": 2, "PRIMARY_CA": 6, "PRIMARY__1": "Exceeded authorized speed limit", "SECONDARY_": "0", "SECONDARY1": " ", "LATITUDE": 35.18484, "LONGITUDE": -80.83549, "StreetID": null }, "geometry": { "type": "Point", "coordinates": [ -80.835486763842297, 35.184833126584103 ] } },
{ "type": "Feature", "properties": { "OBJECTID": 6601, "CRSH_ID": 1240023, "DATE_VAL_Y": 2023, "DATE_VAL_M": 12, "DATE_VAL_1": "December", "DATE_VAL_D": 24, "DAY_OF_WEE": 1, "DAY_OF_W_1": "Sunday", "MILT_TIME": 250, "CASE_NUM": 20231224025001, "CRSH_TYPE_": 30, "CRASH_TYPE": "Angle", "CRSH_LEVL": 2, "PRIMARY_CA": 34, "PRIMARY__1": "Unknown", "SECONDARY_": "0", "SECONDARY1": " ", "LATITUDE": 35.18952, "LONGITUDE": -80.77253, "StreetID": null }, "geometry": { "type": "Point", "coordinates": [ -80.772526781656296, 35.189513123268902 ] } },
{ "type": "Feature", "properties": { "OBJECTID": 6602, "CRSH_ID": 1042344, "DATE_VAL_Y": 2020, "DATE_VAL_M": 7, "DATE_VAL_1": "July", "DATE_VAL_D": 22, "DAY_OF_WEE": 4, "DAY_OF_W_1": "Wednesday", "MILT_TIME": 2234, "CASE_NUM": 20200722223406, "CRSH_TYPE_": 2, "CRASH_TYPE": "Ran off road left", "CRSH_LEVL": 1, "PRIMARY_CA": 6, "PRIMARY__1": "Exceeded authorized speed limit", "SECONDARY_": "0", "SECONDARY1": " ", "LATITUDE": 35.227355, "LONGITUDE": -80.746828, "StreetID": null }, "geometry": { "type": "Point", "coordinates": [ -80.746824786577207, 35.227348114532099 ] } },
{ "type": "Feature", "properties": { "OBJECTID": 6603, "CRSH_ID": 1123287, "DATE_VAL_Y": 2021, "DATE_VAL_M": 10, "DATE_VAL_1": "October", "DATE_VAL_D": 25, "DAY_OF_WEE": 2, "DAY_OF_W_1": "Monday", "MILT_TIME": 723, "CASE_NUM": 20211025072305, "CRSH_TYPE_": 21, "CRASH_TYPE": "Rear end, slow or stop", "CRSH_LEVL": 2, "PRIMARY_CA": 8, "PRIMARY__1": "Failure to reduce speed", "SECONDARY_": "0", "SECONDARY1": " ", "LATITUDE": 35.267854, "LONGITUDE": -80.73146, "StreetID": null }, "geometry": { "type": "Point", "coordinates": [ -80.731456789821493, 35.267847105973601 ] } },
{ "type": "Feature", "properties": { "OBJECTID": 6604, "CRSH_ID": 1165049, "DATE_VAL_Y": 2022, "DATE_VAL_M": 7, "DATE_VAL_1": "July", "DATE_VAL_D": 3, "DAY_OF_WEE": 1, "DAY_OF_W_1": "Sunday", "MILT_TIME": 1543, "CASE_NUM": 20220703154301, "CRSH_TYPE_": 23, "CRASH_TYPE": "Left turn, same roadway", "CRSH_LEVL": 1, "PRIMARY_CA": 6, "PRIMARY__1": "Exceeded authorized speed limit", "SECONDARY_": "0", "SECONDARY1": " ", "LATITUDE": 35.292133, "LONGITUDE": -80.737674, "StreetID": null }, "geometry": { "type": "Point", "coordinates": [ -80.737670786069401, 35.292126100204001 ] } },
{ "type": "Feature", "properties": { "OBJECTID": 6605, "CRSH_ID": 1125815, "DATE_VAL_Y": 2021, "DATE_VAL_M": 11, "DATE_VAL_1": "November", "DATE_VAL_D": 16, "DAY_OF_WEE": 3, "DAY_OF_W_1": "Tuesday", "MILT_TIME": 1852, "CASE_NUM": 20211116185201, "CRSH_TYPE_": 14, "CRASH_TYPE": "Pedestrian", "CRSH_LEVL": 1, "PRIMARY_CA": 0, "PRIMARY__1": "No contributing circumstance indicated", "SECONDARY_": "0", "SECONDARY1": " ", "LATITUDE": 35.229082, "LONGITUDE": -80.916474, "StreetID": null }, "geometry": { "type": "Point", "coordinates": [ -80.916470736875198, 35.229075119817999 ] } },
{ "type": "Feature", "properties": { "OBJECTID": 6606, "CRSH_ID": 1203709, "DATE_VAL_Y": 2023, "DATE_VAL_M": 3, "DATE_VAL_1": "March", "DATE_VAL_D": 3, "DAY_OF_WEE": 6, "DAY_OF_W_1": "Friday", "MILT_TIME": 1902, "CASE_NUM": 20230303190202, "CRSH_TYPE_": 30, "CRASH_TYPE": "Angle", "CRSH_LEVL": 2, "PRIMARY_CA": 4, "PRIMARY__1": "Disregarded traffic signals", "SECONDARY_": "0", "SECONDARY1": " ", "LATITUDE": 35.31517, "LONGITUDE": -80.83357, "StreetID": null }, "geometry": { "type": "Point", "coordinates": [ -80.833566756729198, 35.315163098978701 ] } },
{ "type": "Feature", "properties": { "OBJECTID": 6607, "CRSH_ID": 1120494, "DATE_VAL_Y": 2021, "DATE_VAL_M": 9, "DATE_VAL_1": "September", "DATE_VAL_D": 28, "DAY_OF_WEE": 3, "DAY_OF_W_1": "Tuesday", "MILT_TIME": 615, "CASE_NUM": 20210928061500, "CRSH_TYPE_": 27, "CRASH_TYPE": "Head on", "CRSH_LEVL": 2, "PRIMARY_CA": 5, "PRIMARY__1": "Disregarded road markings", "SECONDARY_": "0", "SECONDARY1": " ", "LATITUDE": 35.284797, "LONGITUDE": -80.802453, "StreetID": null }, "geometry": { "type": "Point", "coordinates": [ -80.802449766653396, 35.284790105106701 ] } },
{ "type": "Feature", "properties": { "OBJECTID": 6608, "CRSH_ID": 1283827, "DATE_VAL_Y": 2024, "DATE_VAL_M": 12, "DATE_VAL_1": "December", "DATE_VAL_D": 19, "DAY_OF_WEE": 5, "DAY_OF_W_1": "Thursday", "MILT_TIME": 2054, "CASE_NUM": 20241219205403, "CRSH_TYPE_": 23, "CRASH_TYPE": "Left turn, same roadway", "CRSH_LEVL": 1, "PRIMARY_CA": 6, "PRIMARY__1": "Exceeded authorized speed limit", "SECONDARY_": "0", "SECONDARY1": " ", "LATITUDE": 35.185824, "LONGITUDE": -80.875699, "StreetID": null }, "geometry": { "type": "Point", "coordinates": [ -80.875695749597597, 35.185817128551001 ] } },
{ "type": "Feature", "properties": { "OBJECTID": 6609, "CRSH_ID": 1030124, "DATE_VAL_Y": 2020, "DATE_VAL_M": 7, "DATE_VAL_1": "July", "DATE_VAL_D": 2, "DAY_OF_WEE": 5, "DAY_OF_W_1": "Thursday", "MILT_TIME": 1653, "CASE_NUM": 20200702165300, "CRSH_TYPE_": 14, "CRASH_TYPE": "Pedestrian", "CRSH_LEVL": 2, "PRIMARY_CA": 33, "PRIMARY__1": "Unable to determine", "SECONDARY_": "0", "SECONDARY1": " ", "LATITUDE": 35.232894, "LONGITUDE": -80.824005, "StreetID": null }, "geometry": { "type": "Point", "coordinates": [ -80.824001763794001, 35.232887115726697 ] } },
{ "type": "Feature", "properties": { "OBJECTID": 6610, "CRSH_ID": 1268998, "DATE_VAL_Y": 2024, "DATE_VAL_M": 8, "DATE_VAL_1": "August", "DATE_VAL_D": 21, "DAY_OF_WEE": 4, "DAY_OF_W_1": "Wednesday", "MILT_TIME": 355, "CASE_NUM": 20240821035500, "CRSH_TYPE_": 2, "CRASH_TYPE": "Ran off road left", "CRSH_LEVL": 2, "PRIMARY_CA": 20, "PRIMARY__1": "Inattention", "SECONDARY_": "0", "SECONDARY1": " ", "LATITUDE": 35.302706, "LONGITUDE": -80.728808, "StreetID": null }, "geometry": { "type": "Point", "coordinates": [ -80.728804788374006, 35.302699097226302 ] } },
{ "type": "Feature", "properties": { "OBJECTID": 6611, "CRSH_ID": 1096853, "DATE_VAL_Y": 2020, "DATE_VAL_M": 12, "DATE_VAL_1": "December", "DATE_VAL_D": 11, "DAY_OF_WEE": 6, "DAY_OF_W_1": "Friday", "MILT_TIME": 819, "CASE_NUM": 20201211081904, "CRSH_TYPE_": 1, "CRASH_TYPE": "Ran off road right", "CRSH_LEVL": 1, "PRIMARY_CA": 6, "PRIMARY__1": "Exceeded authorized speed limit", "SECONDARY_": "0", "SECONDARY1": " ", "LATITUDE": 35.342158, "LONGITUDE": -80.879212, "StreetID": null }, "geometry": { "type": "Point", "coordinates": [ -80.879208741855194, 35.342151094122499 ] } },
{ "type": "Feature", "properties": { "OBJECTID": 6612, "CRSH_ID": 1018160, "DATE_VAL_Y": 2020, "DATE_VAL_M": 5, "DATE_VAL_1": "May", "DATE_VAL_D": 1, "DAY_OF_WEE": 6, "DAY_OF_W_1": "Friday", "MILT_TIME": 1933, "CASE_NUM": 20200501193303, "CRSH_TYPE_": 14, "CRASH_TYPE": "Pedestrian", "CRSH_LEVL": 2, "PRIMARY_CA": 0, "PRIMARY__1": " ", "SECONDARY_": "0", "SECONDARY1": " ", "LATITUDE": 35.148896, "LONGITUDE": -80.975287, "StreetID": null }, "geometry": { "type": "Point", "coordinates": [ -80.975283723737803, 35.148889138846798 ] } },
{ "type": "Feature", "properties": { "OBJECTID": 6613, "CRSH_ID": 1031883, "DATE_VAL_Y": 2020, "DATE_VAL_M": 7, "DATE_VAL_1": "July", "DATE_VAL_D": 11, "DAY_OF_WEE": 7, "DAY_OF_W_1": "Saturday", "MILT_TIME": 1239, "CASE_NUM": 20200711123901, "CRSH_TYPE_": 28, "CRASH_TYPE": "Sideswipe, same direction", "CRSH_LEVL": 2, "PRIMARY_CA": 32, "PRIMARY__1": "Other*", "SECONDARY_": "0", "SECONDARY1": " ", "LATITUDE": 35.157554, "LONGITUDE": -80.734025, "StreetID": null }, "geometry": { "type": "Point", "coordinates": [ -80.734021793538105, 35.157547127871901 ] } },
{ "type": "Feature", "properties": { "OBJECTID": 6614, "CRSH_ID": 1031739, "DATE_VAL_Y": 2020, "DATE_VAL_M": 4, "DATE_VAL_1": "April", "DATE_VAL_D": 9, "DAY_OF_WEE": 5, "DAY_OF_W_1": "Thursday", "MILT_TIME": 2110, "CASE_NUM": 20200409211000, "CRSH_TYPE_": 29, "CRASH_TYPE": "Sideswipe, opposite direction", "CRSH_LEVL": 1, "PRIMARY_CA": 5, "PRIMARY__1": "Disregarded road markings", "SECONDARY_": "0", "SECONDARY1": " ", "LATITUDE": 35.293484, "LONGITUDE": -80.816309, "StreetID": null }, "geometry": { "type": "Point", "coordinates": [ -80.816305761804898, 35.293477103191798 ] } },
{ "type": "Feature", "properties": { "OBJECTID": 6615, "CRSH_ID": 1067591, "DATE_VAL_Y": 2020, "DATE_VAL_M": 8, "DATE_VAL_1": "August", "DATE_VAL_D": 6, "DAY_OF_WEE": 5, "DAY_OF_W_1": "Thursday", "MILT_TIME": 655, "CASE_NUM": 20200806065501, "CRSH_TYPE_": 24, "CRASH_TYPE": "Left turn, different roadways", "CRSH_LEVL": 2, "PRIMARY_CA": 19, "PRIMARY__1": "Failed to yield right of way", "SECONDARY_": "0", "SECONDARY1": " ", "LATITUDE": 35.190987, "LONGITUDE": -80.96386, "StreetID": null }, "geometry": { "type": "Point", "coordinates": [ -80.963856723765502, 35.190980129461302 ] } },
{ "type": "Feature", "properties": { "OBJECTID": 6616, "CRSH_ID": 1142753, "DATE_VAL_Y": 2022, "DATE_VAL_M": 5, "DATE_VAL_1": "May", "DATE_VAL_D": 22, "DAY_OF_WEE": 1, "DAY_OF_W_1": "Sunday", "MILT_TIME": 341, "CASE_NUM": 20220522034101, "CRSH_TYPE_": 29, "CRASH_TYPE": "Sideswipe, opposite direction", "CRSH_LEVL": 2, "PRIMARY_CA": 12, "PRIMARY__1": "Improper lane change", "SECONDARY_": "0", "SECONDARY1": " ", "LATITUDE": 35.26065, "LONGITUDE": -80.78635, "StreetID": null }, "geometry": { "type": "Point", "coordinates": [ -80.786346772584594, 35.260643108188702 ] } },
{ "type": "Feature", "properties": { "OBJECTID": 6617, "CRSH_ID": 1062760, "DATE_VAL_Y": 2020, "DATE_VAL_M": 1, "DATE_VAL_1": "January", "DATE_VAL_D": 21, "DAY_OF_WEE": 3, "DAY_OF_W_1": "Tuesday", "MILT_TIME": 1559, "CASE_NUM": 20200121155900, "CRSH_TYPE_": 14, "CRASH_TYPE": "Pedestrian", "CRSH_LEVL": 1, "PRIMARY_CA": 0, "PRIMARY__1": "No contributing circumstance indicated", "SECONDARY_": "0", "SECONDARY1": "None (no unusual conditions)", "LATITUDE": 35.152842, "LONGITUDE": -80.877331, "StreetID": null }, "geometry": { "type": "Point", "coordinates": [ -80.877327751052405, 35.152835135714803 ] } },
{ "type": "Feature", "properties": { "OBJECTID": 6618, "CRSH_ID": 1280629, "DATE_VAL_Y": 2024, "DATE_VAL_M": 12, "DATE_VAL_1": "December", "DATE_VAL_D": 2, "DAY_OF_WEE": 2, "DAY_OF_W_1": "Monday", "MILT_TIME": 1557, "CASE_NUM": 20241202155701, "CRSH_TYPE_": 28, "CRASH_TYPE": "Sideswipe, same direction", "CRSH_LEVL": 2, "PRIMARY_CA": 0, "PRIMARY__1": "No contributing circumstance indicated", "SECONDARY_": "0", "SECONDARY1": " ", "LATITUDE": 35.277512, "LONGITUDE": -80.85562, "StreetID": null }, "geometry": { "type": "Point", "coordinates": [ -80.855616752161097, 35.277505107346101 ] } },
{ "type": "Feature", "properties": { "OBJECTID": 6619, "CRSH_ID": 1071087, "DATE_VAL_Y": 2020, "DATE_VAL_M": 8, "DATE_VAL_1": "August", "DATE_VAL_D": 27, "DAY_OF_WEE": 5, "DAY_OF_W_1": "Thursday", "MILT_TIME": 2251, "CASE_NUM": 20200827225104, "CRSH_TYPE_": 14, "CRASH_TYPE": "Pedestrian", "CRSH_LEVL": 1, "PRIMARY_CA": 0, "PRIMARY__1": "No contributing circumstance indicated", "SECONDARY_": "0", "SECONDARY1": "None (no unusual conditions)", "LATITUDE": 35.122355, "LONGITUDE": -80.883919, "StreetID": null }, "geometry": { "type": "Point", "coordinates": [ -80.883915752667406, 35.122348142627601 ] } },
{ "type": "Feature", "properties": { "OBJECTID": 6620, "CRSH_ID": 1173325, "DATE_VAL_Y": 2022, "DATE_VAL_M": 9, "DATE_VAL_1": "September", "DATE_VAL_D": 11, "DAY_OF_WEE": 1, "DAY_OF_W_1": "Sunday", "MILT_TIME": 2315, "CASE_NUM": 20220911232102, "CRSH_TYPE_": 27, "CRASH_TYPE": "Head on", "CRSH_LEVL": 2, "PRIMARY_CA": 7, "PRIMARY__1": "Exceeded safe speed for conditions", "SECONDARY_": "0", "SECONDARY1": " ", "LATITUDE": 35.275889, "LONGITUDE": -80.941398, "StreetID": null }, "geometry": { "type": "Point", "coordinates": [ -80.941394726093705, 35.2758821106884 ] } },
{ "type": "Feature", "properties": { "OBJECTID": 6621, "CRSH_ID": 1032440, "DATE_VAL_Y": 2020, "DATE_VAL_M": 7, "DATE_VAL_1": "July", "DATE_VAL_D": 6, "DAY_OF_WEE": 2, "DAY_OF_W_1": "Monday", "MILT_TIME": 1132, "CASE_NUM": 20200706113200, "CRSH_TYPE_": 21, "CRASH_TYPE": "Rear end, slow or stop", "CRSH_LEVL": 2, "PRIMARY_CA": 20, "PRIMARY__1": "Inattention", "SECONDARY_": "0", "SECONDARY1": " ", "LATITUDE": 35.292147, "LONGITUDE": -80.796564, "StreetID": null }, "geometry": { "type": "Point", "coordinates": [ -80.796560768800305, 35.292140101693498 ] } },
{ "type": "Feature", "properties": { "OBJECTID": 6622, "CRSH_ID": 1105604, "DATE_VAL_Y": 2021, "DATE_VAL_M": 6, "DATE_VAL_1": "June", "DATE_VAL_D": 26, "DAY_OF_WEE": 7, "DAY_OF_W_1": "Saturday", "MILT_TIME": 2040, "CASE_NUM": 20210626204600, "CRSH_TYPE_": 29, "CRASH_TYPE": "Sideswipe, opposite direction", "CRSH_LEVL": 2, "PRIMARY_CA": 20, "PRIMARY__1": "Inattention", "SECONDARY_": "0", "SECONDARY1": " ", "LATITUDE": 35.31006, "LONGITUDE": -80.748646, "StreetID": null }, "geometry": { "type": "Point", "coordinates": [ -80.748642782076899, 35.310053096375299 ] } },
{ "type": "Feature", "properties": { "OBJECTID": 6623, "CRSH_ID": 1282461, "DATE_VAL_Y": 2024, "DATE_VAL_M": 12, "DATE_VAL_1": "December", "DATE_VAL_D": 8, "DAY_OF_WEE": 1, "DAY_OF_W_1": "Sunday", "MILT_TIME": 1755, "CASE_NUM": 20241208175500, "CRSH_TYPE_": 24, "CRASH_TYPE": "Left turn, different roadways", "CRSH_LEVL": 1, "PRIMARY_CA": 6, "PRIMARY__1": "Exceeded authorized speed limit", "SECONDARY_": "0", "SECONDARY1": " ", "LATITUDE": 35.164026, "LONGITUDE": -80.873423, "StreetID": null }, "geometry": { "type": "Point", "coordinates": [ -80.873419751439201, 35.164019132481101 ] } },
{ "type": "Feature", "properties": { "OBJECTID": 6624, "CRSH_ID": 1167034, "DATE_VAL_Y": 2022, "DATE_VAL_M": 7, "DATE_VAL_1": "July", "DATE_VAL_D": 23, "DAY_OF_WEE": 7, "DAY_OF_W_1": "Saturday", "MILT_TIME": 1124, "CASE_NUM": 20220723112404, "CRSH_TYPE_": 28, "CRASH_TYPE": "Sideswipe, same direction", "CRSH_LEVL": 2, "PRIMARY_CA": 33, "PRIMARY__1": "Unable to determine", "SECONDARY_": "0", "SECONDARY1": " ", "LATITUDE": 35.27371, "LONGITUDE": -80.96613, "StreetID": null }, "geometry": { "type": "Point", "coordinates": [ -80.966126719878901, 35.273703112328398 ] } },
{ "type": "Feature", "properties": { "OBJECTID": 6625, "CRSH_ID": 1263699, "DATE_VAL_Y": 2024, "DATE_VAL_M": 7, "DATE_VAL_1": "July", "DATE_VAL_D": 17, "DAY_OF_WEE": 4, "DAY_OF_W_1": "Wednesday", "MILT_TIME": 2228, "CASE_NUM": 20240717222801, "CRSH_TYPE_": 1, "CRASH_TYPE": "Ran off road right", "CRSH_LEVL": 2, "PRIMARY_CA": 20, "PRIMARY__1": "Inattention", "SECONDARY_": "0", "SECONDARY1": " ", "LATITUDE": 35.242124, "LONGITUDE": -80.737877, "StreetID": null }, "geometry": { "type": "Point", "coordinates": [ -80.737873787943897, 35.2421171116141 ] } },
{ "type": "Feature", "properties": { "OBJECTID": 6626, "CRSH_ID": 1219987, "DATE_VAL_Y": 2023, "DATE_VAL_M": 7, "DATE_VAL_1": "July", "DATE_VAL_D": 20, "DAY_OF_WEE": 5, "DAY_OF_W_1": "Thursday", "MILT_TIME": 1621, "CASE_NUM": 20230720162100, "CRSH_TYPE_": 27, "CRASH_TYPE": "Head on", "CRSH_LEVL": 2, "PRIMARY_CA": 32, "PRIMARY__1": "Other*", "SECONDARY_": "0", "SECONDARY1": " ", "LATITUDE": 35.27293, "LONGITUDE": -80.740185, "StreetID": null }, "geometry": { "type": "Point", "coordinates": [ -80.740181786782898, 35.272923103810001 ] } },
{ "type": "Feature", "properties": { "OBJECTID": 6627, "CRSH_ID": 1107154, "DATE_VAL_Y": 2021, "DATE_VAL_M": 6, "DATE_VAL_1": "June", "DATE_VAL_D": 29, "DAY_OF_WEE": 3, "DAY_OF_W_1": "Tuesday", "MILT_TIME": 1403, "CASE_NUM": 20210629140301, "CRSH_TYPE_": 24, "CRASH_TYPE": "Left turn, different roadways", "CRSH_LEVL": 2, "PRIMARY_CA": 0, "PRIMARY__1": " ", "SECONDARY_": "0", "SECONDARY1": " ", "LATITUDE": 35.350456, "LONGITUDE": -80.863854, "StreetID": null }, "geometry": { "type": "Point", "coordinates": [ -80.863850746270003, 35.350449092216202 ] } },
{ "type": "Feature", "properties": { "OBJECTID": 6628, "CRSH_ID": 1206657, "DATE_VAL_Y": 2023, "DATE_VAL_M": 3, "DATE_VAL_1": "March", "DATE_VAL_D": 31, "DAY_OF_WEE": 6, "DAY_OF_W_1": "Friday", "MILT_TIME": 704, "CASE_NUM": 20230331070400, "CRSH_TYPE_": 19, "CRASH_TYPE": "Fixed object", "CRSH_LEVL": 1, "PRIMARY_CA": 0, "PRIMARY__1": "No contributing circumstance indicated", "SECONDARY_": "0", "SECONDARY1": " ", "LATITUDE": 35.285333, "LONGITUDE": -80.848191, "StreetID": null }, "geometry": { "type": "Point", "coordinates": [ -80.848187754708306, 35.285326105249801 ] } },
{ "type": "Feature", "properties": { "OBJECTID": 6629, "CRSH_ID": 1177469, "DATE_VAL_Y": 2022, "DATE_VAL_M": 10, "DATE_VAL_1": "October", "DATE_VAL_D": 14, "DAY_OF_WEE": 6, "DAY_OF_W_1": "Friday", "MILT_TIME": 538, "CASE_NUM": 20221014053800, "CRSH_TYPE_": 21, "CRASH_TYPE": "Rear end, slow or stop", "CRSH_LEVL": 2, "PRIMARY_CA": 20, "PRIMARY__1": "Inattention", "SECONDARY_": "0", "SECONDARY1": " ", "LATITUDE": 35.266618, "LONGITUDE": -80.881937, "StreetID": null }, "geometry": { "type": "Point", "coordinates": [ -80.881933745559607, 35.266611110870599 ] } },
{ "type": "Feature", "properties": { "OBJECTID": 6630, "CRSH_ID": 1273891, "DATE_VAL_Y": 2024, "DATE_VAL_M": 10, "DATE_VAL_1": "October", "DATE_VAL_D": 9, "DAY_OF_WEE": 4, "DAY_OF_W_1": "Wednesday", "MILT_TIME": 2007, "CASE_NUM": 20241009200700, "CRSH_TYPE_": 2, "CRASH_TYPE": "Ran off road left", "CRSH_LEVL": 1, "PRIMARY_CA": 32, "PRIMARY__1": "Other*", "SECONDARY_": "0", "SECONDARY1": " ", "LATITUDE": 35.116587, "LONGITUDE": -80.78093, "StreetID": null }, "geometry": { "type": "Point", "coordinates": [ -80.780926782800904, 35.116580139628098 ] } },
{ "type": "Feature", "properties": { "OBJECTID": 6631, "CRSH_ID": 1131747, "DATE_VAL_Y": 2022, "DATE_VAL_M": 1, "DATE_VAL_1": "January", "DATE_VAL_D": 23, "DAY_OF_WEE": 1, "DAY_OF_W_1": "Sunday", "MILT_TIME": 1027, "CASE_NUM": 20220123102701, "CRSH_TYPE_": 2, "CRASH_TYPE": "Ran off road left", "CRSH_LEVL": 1, "PRIMARY_CA": 6, "PRIMARY__1": "Exceeded authorized speed limit", "SECONDARY_": "0", "SECONDARY1": " ", "LATITUDE": 35.229536, "LONGITUDE": -80.743112, "StreetID": null }, "geometry": { "type": "Point", "coordinates": [ -80.743108787680399, 35.229529113615598 ] } },
{ "type": "Feature", "properties": { "OBJECTID": 6632, "CRSH_ID": 1162561, "DATE_VAL_Y": 2022, "DATE_VAL_M": 6, "DATE_VAL_1": "June", "DATE_VAL_D": 10, "DAY_OF_WEE": 6, "DAY_OF_W_1": "Friday", "MILT_TIME": 1840, "CASE_NUM": 20220610184000, "CRSH_TYPE_": 21, "CRASH_TYPE": "Rear end, slow or stop", "CRSH_LEVL": 2, "PRIMARY_CA": 20, "PRIMARY__1": "Inattention", "SECONDARY_": "0", "SECONDARY1": " ", "LATITUDE": 35.22458, "LONGITUDE": -80.89752, "StreetID": null }, "geometry": { "type": "Point", "coordinates": [ -80.897516741319706, 35.2245731211883 ] } },
{ "type": "Feature", "properties": { "OBJECTID": 6633, "CRSH_ID": 1282340, "DATE_VAL_Y": 2024, "DATE_VAL_M": 12, "DATE_VAL_1": "December", "DATE_VAL_D": 8, "DAY_OF_WEE": 1, "DAY_OF_W_1": "Sunday", "MILT_TIME": 308, "CASE_NUM": 20241208030801, "CRSH_TYPE_": 2, "CRASH_TYPE": "Ran off road left", "CRSH_LEVL": 1, "PRIMARY_CA": 6, "PRIMARY__1": "Exceeded authorized speed limit", "SECONDARY_": "0", "SECONDARY1": " ", "LATITUDE": 35.227944, "LONGITUDE": -80.746333, "StreetID": null }, "geometry": { "type": "Point", "coordinates": [ -80.746329785815206, 35.227937113710702 ] } },
{ "type": "Feature", "properties": { "OBJECTID": 6634, "CRSH_ID": 1174729, "DATE_VAL_Y": 2022, "DATE_VAL_M": 9, "DATE_VAL_1": "September", "DATE_VAL_D": 22, "DAY_OF_WEE": 5, "DAY_OF_W_1": "Thursday", "MILT_TIME": 652, "CASE_NUM": 20220922065200, "CRSH_TYPE_": 14, "CRASH_TYPE": "Pedestrian", "CRSH_LEVL": 2, "PRIMARY_CA": 0, "PRIMARY__1": "No contributing circumstance indicated", "SECONDARY_": "0", "SECONDARY1": " ", "LATITUDE": 35.310008, "LONGITUDE": -80.838857, "StreetID": null }, "geometry": { "type": "Point", "coordinates": [ -80.838853754939095, 35.310001099740802 ] } },
{ "type": "Feature", "properties": { "OBJECTID": 6635, "CRSH_ID": 1223324, "DATE_VAL_Y": 2023, "DATE_VAL_M": 8, "DATE_VAL_1": "August", "DATE_VAL_D": 16, "DAY_OF_WEE": 4, "DAY_OF_W_1": "Wednesday", "MILT_TIME": 1800, "CASE_NUM": 20230816183601, "CRSH_TYPE_": 30, "CRASH_TYPE": "Angle", "CRSH_LEVL": 2, "PRIMARY_CA": 2, "PRIMARY__1": "Disregarded stop sign", "SECONDARY_": "0", "SECONDARY1": " ", "LATITUDE": 35.20257, "LONGITUDE": -80.85246, "StreetID": null }, "geometry": { "type": "Point", "coordinates": [ -80.852456757003395, 35.202563124039898 ] } },
{ "type": "Feature", "properties": { "OBJECTID": 6636, "CRSH_ID": 1194090, "DATE_VAL_Y": 2022, "DATE_VAL_M": 12, "DATE_VAL_1": "December", "DATE_VAL_D": 13, "DAY_OF_WEE": 3, "DAY_OF_W_1": "Tuesday", "MILT_TIME": 130, "CASE_NUM": 20221213013000, "CRSH_TYPE_": 2, "CRASH_TYPE": "Ran off road left", "CRSH_LEVL": 1, "PRIMARY_CA": 11, "PRIMARY__1": "Crossed centerline/going wrong way", "SECONDARY_": "0", "SECONDARY1": " ", "LATITUDE": 35.25415, "LONGITUDE": -80.75535, "StreetID": null }, "geometry": { "type": "Point", "coordinates": [ -80.755346782528406, 35.254143109342898 ] } },
{ "type": "Feature", "properties": { "OBJECTID": 6637, "CRSH_ID": 1037770, "DATE_VAL_Y": 2020, "DATE_VAL_M": 8, "DATE_VAL_1": "August", "DATE_VAL_D": 7, "DAY_OF_WEE": 6, "DAY_OF_W_1": "Friday", "MILT_TIME": 1813, "CASE_NUM": 20200807181300, "CRSH_TYPE_": 5, "CRASH_TYPE": "Overturn/rollover", "CRSH_LEVL": 2, "PRIMARY_CA": 33, "PRIMARY__1": "Unable to determine", "SECONDARY_": "0", "SECONDARY1": " ", "LATITUDE": 35.259878, "LONGITUDE": -80.903239, "StreetID": null }, "geometry": { "type": "Point", "coordinates": [ -80.903235737544307, 35.259871113260999 ] } },
{ "type": "Feature", "properties": { "OBJECTID": 6638, "CRSH_ID": 1057320, "DATE_VAL_Y": 2020, "DATE_VAL_M": 11, "DATE_VAL_1": "November", "DATE_VAL_D": 11, "DAY_OF_WEE": 4, "DAY_OF_W_1": "Wednesday", "MILT_TIME": 1311, "CASE_NUM": 20201111131100, "CRSH_TYPE_": 2, "CRASH_TYPE": "Ran off road left", "CRSH_LEVL": 2, "PRIMARY_CA": 31, "PRIMARY__1": "Drug use", "SECONDARY_": "0", "SECONDARY1": " ", "LATITUDE": 35.286781, "LONGITUDE": -80.800843, "StreetID": null }, "geometry": { "type": "Point", "coordinates": [ -80.800839767560106, 35.286774103637804 ] } },
{ "type": "Feature", "properties": { "OBJECTID": 6639, "CRSH_ID": 1007308, "DATE_VAL_Y": 2020, "DATE_VAL_M": 3, "DATE_VAL_1": "March", "DATE_VAL_D": 7, "DAY_OF_WEE": 7, "DAY_OF_W_1": "Saturday", "MILT_TIME": 1628, "CASE_NUM": 20200307162806, "CRSH_TYPE_": 14, "CRASH_TYPE": "Pedestrian", "CRSH_LEVL": 2, "PRIMARY_CA": 0, "PRIMARY__1": "No contributing circumstance indicated", "SECONDARY_": "0", "SECONDARY1": " ", "LATITUDE": 35.175824, "LONGITUDE": -80.75052, "StreetID": null }, "geometry": { "type": "Point", "coordinates": [ -80.750516788746907, 35.175817125387802 ] } },
{ "type": "Feature", "properties": { "OBJECTID": 6640, "CRSH_ID": 1242558, "DATE_VAL_Y": 2024, "DATE_VAL_M": 1, "DATE_VAL_1": "January", "DATE_VAL_D": 14, "DAY_OF_WEE": 1, "DAY_OF_W_1": "Sunday", "MILT_TIME": 2240, "CASE_NUM": 20240114224001, "CRSH_TYPE_": 5, "CRASH_TYPE": "Overturn/rollover", "CRSH_LEVL": 1, "PRIMARY_CA": 6, "PRIMARY__1": "Exceeded authorized speed limit", "SECONDARY_": "0", "SECONDARY1": " ", "LATITUDE": 35.162784, "LONGITUDE": -80.888931, "StreetID": null }, "geometry": { "type": "Point", "coordinates": [ -80.888927748109893, 35.162777133583802 ] } },
{ "type": "Feature", "properties": { "OBJECTID": 6641, "CRSH_ID": 1232561, "DATE_VAL_Y": 2023, "DATE_VAL_M": 10, "DATE_VAL_1": "October", "DATE_VAL_D": 28, "DAY_OF_WEE": 7, "DAY_OF_W_1": "Saturday", "MILT_TIME": 47, "CASE_NUM": 20231028004702, "CRSH_TYPE_": 14, "CRASH_TYPE": "Pedestrian", "CRSH_LEVL": 1, "PRIMARY_CA": 0, "PRIMARY__1": "No contributing circumstance indicated", "SECONDARY_": "0", "SECONDARY1": " ", "LATITUDE": 35.325616, "LONGITUDE": -80.945209, "StreetID": null }, "geometry": { "type": "Point", "coordinates": [ -80.945205721526307, 35.3256091000464 ] } },
{ "type": "Feature", "properties": { "OBJECTID": 6642, "CRSH_ID": 1258689, "DATE_VAL_Y": 2024, "DATE_VAL_M": 6, "DATE_VAL_1": "June", "DATE_VAL_D": 3, "DAY_OF_WEE": 2, "DAY_OF_W_1": "Monday", "MILT_TIME": 800, "CASE_NUM": 20240603080600, "CRSH_TYPE_": 1, "CRASH_TYPE": "Ran off road right", "CRSH_LEVL": 2, "PRIMARY_CA": 34, "PRIMARY__1": "Unknown", "SECONDARY_": "0", "SECONDARY1": " ", "LATITUDE": 35.257931, "LONGITUDE": -80.795772, "StreetID": null }, "geometry": { "type": "Point", "coordinates": [ -80.7957687702919, 35.257924108756498 ] } },
{ "type": "Feature", "properties": { "OBJECTID": 6643, "CRSH_ID": 1224971, "DATE_VAL_Y": 2023, "DATE_VAL_M": 8, "DATE_VAL_1": "August", "DATE_VAL_D": 31, "DAY_OF_WEE": 5, "DAY_OF_W_1": "Thursday", "MILT_TIME": 31, "CASE_NUM": 20230830003100, "CRSH_TYPE_": 1, "CRASH_TYPE": "Ran off road right", "CRSH_LEVL": 1, "PRIMARY_CA": 6, "PRIMARY__1": "Exceeded authorized speed limit", "SECONDARY_": "0", "SECONDARY1": " ", "LATITUDE": 35.199127, "LONGITUDE": -80.767728, "StreetID": null }, "geometry": { "type": "Point", "coordinates": [ -80.767724782799306, 35.199120121485997 ] } },
{ "type": "Feature", "properties": { "OBJECTID": 6644, "CRSH_ID": 1244256, "DATE_VAL_Y": 2021, "DATE_VAL_M": 4, "DATE_VAL_1": "April", "DATE_VAL_D": 22, "DAY_OF_WEE": 5, "DAY_OF_W_1": "Thursday", "MILT_TIME": 2023, "CASE_NUM": 20210422202302, "CRSH_TYPE_": 27, "CRASH_TYPE": "Head on", "CRSH_LEVL": 1, "PRIMARY_CA": 30, "PRIMARY__1": "Alcohol use", "SECONDARY_": "0", "SECONDARY1": " ", "LATITUDE": 35.282191, "LONGITUDE": -80.911768, "StreetID": null }, "geometry": { "type": "Point", "coordinates": [ -80.911764733730905, 35.282184107717001 ] } },
{ "type": "Feature", "properties": { "OBJECTID": 6645, "CRSH_ID": 1100136, "DATE_VAL_Y": 2020, "DATE_VAL_M": 9, "DATE_VAL_1": "September", "DATE_VAL_D": 11, "DAY_OF_WEE": 6, "DAY_OF_W_1": "Friday", "MILT_TIME": 1953, "CASE_NUM": 20200911195302, "CRSH_TYPE_": 6, "CRASH_TYPE": "Crossed centerline/median", "CRSH_LEVL": 1, "PRIMARY_CA": 6, "PRIMARY__1": "Exceeded authorized speed limit", "SECONDARY_": "0", "SECONDARY1": " ", "LATITUDE": 35.264871, "LONGITUDE": -80.940443, "StreetID": null }, "geometry": { "type": "Point", "coordinates": [ -80.940439726735605, 35.264864112314598 ] } },
{ "type": "Feature", "properties": { "OBJECTID": 6646, "CRSH_ID": 1006640, "DATE_VAL_Y": 2020, "DATE_VAL_M": 3, "DATE_VAL_1": "March", "DATE_VAL_D": 4, "DAY_OF_WEE": 4, "DAY_OF_W_1": "Wednesday", "MILT_TIME": 1624, "CASE_NUM": 20200304162400, "CRSH_TYPE_": 30, "CRASH_TYPE": "Angle", "CRSH_LEVL": 2, "PRIMARY_CA": 20, "PRIMARY__1": "Inattention", "SECONDARY_": "0", "SECONDARY1": " ", "LATITUDE": 35.274548, "LONGITUDE": -80.793543, "StreetID": null }, "geometry": { "type": "Point", "coordinates": [ -80.793539769306904, 35.274541106246097 ] } },
{ "type": "Feature", "properties": { "OBJECTID": 6647, "CRSH_ID": 1012493, "DATE_VAL_Y": 2020, "DATE_VAL_M": 4, "DATE_VAL_1": "April", "DATE_VAL_D": 4, "DAY_OF_WEE": 7, "DAY_OF_W_1": "Saturday", "MILT_TIME": 2309, "CASE_NUM": 20200404230901, "CRSH_TYPE_": 1, "CRASH_TYPE": "Ran off road right", "CRSH_LEVL": 2, "PRIMARY_CA": 6, "PRIMARY__1": "Exceeded authorized speed limit", "SECONDARY_": "0", "SECONDARY1": " ", "LATITUDE": 35.251416, "LONGITUDE": -80.68937, "StreetID": null }, "geometry": { "type": "Point", "coordinates": [ -80.689366802418903, 35.251409107411803 ] } },
{ "type": "Feature", "properties": { "OBJECTID": 6648, "CRSH_ID": 1177775, "DATE_VAL_Y": 2022, "DATE_VAL_M": 10, "DATE_VAL_1": "October", "DATE_VAL_D": 15, "DAY_OF_WEE": 7, "DAY_OF_W_1": "Saturday", "MILT_TIME": 2238, "CASE_NUM": 20221015223802, "CRSH_TYPE_": 21, "CRASH_TYPE": "Rear end, slow or stop", "CRSH_LEVL": 2, "PRIMARY_CA": 20, "PRIMARY__1": "Inattention", "SECONDARY_": "0", "SECONDARY1": " ", "LATITUDE": 35.229204, "LONGITUDE": -80.861185, "StreetID": null }, "geometry": { "type": "Point", "coordinates": [ -80.861181753052094, 35.229197118501702 ] } },
{ "type": "Feature", "properties": { "OBJECTID": 6649, "CRSH_ID": 1130208, "DATE_VAL_Y": 2022, "DATE_VAL_M": 1, "DATE_VAL_1": "January", "DATE_VAL_D": 4, "DAY_OF_WEE": 3, "DAY_OF_W_1": "Tuesday", "MILT_TIME": 510, "CASE_NUM": 20220104051000, "CRSH_TYPE_": 23, "CRASH_TYPE": "Left turn, same roadway", "CRSH_LEVL": 1, "PRIMARY_CA": 19, "PRIMARY__1": "Failed to yield right of way", "SECONDARY_": "0", "SECONDARY1": " ", "LATITUDE": 35.23883, "LONGITUDE": -80.88454, "StreetID": null }, "geometry": { "type": "Point", "coordinates": [ -80.884536744910903, 35.238823116019702 ] } },
{ "type": "Feature", "properties": { "OBJECTID": 6650, "CRSH_ID": 1085883, "DATE_VAL_Y": 2021, "DATE_VAL_M": 3, "DATE_VAL_1": "March", "DATE_VAL_D": 29, "DAY_OF_WEE": 2, "DAY_OF_W_1": "Monday", "MILT_TIME": 303, "CASE_NUM": 20210329030300, "CRSH_TYPE_": 1, "CRASH_TYPE": "Ran off road right", "CRSH_LEVL": 2, "PRIMARY_CA": 20, "PRIMARY__1": "Inattention", "SECONDARY_": "0", "SECONDARY1": " ", "LATITUDE": 35.25566, "LONGITUDE": -80.82967, "StreetID": null }, "geometry": { "type": "Point", "coordinates": [ -80.829666759208905, 35.255653110782902 ] } },
{ "type": "Feature", "properties": { "OBJECTID": 6651, "CRSH_ID": 1062761, "DATE_VAL_Y": 2020, "DATE_VAL_M": 2, "DATE_VAL_1": "February", "DATE_VAL_D": 15, "DAY_OF_WEE": 7, "DAY_OF_W_1": "Saturday", "MILT_TIME": 1750, "CASE_NUM": 20200215175304, "CRSH_TYPE_": 5, "CRASH_TYPE": "Overturn/rollover", "CRSH_LEVL": 1, "PRIMARY_CA": 14, "PRIMARY__1": "Overcorrected/oversteered", "SECONDARY_": "0", "SECONDARY1": " ", "LATITUDE": 35.297887, "LONGITUDE": -80.89134, "StreetID": null }, "geometry": { "type": "Point", "coordinates": [ -80.891336739137003, 35.297880103562697 ] } },
{ "type": "Feature", "properties": { "OBJECTID": 6652, "CRSH_ID": 1265254, "DATE_VAL_Y": 2024, "DATE_VAL_M": 8, "DATE_VAL_1": "August", "DATE_VAL_D": 1, "DAY_OF_WEE": 5, "DAY_OF_W_1": "Thursday", "MILT_TIME": 526, "CASE_NUM": 20240801052601, "CRSH_TYPE_": 21, "CRASH_TYPE": "Rear end, slow or stop", "CRSH_LEVL": 2, "PRIMARY_CA": 8, "PRIMARY__1": "Failure to reduce speed", "SECONDARY_": "0", "SECONDARY1": " ", "LATITUDE": 35.316228, "LONGITUDE": -80.77152, "StreetID": null }, "geometry": { "type": "Point", "coordinates": [ -80.771516775316599, 35.316221096767102 ] } },
{ "type": "Feature", "properties": { "OBJECTID": 6653, "CRSH_ID": 1252447, "DATE_VAL_Y": 2024, "DATE_VAL_M": 4, "DATE_VAL_1": "April", "DATE_VAL_D": 12, "DAY_OF_WEE": 6, "DAY_OF_W_1": "Friday", "MILT_TIME": 2100, "CASE_NUM": 20240412210301, "CRSH_TYPE_": 14, "CRASH_TYPE": "Pedestrian", "CRSH_LEVL": 2, "PRIMARY_CA": 0, "PRIMARY__1": "No contributing circumstance indicated", "SECONDARY_": "0", "SECONDARY1": " ", "LATITUDE": 35.334662, "LONGITUDE": -80.718307, "StreetID": null }, "geometry": { "type": "Point", "coordinates": [ -80.718303789393303, 35.334655091320698 ] } },
{ "type": "Feature", "properties": { "OBJECTID": 6654, "CRSH_ID": 1176704, "DATE_VAL_Y": 2022, "DATE_VAL_M": 10, "DATE_VAL_1": "October", "DATE_VAL_D": 2, "DAY_OF_WEE": 1, "DAY_OF_W_1": "Sunday", "MILT_TIME": 443, "CASE_NUM": 20221002044300, "CRSH_TYPE_": 1, "CRASH_TYPE": "Ran off road right", "CRSH_LEVL": 1, "PRIMARY_CA": 6, "PRIMARY__1": "Exceeded authorized speed limit", "SECONDARY_": "0", "SECONDARY1": " ", "LATITUDE": 35.262834, "LONGITUDE": -80.772147, "StreetID": null }, "geometry": { "type": "Point", "coordinates": [ -80.772143777569298, 35.262827108305302 ] } },
{ "type": "Feature", "properties": { "OBJECTID": 6655, "CRSH_ID": 1258790, "DATE_VAL_Y": 2024, "DATE_VAL_M": 6, "DATE_VAL_1": "June", "DATE_VAL_D": 4, "DAY_OF_WEE": 3, "DAY_OF_W_1": "Tuesday", "MILT_TIME": 219, "CASE_NUM": 20240604021902, "CRSH_TYPE_": 28, "CRASH_TYPE": "Sideswipe, same direction", "CRSH_LEVL": 1, "PRIMARY_CA": 26, "PRIMARY__1": "Operated vehicle in erratic, reckless, careless, negligent or aggressive manner", "SECONDARY_": "0", "SECONDARY1": " ", "LATITUDE": 35.224588, "LONGITUDE": -80.855648, "StreetID": null }, "geometry": { "type": "Point", "coordinates": [ -80.855644754595602, 35.224581118339202 ] } },
{ "type": "Feature", "properties": { "OBJECTID": 6656, "CRSH_ID": 1141992, "DATE_VAL_Y": 2022, "DATE_VAL_M": 5, "DATE_VAL_1": "May", "DATE_VAL_D": 15, "DAY_OF_WEE": 1, "DAY_OF_W_1": "Sunday", "MILT_TIME": 35, "CASE_NUM": 20220515003501, "CRSH_TYPE_": 14, "CRASH_TYPE": "Pedestrian", "CRSH_LEVL": 1, "PRIMARY_CA": 32, "PRIMARY__1": "Other*", "SECONDARY_": "0", "SECONDARY1": " ", "LATITUDE": 35.25452, "LONGITUDE": -80.77982, "StreetID": null }, "geometry": { "type": "Point", "coordinates": [ -80.779816774793701, 35.254513110574102 ] } },
{ "type": "Feature", "properties": { "OBJECTID": 6657, "CRSH_ID": 1082377, "DATE_VAL_Y": 2020, "DATE_VAL_M": 8, "DATE_VAL_1": "August", "DATE_VAL_D": 20, "DAY_OF_WEE": 5, "DAY_OF_W_1": "Thursday", "MILT_TIME": 735, "CASE_NUM": 20200820073500, "CRSH_TYPE_": 27, "CRASH_TYPE": "Head on", "CRSH_LEVL": 1, "PRIMARY_CA": 6, "PRIMARY__1": "Exceeded authorized speed limit", "SECONDARY_": "0", "SECONDARY1": " ", "LATITUDE": 35.274257, "LONGITUDE": -80.836027, "StreetID": null }, "geometry": { "type": "Point", "coordinates": [ -80.836023758027395, 35.274250108341 ] } },
{ "type": "Feature", "properties": { "OBJECTID": 6658, "CRSH_ID": 1276050, "DATE_VAL_Y": 2024, "DATE_VAL_M": 10, "DATE_VAL_1": "October", "DATE_VAL_D": 27, "DAY_OF_WEE": 1, "DAY_OF_W_1": "Sunday", "MILT_TIME": 1908, "CASE_NUM": 20241027190800, "CRSH_TYPE_": 14, "CRASH_TYPE": "Pedestrian", "CRSH_LEVL": 2, "PRIMARY_CA": 30, "PRIMARY__1": "Alcohol use", "SECONDARY_": "0", "SECONDARY1": " ", "LATITUDE": 35.259329, "LONGITUDE": -80.859697, "StreetID": null }, "geometry": { "type": "Point", "coordinates": [ -80.859693751941705, 35.259322111793701 ] } },
{ "type": "Feature", "properties": { "OBJECTID": 6659, "CRSH_ID": 1234409, "DATE_VAL_Y": 2023, "DATE_VAL_M": 11, "DATE_VAL_1": "November", "DATE_VAL_D": 12, "DAY_OF_WEE": 1, "DAY_OF_W_1": "Sunday", "MILT_TIME": 233, "CASE_NUM": 20231112023300, "CRSH_TYPE_": 14, "CRASH_TYPE": "Pedestrian", "CRSH_LEVL": 1, "PRIMARY_CA": 8, "PRIMARY__1": "Failure to reduce speed", "SECONDARY_": "0", "SECONDARY1": " ", "LATITUDE": 35.280286, "LONGITUDE": -80.787012, "StreetID": null }, "geometry": { "type": "Point", "coordinates": [ -80.787008770544801, 35.280279104138202 ] } },
{ "type": "Feature", "properties": { "OBJECTID": 6660, "CRSH_ID": 1122893, "DATE_VAL_Y": 2021, "DATE_VAL_M": 10, "DATE_VAL_1": "October", "DATE_VAL_D": 21, "DAY_OF_WEE": 5, "DAY_OF_W_1": "Thursday", "MILT_TIME": 1213, "CASE_NUM": 20211021121302, "CRSH_TYPE_": 23, "CRASH_TYPE": "Left turn, same roadway", "CRSH_LEVL": 1, "PRIMARY_CA": 19, "PRIMARY__1": "Failed to yield right of way", "SECONDARY_": "0", "SECONDARY1": " ", "LATITUDE": 35.289668, "LONGITUDE": -80.966583, "StreetID": null }, "geometry": { "type": "Point", "coordinates": [ -80.966579717735101, 35.289661108975402 ] } },
{ "type": "Feature", "properties": { "OBJECTID": 6661, "CRSH_ID": 1209182, "DATE_VAL_Y": 2023, "DATE_VAL_M": 4, "DATE_VAL_1": "April", "DATE_VAL_D": 20, "DAY_OF_WEE": 5, "DAY_OF_W_1": "Thursday", "MILT_TIME": 356, "CASE_NUM": 20230420035601, "CRSH_TYPE_": 21, "CRASH_TYPE": "Rear end, slow or stop", "CRSH_LEVL": 1, "PRIMARY_CA": 29, "PRIMARY__1": "Operated defective equipment", "SECONDARY_": "0", "SECONDARY1": " ", "LATITUDE": 35.287616, "LONGITUDE": -80.760155, "StreetID": null }, "geometry": { "type": "Point", "coordinates": [ -80.760151779890293, 35.2876091018734 ] } },
{ "type": "Feature", "properties": { "OBJECTID": 6662, "CRSH_ID": 1130850, "DATE_VAL_Y": 2022, "DATE_VAL_M": 1, "DATE_VAL_1": "January", "DATE_VAL_D": 12, "DAY_OF_WEE": 4, "DAY_OF_W_1": "Wednesday", "MILT_TIME": 318, "CASE_NUM": 20220112031802, "CRSH_TYPE_": 2, "CRASH_TYPE": "Ran off road left", "CRSH_LEVL": 2, "PRIMARY_CA": 11, "PRIMARY__1": "Crossed centerline/going wrong way", "SECONDARY_": "0", "SECONDARY1": " ", "LATITUDE": 35.21942, "LONGITUDE": -80.7806, "StreetID": null }, "geometry": { "type": "Point", "coordinates": [ -80.780596778019202, 35.219413117090397 ] } },
{ "type": "Feature", "properties": { "OBJECTID": 6663, "CRSH_ID": 1234475, "DATE_VAL_Y": 2023, "DATE_VAL_M": 11, "DATE_VAL_1": "November", "DATE_VAL_D": 15, "DAY_OF_WEE": 4, "DAY_OF_W_1": "Wednesday", "MILT_TIME": 1309, "CASE_NUM": 20231113094701, "CRSH_TYPE_": 28, "CRASH_TYPE": "Sideswipe, same direction", "CRSH_LEVL": 2, "PRIMARY_CA": 20, "PRIMARY__1": "Inattention", "SECONDARY_": "0", "SECONDARY1": " ", "LATITUDE": 35.183513, "LONGITUDE": -80.754769, "StreetID": null }, "geometry": { "type": "Point", "coordinates": [ -80.754765786313001, 35.183506124346998 ] } },
{ "type": "Feature", "properties": { "OBJECTID": 6664, "CRSH_ID": 1133780, "DATE_VAL_Y": 2022, "DATE_VAL_M": 2, "DATE_VAL_1": "February", "DATE_VAL_D": 15, "DAY_OF_WEE": 3, "DAY_OF_W_1": "Tuesday", "MILT_TIME": 1717, "CASE_NUM": 20220215171703, "CRSH_TYPE_": 14, "CRASH_TYPE": "Pedestrian", "CRSH_LEVL": 2, "PRIMARY_CA": 37, "PRIMARY__1": "Driver distracted by other inside the vehicle", "SECONDARY_": "0", "SECONDARY1": " ", "LATITUDE": 35.219427, "LONGITUDE": -80.723027, "StreetID": null }, "geometry": { "type": "Point", "coordinates": [ -80.723023793072798, 35.219420115627102 ] } },
{ "type": "Feature", "properties": { "OBJECTID": 6665, "CRSH_ID": 1184133, "DATE_VAL_Y": 2022, "DATE_VAL_M": 12, "DATE_VAL_1": "December", "DATE_VAL_D": 3, "DAY_OF_WEE": 7, "DAY_OF_W_1": "Saturday", "MILT_TIME": 2111, "CASE_NUM": 20221203211102, "CRSH_TYPE_": 23, "CRASH_TYPE": "Left turn, same roadway", "CRSH_LEVL": 2, "PRIMARY_CA": 33, "PRIMARY__1": "Unable to determine", "SECONDARY_": "0", "SECONDARY1": " ", "LATITUDE": 35.292104, "LONGITUDE": -80.796501, "StreetID": null }, "geometry": { "type": "Point", "coordinates": [ -80.7964977691435, 35.292097101493198 ] } },
{ "type": "Feature", "properties": { "OBJECTID": 6666, "CRSH_ID": 1118751, "DATE_VAL_Y": 2021, "DATE_VAL_M": 9, "DATE_VAL_1": "September", "DATE_VAL_D": 11, "DAY_OF_WEE": 7, "DAY_OF_W_1": "Saturday", "MILT_TIME": 1832, "CASE_NUM": 20210911183203, "CRSH_TYPE_": 14, "CRASH_TYPE": "Pedestrian", "CRSH_LEVL": 2, "PRIMARY_CA": 20, "PRIMARY__1": "Inattention", "SECONDARY_": "0", "SECONDARY1": " ", "LATITUDE": 35.211511, "LONGITUDE": -80.760435, "StreetID": null }, "geometry": { "type": "Point", "coordinates": [ -80.760431783043302, 35.211504117921599 ] } },
{ "type": "Feature", "properties": { "OBJECTID": 6667, "CRSH_ID": 1224724, "DATE_VAL_Y": 2023, "DATE_VAL_M": 8, "DATE_VAL_1": "August", "DATE_VAL_D": 28, "DAY_OF_WEE": 2, "DAY_OF_W_1": "Monday", "MILT_TIME": 828, "CASE_NUM": 20230828082801, "CRSH_TYPE_": 21, "CRASH_TYPE": "Rear end, slow or stop", "CRSH_LEVL": 2, "PRIMARY_CA": 35, "PRIMARY__1": "Driver distracted by electronic communication device (cell phone, texting, etc.", "SECONDARY_": "0", "SECONDARY1": "None (no unusual conditions)", "LATITUDE": 35.1985, "LONGITUDE": -80.71859, "StreetID": null }, "geometry": { "type": "Point", "coordinates": [ -80.718586795946607, 35.198493118942501 ] } },
{ "type": "Feature", "properties": { "OBJECTID": 6668, "CRSH_ID": 1213763, "DATE_VAL_Y": 2023, "DATE_VAL_M": 5, "DATE_VAL_1": "May", "DATE_VAL_D": 29, "DAY_OF_WEE": 2, "DAY_OF_W_1": "Monday", "MILT_TIME": 2358, "CASE_NUM": 20230529235800, "CRSH_TYPE_": 2, "CRASH_TYPE": "Ran off road left", "CRSH_LEVL": 1, "PRIMARY_CA": 6, "PRIMARY__1": "Exceeded authorized speed limit", "SECONDARY_": "0", "SECONDARY1": " ", "LATITUDE": 35.16305, "LONGITUDE": -80.86926, "StreetID": null }, "geometry": { "type": "Point", "coordinates": [ -80.869256753665596, 35.163043132705397 ] } },
{ "type": "Feature", "properties": { "OBJECTID": 6669, "CRSH_ID": 1129684, "DATE_VAL_Y": 2021, "DATE_VAL_M": 12, "DATE_VAL_1": "December", "DATE_VAL_D": 29, "DAY_OF_WEE": 4, "DAY_OF_W_1": "Wednesday", "MILT_TIME": 1151, "CASE_NUM": 20211229115101, "CRSH_TYPE_": 1, "CRASH_TYPE": "Ran off road right", "CRSH_LEVL": 2, "PRIMARY_CA": 32, "PRIMARY__1": "Other*", "SECONDARY_": "0", "SECONDARY1": " ", "LATITUDE": 35.306181, "LONGITUDE": -80.854754, "StreetID": null }, "geometry": { "type": "Point", "coordinates": [ -80.854750750996104, 35.306174101746102 ] } },
{ "type": "Feature", "properties": { "OBJECTID": 6670, "CRSH_ID": 1279565, "DATE_VAL_Y": 2024, "DATE_VAL_M": 11, "DATE_VAL_1": "November", "DATE_VAL_D": 19, "DAY_OF_WEE": 3, "DAY_OF_W_1": "Tuesday", "MILT_TIME": 543, "CASE_NUM": 20241119054301, "CRSH_TYPE_": 2, "CRASH_TYPE": "Ran off road left", "CRSH_LEVL": 2, "PRIMARY_CA": 0, "PRIMARY__1": "No contributing circumstance indicated", "SECONDARY_": "0", "SECONDARY1": " ", "LATITUDE": 35.087395, "LONGITUDE": -80.992644, "StreetID": null }, "geometry": { "type": "Point", "coordinates": [ -80.992640721991094, 35.0873881536263 ] } },
{ "type": "Feature", "properties": { "OBJECTID": 6671, "CRSH_ID": 2244270, "DATE_VAL_Y": 2023, "DATE_VAL_M": 12, "DATE_VAL_1": "December", "DATE_VAL_D": 31, "DAY_OF_WEE": 1, "DAY_OF_W_1": "Sunday", "MILT_TIME": 8, "CASE_NUM": 20231231000802, "CRSH_TYPE_": 14, "CRASH_TYPE": "Pedestrian", "CRSH_LEVL": 1, "PRIMARY_CA": 4, "PRIMARY__1": "Disregarded traffic signals", "SECONDARY_": "0", "SECONDARY1": " ", "LATITUDE": 35.206739, "LONGITUDE": -80.758171, "StreetID": null }, "geometry": { "type": "Point", "coordinates": [ -80.758167784196502, 35.206732118517003 ] } },
{ "type": "Feature", "properties": { "OBJECTID": 6672, "CRSH_ID": 1277056, "DATE_VAL_Y": 2024, "DATE_VAL_M": 10, "DATE_VAL_1": "October", "DATE_VAL_D": 26, "DAY_OF_WEE": 7, "DAY_OF_W_1": "Saturday", "MILT_TIME": 2011, "CASE_NUM": 20241026201101, "CRSH_TYPE_": 24, "CRASH_TYPE": "Left turn, different roadways", "CRSH_LEVL": 1, "PRIMARY_CA": 34, "PRIMARY__1": "Unknown", "SECONDARY_": "0", "SECONDARY1": " ", "LATITUDE": 35.247443, "LONGITUDE": -80.94582, "StreetID": null }, "geometry": { "type": "Point", "coordinates": [ -80.945816725484306, 35.247436116669199 ] } },
{ "type": "Feature", "properties": { "OBJECTID": 6673, "CRSH_ID": 1044800, "DATE_VAL_Y": 2020, "DATE_VAL_M": 9, "DATE_VAL_1": "September", "DATE_VAL_D": 13, "DAY_OF_WEE": 1, "DAY_OF_W_1": "Sunday", "MILT_TIME": 1620, "CASE_NUM": 20200913162002, "CRSH_TYPE_": 21, "CRASH_TYPE": "Rear end, slow or stop", "CRSH_LEVL": 2, "PRIMARY_CA": 20, "PRIMARY__1": "Inattention", "SECONDARY_": "0", "SECONDARY1": " ", "LATITUDE": 35.317618, "LONGITUDE": -80.824656, "StreetID": null }, "geometry": { "type": "Point", "coordinates": [ -80.824652758073896, 35.3176110975892 ] } },
{ "type": "Feature", "properties": { "OBJECTID": 6674, "CRSH_ID": 1265618, "DATE_VAL_Y": 2024, "DATE_VAL_M": 8, "DATE_VAL_1": "August", "DATE_VAL_D": 4, "DAY_OF_WEE": 1, "DAY_OF_W_1": "Sunday", "MILT_TIME": 1103, "CASE_NUM": 20240804110301, "CRSH_TYPE_": 1, "CRASH_TYPE": "Ran off road right", "CRSH_LEVL": 2, "PRIMARY_CA": 34, "PRIMARY__1": "Unknown", "SECONDARY_": "0", "SECONDARY1": " ", "LATITUDE": 35.263366, "LONGITUDE": -80.734685, "StreetID": null }, "geometry": { "type": "Point", "coordinates": [ -80.734681788749299, 35.263359106839999 ] } },
{ "type": "Feature", "properties": { "OBJECTID": 6675, "CRSH_ID": 1235879, "DATE_VAL_Y": 2023, "DATE_VAL_M": 11, "DATE_VAL_1": "November", "DATE_VAL_D": 23, "DAY_OF_WEE": 5, "DAY_OF_W_1": "Thursday", "MILT_TIME": 550, "CASE_NUM": 20231123055001, "CRSH_TYPE_": 23, "CRASH_TYPE": "Left turn, same roadway", "CRSH_LEVL": 2, "PRIMARY_CA": 4, "PRIMARY__1": "Disregarded traffic signals", "SECONDARY_": "0", "SECONDARY1": " ", "LATITUDE": 35.26203, "LONGITUDE": -80.87851, "StreetID": null }, "geometry": { "type": "Point", "coordinates": [ -80.878506744562898, 35.262023112244599 ] } },
{ "type": "Feature", "properties": { "OBJECTID": 6676, "CRSH_ID": 1039997, "DATE_VAL_Y": 2020, "DATE_VAL_M": 6, "DATE_VAL_1": "June", "DATE_VAL_D": 27, "DAY_OF_WEE": 7, "DAY_OF_W_1": "Saturday", "MILT_TIME": 1604, "CASE_NUM": 20200627160402, "CRSH_TYPE_": 48, "CRASH_TYPE": "Median barrier face (non-guardrail)", "CRSH_LEVL": 1, "PRIMARY_CA": 6, "PRIMARY__1": "Exceeded authorized speed limit", "SECONDARY_": "0", "SECONDARY1": " ", "LATITUDE": 35.175003, "LONGITUDE": -80.718294, "StreetID": null }, "geometry": { "type": "Point", "coordinates": [ -80.7182907970857, 35.174996124538801 ] } },
{ "type": "Feature", "properties": { "OBJECTID": 6677, "CRSH_ID": 1232085, "DATE_VAL_Y": 2023, "DATE_VAL_M": 10, "DATE_VAL_1": "October", "DATE_VAL_D": 24, "DAY_OF_WEE": 3, "DAY_OF_W_1": "Tuesday", "MILT_TIME": 2048, "CASE_NUM": 20231024204801, "CRSH_TYPE_": 14, "CRASH_TYPE": "Pedestrian", "CRSH_LEVL": 2, "PRIMARY_CA": 34, "PRIMARY__1": "Unknown", "SECONDARY_": "0", "SECONDARY1": " ", "LATITUDE": 35.24952, "LONGITUDE": -80.78106, "StreetID": null }, "geometry": { "type": "Point", "coordinates": [ -80.781056776464396, 35.249513110018498 ] } },
{ "type": "Feature", "properties": { "OBJECTID": 6678, "CRSH_ID": 1267287, "DATE_VAL_Y": 2024, "DATE_VAL_M": 8, "DATE_VAL_1": "August", "DATE_VAL_D": 19, "DAY_OF_WEE": 2, "DAY_OF_W_1": "Monday", "MILT_TIME": 2106, "CASE_NUM": 20240819210602, "CRSH_TYPE_": 21, "CRASH_TYPE": "Rear end, slow or stop", "CRSH_LEVL": 2, "PRIMARY_CA": 8, "PRIMARY__1": "Failure to reduce speed", "SECONDARY_": "0", "SECONDARY1": "None (no unusual conditions)", "LATITUDE": 35.201347, "LONGITUDE": -80.866033, "StreetID": null }, "geometry": { "type": "Point", "coordinates": [ -80.866029753223501, 35.201340124213203 ] } },
{ "type": "Feature", "properties": { "OBJECTID": 6679, "CRSH_ID": 1048794, "DATE_VAL_Y": 2020, "DATE_VAL_M": 10, "DATE_VAL_1": "October", "DATE_VAL_D": 2, "DAY_OF_WEE": 6, "DAY_OF_W_1": "Friday", "MILT_TIME": 1134, "CASE_NUM": 20201002113403, "CRSH_TYPE_": 30, "CRASH_TYPE": "Angle", "CRSH_LEVL": 2, "PRIMARY_CA": 4, "PRIMARY__1": "Disregarded traffic signals", "SECONDARY_": "0", "SECONDARY1": " ", "LATITUDE": 35.165017, "LONGITUDE": -80.850261, "StreetID": null }, "geometry": { "type": "Point", "coordinates": [ -80.850257759102206, 35.165010130564603 ] } },
{ "type": "Feature", "properties": { "OBJECTID": 6680, "CRSH_ID": 1260254, "DATE_VAL_Y": 2024, "DATE_VAL_M": 6, "DATE_VAL_1": "June", "DATE_VAL_D": 14, "DAY_OF_WEE": 6, "DAY_OF_W_1": "Friday", "MILT_TIME": 1533, "CASE_NUM": 20240614153302, "CRSH_TYPE_": 17, "CRASH_TYPE": "Animal", "CRSH_LEVL": 2, "PRIMARY_CA": 8, "PRIMARY__1": "Failure to reduce speed", "SECONDARY_": "0", "SECONDARY1": " ", "LATITUDE": 35.244323, "LONGITUDE": -80.737609, "StreetID": null }, "geometry": { "type": "Point", "coordinates": [ -80.737605788721694, 35.244316110472298 ] } },
{ "type": "Feature", "properties": { "OBJECTID": 6681, "CRSH_ID": 1087295, "DATE_VAL_Y": 2021, "DATE_VAL_M": 3, "DATE_VAL_1": "March", "DATE_VAL_D": 18, "DAY_OF_WEE": 5, "DAY_OF_W_1": "Thursday", "MILT_TIME": 2036, "CASE_NUM": 20210318203601, "CRSH_TYPE_": 2, "CRASH_TYPE": "Ran off road left", "CRSH_LEVL": 1, "PRIMARY_CA": 6, "PRIMARY__1": "Exceeded authorized speed limit", "SECONDARY_": "0", "SECONDARY1": " ", "LATITUDE": 35.14123, "LONGITUDE": -80.96708, "StreetID": null }, "geometry": { "type": "Point", "coordinates": [ -80.967076726325999, 35.141223139626298 ] } },
{ "type": "Feature", "properties": { "OBJECTID": 6682, "CRSH_ID": 1039601, "DATE_VAL_Y": 2020, "DATE_VAL_M": 8, "DATE_VAL_1": "August", "DATE_VAL_D": 9, "DAY_OF_WEE": 1, "DAY_OF_W_1": "Sunday", "MILT_TIME": 2335, "CASE_NUM": 20200809233500, "CRSH_TYPE_": 23, "CRASH_TYPE": "Left turn, same roadway", "CRSH_LEVL": 2, "PRIMARY_CA": 11, "PRIMARY__1": "Crossed centerline/going wrong way", "SECONDARY_": "0", "SECONDARY1": " ", "LATITUDE": 35.214269, "LONGITUDE": -80.772079, "StreetID": null }, "geometry": { "type": "Point", "coordinates": [ -80.772075779409903, 35.214262118000804 ] } },
{ "type": "Feature", "properties": { "OBJECTID": 6683, "CRSH_ID": 1205095, "DATE_VAL_Y": 2023, "DATE_VAL_M": 3, "DATE_VAL_1": "March", "DATE_VAL_D": 18, "DAY_OF_WEE": 7, "DAY_OF_W_1": "Saturday", "MILT_TIME": 1906, "CASE_NUM": 20230318190602, "CRSH_TYPE_": 21, "CRASH_TYPE": "Rear end, slow or stop", "CRSH_LEVL": 1, "PRIMARY_CA": 6, "PRIMARY__1": "Exceeded authorized speed limit", "SECONDARY_": "0", "SECONDARY1": " ", "LATITUDE": 35.21745, "LONGITUDE": -80.79302, "StreetID": null }, "geometry": { "type": "Point", "coordinates": [ -80.793016773092901, 35.217443118145603 ] } },
{ "type": "Feature", "properties": { "OBJECTID": 6684, "CRSH_ID": 1235928, "DATE_VAL_Y": 2023, "DATE_VAL_M": 11, "DATE_VAL_1": "November", "DATE_VAL_D": 24, "DAY_OF_WEE": 6, "DAY_OF_W_1": "Friday", "MILT_TIME": 620, "CASE_NUM": 20231124062000, "CRSH_TYPE_": 14, "CRASH_TYPE": "Pedestrian", "CRSH_LEVL": 2, "PRIMARY_CA": 33, "PRIMARY__1": "Unable to determine", "SECONDARY_": "0", "SECONDARY1": " ", "LATITUDE": 35.309969, "LONGITUDE": -80.838884, "StreetID": null }, "geometry": { "type": "Point", "coordinates": [ -80.838880754332806, 35.309962099518401 ] } },
{ "type": "Feature", "properties": { "OBJECTID": 6685, "CRSH_ID": 1264050, "DATE_VAL_Y": 2024, "DATE_VAL_M": 7, "DATE_VAL_1": "July", "DATE_VAL_D": 14, "DAY_OF_WEE": 1, "DAY_OF_W_1": "Sunday", "MILT_TIME": 107, "CASE_NUM": 20240714010701, "CRSH_TYPE_": 14, "CRASH_TYPE": "Pedestrian", "CRSH_LEVL": 2, "PRIMARY_CA": 0, "PRIMARY__1": "No contributing circumstance indicated", "SECONDARY_": "0", "SECONDARY1": " ", "LATITUDE": 35.224819, "LONGITUDE": -80.8408, "StreetID": null }, "geometry": { "type": "Point", "coordinates": [ -80.840796758776804, 35.224812118339898 ] } },
{ "type": "Feature", "properties": { "OBJECTID": 6686, "CRSH_ID": 1173950, "DATE_VAL_Y": 2022, "DATE_VAL_M": 9, "DATE_VAL_1": "September", "DATE_VAL_D": 16, "DAY_OF_WEE": 6, "DAY_OF_W_1": "Friday", "MILT_TIME": 2039, "CASE_NUM": 20220916203905, "CRSH_TYPE_": 21, "CRASH_TYPE": "Rear end, slow or stop", "CRSH_LEVL": 2, "PRIMARY_CA": 33, "PRIMARY__1": "Unable to determine", "SECONDARY_": "0", "SECONDARY1": " ", "LATITUDE": 35.147079, "LONGITUDE": -80.724386, "StreetID": null }, "geometry": { "type": "Point", "coordinates": [ -80.724382797405198, 35.147072130470903 ] } },
{ "type": "Feature", "properties": { "OBJECTID": 6687, "CRSH_ID": 1284562, "DATE_VAL_Y": 2024, "DATE_VAL_M": 12, "DATE_VAL_1": "December", "DATE_VAL_D": 31, "DAY_OF_WEE": 3, "DAY_OF_W_1": "Tuesday", "MILT_TIME": 2102, "CASE_NUM": 20241231210202, "CRSH_TYPE_": 28, "CRASH_TYPE": "Sideswipe, same direction", "CRSH_LEVL": 2, "PRIMARY_CA": 33, "PRIMARY__1": "Unable to determine", "SECONDARY_": "0", "SECONDARY1": "None (no unusual conditions)", "LATITUDE": 35.237541, "LONGITUDE": -80.737609, "StreetID": null }, "geometry": { "type": "Point", "coordinates": [ -80.737605788058005, 35.237534112530497 ] } },
{ "type": "Feature", "properties": { "OBJECTID": 6688, "CRSH_ID": 1196347, "DATE_VAL_Y": 2022, "DATE_VAL_M": 12, "DATE_VAL_1": "December", "DATE_VAL_D": 31, "DAY_OF_WEE": 7, "DAY_OF_W_1": "Saturday", "MILT_TIME": 1751, "CASE_NUM": 20221231175100, "CRSH_TYPE_": 14, "CRASH_TYPE": "Pedestrian", "CRSH_LEVL": 2, "PRIMARY_CA": 0, "PRIMARY__1": "No contributing circumstance indicated", "SECONDARY_": "0", "SECONDARY1": " ", "LATITUDE": 35.236367, "LONGITUDE": -80.830671, "StreetID": null }, "geometry": { "type": "Point", "coordinates": [ -80.830667760469396, 35.236360115294801 ] } },
{ "type": "Feature", "properties": { "OBJECTID": 6689, "CRSH_ID": 1183784, "DATE_VAL_Y": 2022, "DATE_VAL_M": 9, "DATE_VAL_1": "September", "DATE_VAL_D": 27, "DAY_OF_WEE": 3, "DAY_OF_W_1": "Tuesday", "MILT_TIME": 230, "CASE_NUM": 20220927023200, "CRSH_TYPE_": 14, "CRASH_TYPE": "Pedestrian", "CRSH_LEVL": 2, "PRIMARY_CA": 6, "PRIMARY__1": "Exceeded authorized speed limit", "SECONDARY_": "0", "SECONDARY1": " ", "LATITUDE": 35.159737, "LONGITUDE": -80.951431, "StreetID": null }, "geometry": { "type": "Point", "coordinates": [ -80.951427729086703, 35.159730136702898 ] } },
{ "type": "Feature", "properties": { "OBJECTID": 6690, "CRSH_ID": 1052979, "DATE_VAL_Y": 2020, "DATE_VAL_M": 10, "DATE_VAL_1": "October", "DATE_VAL_D": 7, "DAY_OF_WEE": 4, "DAY_OF_W_1": "Wednesday", "MILT_TIME": 1756, "CASE_NUM": 20201007175605, "CRSH_TYPE_": 14, "CRASH_TYPE": "Pedestrian", "CRSH_LEVL": 2, "PRIMARY_CA": 0, "PRIMARY__1": "No contributing circumstance indicated", "SECONDARY_": "0", "SECONDARY1": " ", "LATITUDE": 35.182065, "LONGITUDE": -80.754986, "StreetID": null }, "geometry": { "type": "Point", "coordinates": [ -80.754982787340495, 35.182058124700198 ] } },
{ "type": "Feature", "properties": { "OBJECTID": 6691, "CRSH_ID": 1214961, "DATE_VAL_Y": 2023, "DATE_VAL_M": 6, "DATE_VAL_1": "June", "DATE_VAL_D": 7, "DAY_OF_WEE": 4, "DAY_OF_W_1": "Wednesday", "MILT_TIME": 1656, "CASE_NUM": 20230607165602, "CRSH_TYPE_": 23, "CRASH_TYPE": "Left turn, same roadway", "CRSH_LEVL": 2, "PRIMARY_CA": 19, "PRIMARY__1": "Failed to yield right of way", "SECONDARY_": "0", "SECONDARY1": " ", "LATITUDE": 35.191394, "LONGITUDE": -80.777124, "StreetID": null }, "geometry": { "type": "Point", "coordinates": [ -80.777120780419807, 35.191387122490497 ] } },
{ "type": "Feature", "properties": { "OBJECTID": 6692, "CRSH_ID": 1257819, "DATE_VAL_Y": 2024, "DATE_VAL_M": 5, "DATE_VAL_1": "May", "DATE_VAL_D": 26, "DAY_OF_WEE": 1, "DAY_OF_W_1": "Sunday", "MILT_TIME": 224, "CASE_NUM": 20240526022401, "CRSH_TYPE_": 2, "CRASH_TYPE": "Ran off road left", "CRSH_LEVL": 2, "PRIMARY_CA": 26, "PRIMARY__1": "Operated vehicle in erratic, reckless, careless, negligent or aggressive manner", "SECONDARY_": "0", "SECONDARY1": " ", "LATITUDE": 35.233639, "LONGITUDE": -80.848577, "StreetID": null }, "geometry": { "type": "Point", "coordinates": [ -80.848573756939203, 35.2336321171883 ] } },
{ "type": "Feature", "properties": { "OBJECTID": 6693, "CRSH_ID": 1120801, "DATE_VAL_Y": 2021, "DATE_VAL_M": 10, "DATE_VAL_1": "October", "DATE_VAL_D": 1, "DAY_OF_WEE": 6, "DAY_OF_W_1": "Friday", "MILT_TIME": 2, "CASE_NUM": 20211001000203, "CRSH_TYPE_": 23, "CRASH_TYPE": "Left turn, same roadway", "CRSH_LEVL": 2, "PRIMARY_CA": 19, "PRIMARY__1": "Failed to yield right of way", "SECONDARY_": "0", "SECONDARY1": " ", "LATITUDE": 35.171217, "LONGITUDE": -80.808283, "StreetID": null }, "geometry": { "type": "Point", "coordinates": [ -80.808279770310605, 35.171210127747003 ] } },
{ "type": "Feature", "properties": { "OBJECTID": 6694, "CRSH_ID": 1264618, "DATE_VAL_Y": 2024, "DATE_VAL_M": 7, "DATE_VAL_1": "July", "DATE_VAL_D": 20, "DAY_OF_WEE": 7, "DAY_OF_W_1": "Saturday", "MILT_TIME": 2140, "CASE_NUM": 20240720214001, "CRSH_TYPE_": 27, "CRASH_TYPE": "Head on", "CRSH_LEVL": 1, "PRIMARY_CA": 11, "PRIMARY__1": "Crossed centerline/going wrong way", "SECONDARY_": "0", "SECONDARY1": " ", "LATITUDE": 35.193768, "LONGITUDE": -80.782635, "StreetID": null }, "geometry": { "type": "Point", "coordinates": [ -80.782631778332998, 35.193761122606702 ] } },
{ "type": "Feature", "properties": { "OBJECTID": 6695, "CRSH_ID": 1020252, "DATE_VAL_Y": 2020, "DATE_VAL_M": 5, "DATE_VAL_1": "May", "DATE_VAL_D": 2, "DAY_OF_WEE": 7, "DAY_OF_W_1": "Saturday", "MILT_TIME": 2230, "CASE_NUM": 20200502223004, "CRSH_TYPE_": 23, "CRASH_TYPE": "Left turn, same roadway", "CRSH_LEVL": 2, "PRIMARY_CA": 19, "PRIMARY__1": "Failed to yield right of way", "SECONDARY_": "0", "SECONDARY1": " ", "LATITUDE": 35.174748, "LONGITUDE": -80.895763, "StreetID": null }, "geometry": { "type": "Point", "coordinates": [ -80.895759744831594, 35.174741130723397 ] } },
{ "type": "Feature", "properties": { "OBJECTID": 6696, "CRSH_ID": 1115471, "DATE_VAL_Y": 2021, "DATE_VAL_M": 8, "DATE_VAL_1": "August", "DATE_VAL_D": 1, "DAY_OF_WEE": 1, "DAY_OF_W_1": "Sunday", "MILT_TIME": 227, "CASE_NUM": 20210801022703, "CRSH_TYPE_": 1, "CRASH_TYPE": "Ran off road right", "CRSH_LEVL": 1, "PRIMARY_CA": 6, "PRIMARY__1": "Exceeded authorized speed limit", "SECONDARY_": "0", "SECONDARY1": " ", "LATITUDE": 35.190442, "LONGITUDE": -80.818931, "StreetID": null }, "geometry": { "type": "Point", "coordinates": [ -80.818927766685107, 35.190435124069197 ] } },
{ "type": "Feature", "properties": { "OBJECTID": 6697, "CRSH_ID": 1133291, "DATE_VAL_Y": 2022, "DATE_VAL_M": 2, "DATE_VAL_1": "February", "DATE_VAL_D": 11, "DAY_OF_WEE": 6, "DAY_OF_W_1": "Friday", "MILT_TIME": 243, "CASE_NUM": 20220211024300, "CRSH_TYPE_": 1, "CRASH_TYPE": "Ran off road right", "CRSH_LEVL": 1, "PRIMARY_CA": 6, "PRIMARY__1": "Exceeded authorized speed limit", "SECONDARY_": "0", "SECONDARY1": " ", "LATITUDE": 35.031686, "LONGITUDE": -80.814962, "StreetID": null }, "geometry": { "type": "Point", "coordinates": [ -80.814958776477198, 35.031679159018097 ] } },
{ "type": "Feature", "properties": { "OBJECTID": 6698, "CRSH_ID": 1126091, "DATE_VAL_Y": 2021, "DATE_VAL_M": 11, "DATE_VAL_1": "November", "DATE_VAL_D": 19, "DAY_OF_WEE": 6, "DAY_OF_W_1": "Friday", "MILT_TIME": 837, "CASE_NUM": 20211119083701, "CRSH_TYPE_": 14, "CRASH_TYPE": "Pedestrian", "CRSH_LEVL": 1, "PRIMARY_CA": 20, "PRIMARY__1": "Inattention", "SECONDARY_": "0", "SECONDARY1": " ", "LATITUDE": 35.260201, "LONGITUDE": -80.818644, "StreetID": null }, "geometry": { "type": "Point", "coordinates": [ -80.818640763707094, 35.260194109156302 ] } },
{ "type": "Feature", "properties": { "OBJECTID": 6699, "CRSH_ID": 1012202, "DATE_VAL_Y": 2020, "DATE_VAL_M": 4, "DATE_VAL_1": "April", "DATE_VAL_D": 3, "DAY_OF_WEE": 6, "DAY_OF_W_1": "Friday", "MILT_TIME": 1526, "CASE_NUM": 20200403152606, "CRSH_TYPE_": 2, "CRASH_TYPE": "Ran off road left", "CRSH_LEVL": 2, "PRIMARY_CA": 0, "PRIMARY__1": "No contributing circumstance indicated", "SECONDARY_": "0", "SECONDARY1": " ", "LATITUDE": 35.24583, "LONGITUDE": -80.781164, "StreetID": null }, "geometry": { "type": "Point", "coordinates": [ -80.781160775020098, 35.245823112432298 ] } },
{ "type": "Feature", "properties": { "OBJECTID": 6700, "CRSH_ID": 1020997, "DATE_VAL_Y": 2020, "DATE_VAL_M": 5, "DATE_VAL_1": "May", "DATE_VAL_D": 19, "DAY_OF_WEE": 3, "DAY_OF_W_1": "Tuesday", "MILT_TIME": 1751, "CASE_NUM": 20200519175101, "CRSH_TYPE_": 1, "CRASH_TYPE": "Ran off road right", "CRSH_LEVL": 2, "PRIMARY_CA": 0, "PRIMARY__1": "No contributing circumstance indicated", "SECONDARY_": "0", "SECONDARY1": " ", "LATITUDE": 35.167079, "LONGITUDE": -80.908336, "StreetID": null }, "geometry": { "type": "Point", "coordinates": [ -80.908332741722504, 35.167072132388299 ] } },
{ "type": "Feature", "properties": { "OBJECTID": 6701, "CRSH_ID": 1243210, "DATE_VAL_Y": 2024, "DATE_VAL_M": 1, "DATE_VAL_1": "January", "DATE_VAL_D": 24, "DAY_OF_WEE": 4, "DAY_OF_W_1": "Wednesday", "MILT_TIME": 2113, "CASE_NUM": 20240124211300, "CRSH_TYPE_": 1, "CRASH_TYPE": "Ran off road right", "CRSH_LEVL": 2, "PRIMARY_CA": 31, "PRIMARY__1": "Drug use", "SECONDARY_": "0", "SECONDARY1": " ", "LATITUDE": 35.206847, "LONGITUDE": -80.713614, "StreetID": null }, "geometry": { "type": "Point", "coordinates": [ -80.713610798483501, 35.206840117983702 ] } },
{ "type": "Feature", "properties": { "OBJECTID": 6702, "CRSH_ID": 2244259, "DATE_VAL_Y": 2021, "DATE_VAL_M": 7, "DATE_VAL_1": "July", "DATE_VAL_D": 31, "DAY_OF_WEE": 7, "DAY_OF_W_1": "Saturday", "MILT_TIME": 258, "CASE_NUM": 20210731025800, "CRSH_TYPE_": 14, "CRASH_TYPE": "Pedestrian", "CRSH_LEVL": 1, "PRIMARY_CA": 33, "PRIMARY__1": "Unable to determine", "SECONDARY_": "0", "SECONDARY1": " ", "LATITUDE": 35.265227, "LONGITUDE": -80.881276, "StreetID": null }, "geometry": { "type": "Point", "coordinates": [ -80.881272744164207, 35.265220110144199 ] } },
{ "type": "Feature", "properties": { "OBJECTID": 6703, "CRSH_ID": 1132251, "DATE_VAL_Y": 2022, "DATE_VAL_M": 1, "DATE_VAL_1": "January", "DATE_VAL_D": 30, "DAY_OF_WEE": 1, "DAY_OF_W_1": "Sunday", "MILT_TIME": 1918, "CASE_NUM": 20220130191800, "CRSH_TYPE_": 30, "CRASH_TYPE": "Angle", "CRSH_LEVL": 1, "PRIMARY_CA": 4, "PRIMARY__1": "Disregarded traffic signals", "SECONDARY_": "0", "SECONDARY1": " ", "LATITUDE": 35.087482, "LONGITUDE": -80.811888, "StreetID": null }, "geometry": { "type": "Point", "coordinates": [ -80.811884774465796, 35.087475145785199 ] } },
{ "type": "Feature", "properties": { "OBJECTID": 6704, "CRSH_ID": 1196400, "DATE_VAL_Y": 2023, "DATE_VAL_M": 1, "DATE_VAL_1": "January", "DATE_VAL_D": 1, "DAY_OF_WEE": 1, "DAY_OF_W_1": "Sunday", "MILT_TIME": 128, "CASE_NUM": 20230101012801, "CRSH_TYPE_": 23, "CRASH_TYPE": "Left turn, same roadway", "CRSH_LEVL": 1, "PRIMARY_CA": 6, "PRIMARY__1": "Exceeded authorized speed limit", "SECONDARY_": "0", "SECONDARY1": " ", "LATITUDE": 35.226619, "LONGITUDE": -80.747311, "StreetID": null }, "geometry": { "type": "Point", "coordinates": [ -80.747307787074504, 35.226612114004098 ] } },
{ "type": "Feature", "properties": { "OBJECTID": 6705, "CRSH_ID": 1115467, "DATE_VAL_Y": 2021, "DATE_VAL_M": 7, "DATE_VAL_1": "July", "DATE_VAL_D": 31, "DAY_OF_WEE": 7, "DAY_OF_W_1": "Saturday", "MILT_TIME": 46, "CASE_NUM": 20210731004602, "CRSH_TYPE_": 14, "CRASH_TYPE": "Pedestrian", "CRSH_LEVL": 1, "PRIMARY_CA": 6, "PRIMARY__1": "Exceeded authorized speed limit", "SECONDARY_": "0", "SECONDARY1": " ", "LATITUDE": 35.215875, "LONGITUDE": -80.8848, "StreetID": null }, "geometry": { "type": "Point", "coordinates": [ -80.884796746190602, 35.215868121069903 ] } },
{ "type": "Feature", "properties": { "OBJECTID": 6706, "CRSH_ID": 1195853, "DATE_VAL_Y": 2022, "DATE_VAL_M": 12, "DATE_VAL_1": "December", "DATE_VAL_D": 27, "DAY_OF_WEE": 3, "DAY_OF_W_1": "Tuesday", "MILT_TIME": 849, "CASE_NUM": 20221227083500, "CRSH_TYPE_": 2, "CRASH_TYPE": "Ran off road left", "CRSH_LEVL": 1, "PRIMARY_CA": 6, "PRIMARY__1": "Exceeded authorized speed limit", "SECONDARY_": "0", "SECONDARY1": " ", "LATITUDE": 35.211792, "LONGITUDE": -80.895577, "StreetID": null }, "geometry": { "type": "Point", "coordinates": [ -80.895573743646196, 35.211785123295101 ] } },
{ "type": "Feature", "properties": { "OBJECTID": 6707, "CRSH_ID": 1059798, "DATE_VAL_Y": 2020, "DATE_VAL_M": 11, "DATE_VAL_1": "November", "DATE_VAL_D": 22, "DAY_OF_WEE": 1, "DAY_OF_W_1": "Sunday", "MILT_TIME": 1741, "CASE_NUM": 20201122174103, "CRSH_TYPE_": 29, "CRASH_TYPE": "Sideswipe, opposite direction", "CRSH_LEVL": 2, "PRIMARY_CA": 11, "PRIMARY__1": "Crossed centerline/going wrong way", "SECONDARY_": "0", "SECONDARY1": " ", "LATITUDE": 35.299174, "LONGITUDE": -80.980849, "StreetID": null }, "geometry": { "type": "Point", "coordinates": [ -80.980845713251995, 35.299167108343497 ] } },
{ "type": "Feature", "properties": { "OBJECTID": 6708, "CRSH_ID": 1051718, "DATE_VAL_Y": 2020, "DATE_VAL_M": 9, "DATE_VAL_1": "September", "DATE_VAL_D": 6, "DAY_OF_WEE": 1, "DAY_OF_W_1": "Sunday", "MILT_TIME": 426, "CASE_NUM": 20200906042600, "CRSH_TYPE_": 27, "CRASH_TYPE": "Head on", "CRSH_LEVL": 1, "PRIMARY_CA": 0, "PRIMARY__1": "No contributing circumstance indicated", "SECONDARY_": "0", "SECONDARY1": " ", "LATITUDE": 35.13783, "LONGITUDE": -80.879305, "StreetID": null }, "geometry": { "type": "Point", "coordinates": [ -80.879301751290299, 35.137823137538497 ] } },
{ "type": "Feature", "properties": { "OBJECTID": 6709, "CRSH_ID": 1081088, "DATE_VAL_Y": 2021, "DATE_VAL_M": 3, "DATE_VAL_1": "March", "DATE_VAL_D": 4, "DAY_OF_WEE": 5, "DAY_OF_W_1": "Thursday", "MILT_TIME": 1805, "CASE_NUM": 20210304180502, "CRSH_TYPE_": 21, "CRASH_TYPE": "Rear end, slow or stop", "CRSH_LEVL": 1, "PRIMARY_CA": 6, "PRIMARY__1": "Exceeded authorized speed limit", "SECONDARY_": "0", "SECONDARY1": " ", "LATITUDE": 35.209432, "LONGITUDE": -80.703615, "StreetID": null }, "geometry": { "type": "Point", "coordinates": [ -80.703611801316697, 35.209425116740199 ] } },
{ "type": "Feature", "properties": { "OBJECTID": 6710, "CRSH_ID": 1289353, "DATE_VAL_Y": 2024, "DATE_VAL_M": 11, "DATE_VAL_1": "November", "DATE_VAL_D": 19, "DAY_OF_WEE": 3, "DAY_OF_W_1": "Tuesday", "MILT_TIME": 1923, "CASE_NUM": 20241119192301, "CRSH_TYPE_": 23, "CRASH_TYPE": "Left turn, same roadway", "CRSH_LEVL": 2, "PRIMARY_CA": 19, "PRIMARY__1": "Failed to yield right of way", "SECONDARY_": "0", "SECONDARY1": " ", "LATITUDE": 35.10078, "LONGITUDE": -80.992766, "StreetID": null }, "geometry": { "type": "Point", "coordinates": [ -80.992762719557504, 35.100773150296902 ] } },
{ "type": "Feature", "properties": { "OBJECTID": 6711, "CRSH_ID": 1098640, "DATE_VAL_Y": 2021, "DATE_VAL_M": 5, "DATE_VAL_1": "May", "DATE_VAL_D": 22, "DAY_OF_WEE": 7, "DAY_OF_W_1": "Saturday", "MILT_TIME": 1037, "CASE_NUM": 20210522103701, "CRSH_TYPE_": 5, "CRASH_TYPE": "Overturn/rollover", "CRSH_LEVL": 2, "PRIMARY_CA": 32, "PRIMARY__1": "Other*", "SECONDARY_": "0", "SECONDARY1": " ", "LATITUDE": 35.175756, "LONGITUDE": -80.909946, "StreetID": null }, "geometry": { "type": "Point", "coordinates": [ -80.909942740767207, 35.175749131416701 ] } },
{ "type": "Feature", "properties": { "OBJECTID": 6712, "CRSH_ID": 1216995, "DATE_VAL_Y": 2023, "DATE_VAL_M": 6, "DATE_VAL_1": "June", "DATE_VAL_D": 24, "DAY_OF_WEE": 7, "DAY_OF_W_1": "Saturday", "MILT_TIME": 2220, "CASE_NUM": 20230624222300, "CRSH_TYPE_": 27, "CRASH_TYPE": "Head on", "CRSH_LEVL": 2, "PRIMARY_CA": 6, "PRIMARY__1": "Exceeded authorized speed limit", "SECONDARY_": "0", "SECONDARY1": " ", "LATITUDE": 35.17216, "LONGITUDE": -80.82313, "StreetID": null }, "geometry": { "type": "Point", "coordinates": [ -80.8231267678309, 35.172153128844201 ] } },
{ "type": "Feature", "properties": { "OBJECTID": 6713, "CRSH_ID": 1256222, "DATE_VAL_Y": 2024, "DATE_VAL_M": 5, "DATE_VAL_1": "May", "DATE_VAL_D": 11, "DAY_OF_WEE": 7, "DAY_OF_W_1": "Saturday", "MILT_TIME": 1852, "CASE_NUM": 20240511185200, "CRSH_TYPE_": 21, "CRASH_TYPE": "Rear end, slow or stop", "CRSH_LEVL": 2, "PRIMARY_CA": 8, "PRIMARY__1": "Failure to reduce speed", "SECONDARY_": "0", "SECONDARY1": " ", "LATITUDE": 35.202699, "LONGITUDE": -80.790495, "StreetID": null }, "geometry": { "type": "Point", "coordinates": [ -80.790491775206704, 35.2026921207257 ] } },
{ "type": "Feature", "properties": { "OBJECTID": 6714, "CRSH_ID": 1134289, "DATE_VAL_Y": 2022, "DATE_VAL_M": 2, "DATE_VAL_1": "February", "DATE_VAL_D": 21, "DAY_OF_WEE": 2, "DAY_OF_W_1": "Monday", "MILT_TIME": 1501, "CASE_NUM": 20220221150101, "CRSH_TYPE_": 21, "CRASH_TYPE": "Rear end, slow or stop", "CRSH_LEVL": 2, "PRIMARY_CA": 8, "PRIMARY__1": "Failure to reduce speed", "SECONDARY_": "0", "SECONDARY1": " ", "LATITUDE": 35.316508, "LONGITUDE": -80.81087, "StreetID": null }, "geometry": { "type": "Point", "coordinates": [ -80.810866762652694, 35.316501098191601 ] } },
{ "type": "Feature", "properties": { "OBJECTID": 6715, "CRSH_ID": 1227137, "DATE_VAL_Y": 2023, "DATE_VAL_M": 9, "DATE_VAL_1": "September", "DATE_VAL_D": 17, "DAY_OF_WEE": 1, "DAY_OF_W_1": "Sunday", "MILT_TIME": 250, "CASE_NUM": 20230917070400, "CRSH_TYPE_": 23, "CRASH_TYPE": "Left turn, same roadway", "CRSH_LEVL": 1, "PRIMARY_CA": 6, "PRIMARY__1": "Exceeded authorized speed limit", "SECONDARY_": "0", "SECONDARY1": " ", "LATITUDE": 35.183427, "LONGITUDE": -80.753276, "StreetID": null }, "geometry": { "type": "Point", "coordinates": [ -80.753272787182496, 35.183420123474498 ] } },
{ "type": "Feature", "properties": { "OBJECTID": 6716, "CRSH_ID": 1206715, "DATE_VAL_Y": 2023, "DATE_VAL_M": 3, "DATE_VAL_1": "March", "DATE_VAL_D": 6, "DAY_OF_WEE": 2, "DAY_OF_W_1": "Monday", "MILT_TIME": 1954, "CASE_NUM": 20230306195404, "CRSH_TYPE_": 19, "CRASH_TYPE": "Fixed object", "CRSH_LEVL": 2, "PRIMARY_CA": 33, "PRIMARY__1": "Unable to determine", "SECONDARY_": "0", "SECONDARY1": " ", "LATITUDE": 35.17906, "LONGITUDE": -80.89088, "StreetID": null }, "geometry": { "type": "Point", "coordinates": [ -80.890876748061601, 35.179053130628503 ] } },
{ "type": "Feature", "properties": { "OBJECTID": 6717, "CRSH_ID": 1274706, "DATE_VAL_Y": 2024, "DATE_VAL_M": 10, "DATE_VAL_1": "October", "DATE_VAL_D": 11, "DAY_OF_WEE": 6, "DAY_OF_W_1": "Friday", "MILT_TIME": 1928, "CASE_NUM": 20241011192800, "CRSH_TYPE_": 30, "CRASH_TYPE": "Angle", "CRSH_LEVL": 1, "PRIMARY_CA": 34, "PRIMARY__1": "Unknown", "SECONDARY_": "0", "SECONDARY1": " ", "LATITUDE": 35.194149, "LONGITUDE": -80.707397, "StreetID": null }, "geometry": { "type": "Point", "coordinates": [ -80.707393801732096, 35.194142120158503 ] } },
{ "type": "Feature", "properties": { "OBJECTID": 6718, "CRSH_ID": 1184835, "DATE_VAL_Y": 2022, "DATE_VAL_M": 12, "DATE_VAL_1": "December", "DATE_VAL_D": 9, "DAY_OF_WEE": 6, "DAY_OF_W_1": "Friday", "MILT_TIME": 1837, "CASE_NUM": 20221209183900, "CRSH_TYPE_": 24, "CRASH_TYPE": "Left turn, different roadways", "CRSH_LEVL": 2, "PRIMARY_CA": 9, "PRIMARY__1": "Improper turn", "SECONDARY_": "0", "SECONDARY1": " ", "LATITUDE": 35.123673, "LONGITUDE": -80.945016, "StreetID": null }, "geometry": { "type": "Point", "coordinates": [ -80.945012732854394, 35.123666144210098 ] } },
{ "type": "Feature", "properties": { "OBJECTID": 6719, "CRSH_ID": 1207543, "DATE_VAL_Y": 2023, "DATE_VAL_M": 4, "DATE_VAL_1": "April", "DATE_VAL_D": 4, "DAY_OF_WEE": 3, "DAY_OF_W_1": "Tuesday", "MILT_TIME": 2139, "CASE_NUM": 20230404213902, "CRSH_TYPE_": 27, "CRASH_TYPE": "Head on", "CRSH_LEVL": 1, "PRIMARY_CA": 6, "PRIMARY__1": "Exceeded authorized speed limit", "SECONDARY_": "0", "SECONDARY1": " ", "LATITUDE": 35.109765, "LONGITUDE": -80.858286, "StreetID": null }, "geometry": { "type": "Point", "coordinates": [ -80.858282759618703, 35.109758142986003 ] } },
{ "type": "Feature", "properties": { "OBJECTID": 6720, "CRSH_ID": 1005903, "DATE_VAL_Y": 2020, "DATE_VAL_M": 2, "DATE_VAL_1": "February", "DATE_VAL_D": 1, "DAY_OF_WEE": 7, "DAY_OF_W_1": "Saturday", "MILT_TIME": 1920, "CASE_NUM": 20200201191904, "CRSH_TYPE_": 14, "CRASH_TYPE": "Pedestrian", "CRSH_LEVL": 1, "PRIMARY_CA": 20, "PRIMARY__1": "Inattention", "SECONDARY_": "0", "SECONDARY1": " ", "LATITUDE": 35.303779, "LONGITUDE": -80.72261, "StreetID": null }, "geometry": { "type": "Point", "coordinates": [ -80.722606790511193, 35.303772096175599 ] } },
{ "type": "Feature", "properties": { "OBJECTID": 6721, "CRSH_ID": 1256877, "DATE_VAL_Y": 2024, "DATE_VAL_M": 5, "DATE_VAL_1": "May", "DATE_VAL_D": 16, "DAY_OF_WEE": 5, "DAY_OF_W_1": "Thursday", "MILT_TIME": 2217, "CASE_NUM": 20240516221700, "CRSH_TYPE_": 21, "CRASH_TYPE": "Rear end, slow or stop", "CRSH_LEVL": 2, "PRIMARY_CA": 0, "PRIMARY__1": "No contributing circumstance indicated", "SECONDARY_": "0", "SECONDARY1": " ", "LATITUDE": 35.239442, "LONGITUDE": -80.835946, "StreetID": null }, "geometry": { "type": "Point", "coordinates": [ -80.835942760009303, 35.239435114995402 ] } },
{ "type": "Feature", "properties": { "OBJECTID": 6722, "CRSH_ID": 1007664, "DATE_VAL_Y": 2020, "DATE_VAL_M": 3, "DATE_VAL_1": "March", "DATE_VAL_D": 8, "DAY_OF_WEE": 1, "DAY_OF_W_1": "Sunday", "MILT_TIME": 2024, "CASE_NUM": 20200308202403, "CRSH_TYPE_": 23, "CRASH_TYPE": "Left turn, same roadway", "CRSH_LEVL": 2, "PRIMARY_CA": 19, "PRIMARY__1": "Failed to yield right of way", "SECONDARY_": "0", "SECONDARY1": " ", "LATITUDE": 35.272167, "LONGITUDE": -80.854272, "StreetID": null }, "geometry": { "type": "Point", "coordinates": [ -80.854268751964099, 35.272160109493498 ] } },
{ "type": "Feature", "properties": { "OBJECTID": 6723, "CRSH_ID": 1033858, "DATE_VAL_Y": 2020, "DATE_VAL_M": 7, "DATE_VAL_1": "July", "DATE_VAL_D": 17, "DAY_OF_WEE": 6, "DAY_OF_W_1": "Friday", "MILT_TIME": 1730, "CASE_NUM": 20200717221404, "CRSH_TYPE_": 2, "CRASH_TYPE": "Ran off road left", "CRSH_LEVL": 2, "PRIMARY_CA": 0, "PRIMARY__1": "No contributing circumstance indicated", "SECONDARY_": "0", "SECONDARY1": " ", "LATITUDE": 35.219732, "LONGITUDE": -80.752722, "StreetID": null }, "geometry": { "type": "Point", "coordinates": [ -80.752718784889296, 35.219725116348798 ] } },
{ "type": "Feature", "properties": { "OBJECTID": 6724, "CRSH_ID": 1053759, "DATE_VAL_Y": 2020, "DATE_VAL_M": 9, "DATE_VAL_1": "September", "DATE_VAL_D": 25, "DAY_OF_WEE": 6, "DAY_OF_W_1": "Friday", "MILT_TIME": 2154, "CASE_NUM": 20200925215400, "CRSH_TYPE_": 2, "CRASH_TYPE": "Ran off road left", "CRSH_LEVL": 1, "PRIMARY_CA": 7, "PRIMARY__1": "Exceeded safe speed for conditions", "SECONDARY_": "0", "SECONDARY1": " ", "LATITUDE": 35.227876, "LONGITUDE": -80.746462, "StreetID": null }, "geometry": { "type": "Point", "coordinates": [ -80.746458787182505, 35.227869115046403 ] } },
{ "type": "Feature", "properties": { "OBJECTID": 6725, "CRSH_ID": 1278593, "DATE_VAL_Y": 2024, "DATE_VAL_M": 11, "DATE_VAL_1": "November", "DATE_VAL_D": 10, "DAY_OF_WEE": 1, "DAY_OF_W_1": "Sunday", "MILT_TIME": 116, "CASE_NUM": 20241110011601, "CRSH_TYPE_": 19, "CRASH_TYPE": "Fixed object", "CRSH_LEVL": 1, "PRIMARY_CA": 13, "PRIMARY__1": "Use of improper lane", "SECONDARY_": "0", "SECONDARY1": " ", "LATITUDE": 35.143363, "LONGITUDE": -80.876481, "StreetID": null }, "geometry": { "type": "Point", "coordinates": [ -80.876477751925094, 35.143356137375797 ] } },
{ "type": "Feature", "properties": { "OBJECTID": 6726, "CRSH_ID": 1214731, "DATE_VAL_Y": 2023, "DATE_VAL_M": 6, "DATE_VAL_1": "June", "DATE_VAL_D": 7, "DAY_OF_WEE": 4, "DAY_OF_W_1": "Wednesday", "MILT_TIME": 2101, "CASE_NUM": 20230607210103, "CRSH_TYPE_": 14, "CRASH_TYPE": "Pedestrian", "CRSH_LEVL": 2, "PRIMARY_CA": 0, "PRIMARY__1": "No contributing circumstance indicated", "SECONDARY_": "0", "SECONDARY1": " ", "LATITUDE": 35.202463, "LONGITUDE": -80.725933, "StreetID": null }, "geometry": { "type": "Point", "coordinates": [ -80.725929793514695, 35.202456119359603 ] } },
{ "type": "Feature", "properties": { "OBJECTID": 6727, "CRSH_ID": 1199753, "DATE_VAL_Y": 2023, "DATE_VAL_M": 2, "DATE_VAL_1": "February", "DATE_VAL_D": 1, "DAY_OF_WEE": 4, "DAY_OF_W_1": "Wednesday", "MILT_TIME": 156, "CASE_NUM": 20230129015600, "CRSH_TYPE_": 14, "CRASH_TYPE": "Pedestrian", "CRSH_LEVL": 1, "PRIMARY_CA": 0, "PRIMARY__1": "No contributing circumstance indicated", "SECONDARY_": "0", "SECONDARY1": " ", "LATITUDE": 35.321125, "LONGITUDE": -80.782073, "StreetID": null }, "geometry": { "type": "Point", "coordinates": [ -80.782069771601201, 35.321118095575102 ] } },
{ "type": "Feature", "properties": { "OBJECTID": 6728, "CRSH_ID": 1138287, "DATE_VAL_Y": 2022, "DATE_VAL_M": 4, "DATE_VAL_1": "April", "DATE_VAL_D": 6, "DAY_OF_WEE": 4, "DAY_OF_W_1": "Wednesday", "MILT_TIME": 950, "CASE_NUM": 20220406095003, "CRSH_TYPE_": 14, "CRASH_TYPE": "Pedestrian", "CRSH_LEVL": 1, "PRIMARY_CA": 0, "PRIMARY__1": "No contributing circumstance indicated", "SECONDARY_": "0", "SECONDARY1": " ", "LATITUDE": 35.322495, "LONGITUDE": -80.827662, "StreetID": null }, "geometry": { "type": "Point", "coordinates": [ -80.827658756674197, 35.322488097855597 ] } },
{ "type": "Feature", "properties": { "OBJECTID": 6729, "CRSH_ID": 1164294, "DATE_VAL_Y": 2022, "DATE_VAL_M": 6, "DATE_VAL_1": "June", "DATE_VAL_D": 30, "DAY_OF_WEE": 5, "DAY_OF_W_1": "Thursday", "MILT_TIME": 612, "CASE_NUM": 20220630061200, "CRSH_TYPE_": 14, "CRASH_TYPE": "Pedestrian", "CRSH_LEVL": 2, "PRIMARY_CA": 33, "PRIMARY__1": "Unable to determine", "SECONDARY_": "0", "SECONDARY1": " ", "LATITUDE": 35.327599, "LONGITUDE": -80.943206, "StreetID": null }, "geometry": { "type": "Point", "coordinates": [ -80.943202721788893, 35.327592100434998 ] } },
{ "type": "Feature", "properties": { "OBJECTID": 6730, "CRSH_ID": 1169377, "DATE_VAL_Y": 2022, "DATE_VAL_M": 8, "DATE_VAL_1": "August", "DATE_VAL_D": 9, "DAY_OF_WEE": 3, "DAY_OF_W_1": "Tuesday", "MILT_TIME": 18, "CASE_NUM": 20220809001800, "CRSH_TYPE_": 14, "CRASH_TYPE": "Pedestrian", "CRSH_LEVL": 1, "PRIMARY_CA": 6, "PRIMARY__1": "Exceeded authorized speed limit", "SECONDARY_": "0", "SECONDARY1": " ", "LATITUDE": 35.202009, "LONGITUDE": -80.786967, "StreetID": null }, "geometry": { "type": "Point", "coordinates": [ -80.786963777156501, 35.202002121870798 ] } },
{ "type": "Feature", "properties": { "OBJECTID": 6731, "CRSH_ID": 1177616, "DATE_VAL_Y": 2022, "DATE_VAL_M": 10, "DATE_VAL_1": "October", "DATE_VAL_D": 14, "DAY_OF_WEE": 6, "DAY_OF_W_1": "Friday", "MILT_TIME": 1157, "CASE_NUM": 20221014115701, "CRSH_TYPE_": 23, "CRASH_TYPE": "Left turn, same roadway", "CRSH_LEVL": 2, "PRIMARY_CA": 26, "PRIMARY__1": "Operated vehicle in erratic, reckless, careless, negligent or aggressive manner", "SECONDARY_": "0", "SECONDARY1": " ", "LATITUDE": 35.046413, "LONGITUDE": -80.808224, "StreetID": null }, "geometry": { "type": "Point", "coordinates": [ -80.808220778030005, 35.0464061547585 ] } },
{ "type": "Feature", "properties": { "OBJECTID": 6732, "CRSH_ID": 1071322, "DATE_VAL_Y": 2021, "DATE_VAL_M": 1, "DATE_VAL_1": "January", "DATE_VAL_D": 7, "DAY_OF_WEE": 5, "DAY_OF_W_1": "Thursday", "MILT_TIME": 1844, "CASE_NUM": 20210107184402, "CRSH_TYPE_": 14, "CRASH_TYPE": "Pedestrian", "CRSH_LEVL": 2, "PRIMARY_CA": 30, "PRIMARY__1": "Alcohol use", "SECONDARY_": "0", "SECONDARY1": " ", "LATITUDE": 35.247606, "LONGITUDE": -80.788544, "StreetID": null }, "geometry": { "type": "Point", "coordinates": [ -80.788540772926794, 35.247599111774797 ] } },
{ "type": "Feature", "properties": { "OBJECTID": 6733, "CRSH_ID": 2244257, "DATE_VAL_Y": 2021, "DATE_VAL_M": 7, "DATE_VAL_1": "July", "DATE_VAL_D": 3, "DAY_OF_WEE": 7, "DAY_OF_W_1": "Saturday", "MILT_TIME": 1409, "CASE_NUM": 20210703140901, "CRSH_TYPE_": 2, "CRASH_TYPE": "Ran off road left", "CRSH_LEVL": 1, "PRIMARY_CA": 6, "PRIMARY__1": "Exceeded authorized speed limit", "SECONDARY_": "0", "SECONDARY1": " ", "LATITUDE": 35.333707, "LONGITUDE": -80.817567, "StreetID": null }, "geometry": { "type": "Point", "coordinates": [ -80.817563759768802, 35.333700092977701 ] } },
{ "type": "Feature", "properties": { "OBJECTID": 6734, "CRSH_ID": 1209453, "DATE_VAL_Y": 2023, "DATE_VAL_M": 4, "DATE_VAL_1": "April", "DATE_VAL_D": 24, "DAY_OF_WEE": 2, "DAY_OF_W_1": "Monday", "MILT_TIME": 1807, "CASE_NUM": 20230424180704, "CRSH_TYPE_": 24, "CRASH_TYPE": "Left turn, different roadways", "CRSH_LEVL": 2, "PRIMARY_CA": 4, "PRIMARY__1": "Disregarded traffic signals", "SECONDARY_": "0", "SECONDARY1": " ", "LATITUDE": 35.25499, "LONGITUDE": -80.82419, "StreetID": null }, "geometry": { "type": "Point", "coordinates": [ -80.824186762534197, 35.254983111532603 ] } },
{ "type": "Feature", "properties": { "OBJECTID": 6735, "CRSH_ID": 2244262, "DATE_VAL_Y": 2021, "DATE_VAL_M": 8, "DATE_VAL_1": "August", "DATE_VAL_D": 22, "DAY_OF_WEE": 1, "DAY_OF_W_1": "Sunday", "MILT_TIME": 1147, "CASE_NUM": 20210822114701, "CRSH_TYPE_": 1, "CRASH_TYPE": "Ran off road right", "CRSH_LEVL": 1, "PRIMARY_CA": 20, "PRIMARY__1": "Inattention", "SECONDARY_": "0", "SECONDARY1": " ", "LATITUDE": 35.362337, "LONGITUDE": -80.74759, "StreetID": null }, "geometry": { "type": "Point", "coordinates": [ -80.747586779036098, 35.362330084853397 ] } },
{ "type": "Feature", "properties": { "OBJECTID": 6736, "CRSH_ID": 2244278, "DATE_VAL_Y": 2024, "DATE_VAL_M": 6, "DATE_VAL_1": "June", "DATE_VAL_D": 28, "DAY_OF_WEE": 6, "DAY_OF_W_1": "Friday", "MILT_TIME": 50, "CASE_NUM": 20240628005002, "CRSH_TYPE_": 14, "CRASH_TYPE": "Pedestrian", "CRSH_LEVL": 1, "PRIMARY_CA": 0, "PRIMARY__1": "No contributing circumstance indicated", "SECONDARY_": "0", "SECONDARY1": " ", "LATITUDE": 35.279381, "LONGITUDE": -80.735601, "StreetID": null }, "geometry": { "type": "Point", "coordinates": [ -80.7355977875376, 35.279374103232399 ] } },
{ "type": "Feature", "properties": { "OBJECTID": 6737, "CRSH_ID": 1197760, "DATE_VAL_Y": 2023, "DATE_VAL_M": 1, "DATE_VAL_1": "January", "DATE_VAL_D": 18, "DAY_OF_WEE": 4, "DAY_OF_W_1": "Wednesday", "MILT_TIME": 1823, "CASE_NUM": 20220118182301, "CRSH_TYPE_": 14, "CRASH_TYPE": "Pedestrian", "CRSH_LEVL": 2, "PRIMARY_CA": 20, "PRIMARY__1": "Inattention", "SECONDARY_": "0", "SECONDARY1": " ", "LATITUDE": 35.212082, "LONGITUDE": -80.762826, "StreetID": null }, "geometry": { "type": "Point", "coordinates": [ -80.762822781781594, 35.212075119084403 ] } },
{ "type": "Feature", "properties": { "OBJECTID": 6738, "CRSH_ID": 1204232, "DATE_VAL_Y": 2023, "DATE_VAL_M": 3, "DATE_VAL_1": "March", "DATE_VAL_D": 4, "DAY_OF_WEE": 7, "DAY_OF_W_1": "Saturday", "MILT_TIME": 2146, "CASE_NUM": 20230304214602, "CRSH_TYPE_": 14, "CRASH_TYPE": "Pedestrian", "CRSH_LEVL": 1, "PRIMARY_CA": 34, "PRIMARY__1": "Unknown", "SECONDARY_": "0", "SECONDARY1": " ", "LATITUDE": 35.14337, "LONGITUDE": -80.89475, "StreetID": null }, "geometry": { "type": "Point", "coordinates": [ -80.8947467476561, 35.143363136765203 ] } },
{ "type": "Feature", "properties": { "OBJECTID": 6739, "CRSH_ID": 1260995, "DATE_VAL_Y": 2024, "DATE_VAL_M": 6, "DATE_VAL_1": "June", "DATE_VAL_D": 18, "DAY_OF_WEE": 3, "DAY_OF_W_1": "Tuesday", "MILT_TIME": 1828, "CASE_NUM": 20240618182803, "CRSH_TYPE_": 21, "CRASH_TYPE": "Rear end, slow or stop", "CRSH_LEVL": 1, "PRIMARY_CA": 6, "PRIMARY__1": "Exceeded authorized speed limit", "SECONDARY_": "0", "SECONDARY1": " ", "LATITUDE": 35.201227, "LONGITUDE": -80.780478, "StreetID": null }, "geometry": { "type": "Point", "coordinates": [ -80.780474777677995, 35.201220120704797 ] } },
{ "type": "Feature", "properties": { "OBJECTID": 6740, "CRSH_ID": 1246611, "DATE_VAL_Y": 2024, "DATE_VAL_M": 2, "DATE_VAL_1": "February", "DATE_VAL_D": 22, "DAY_OF_WEE": 5, "DAY_OF_W_1": "Thursday", "MILT_TIME": 2311, "CASE_NUM": 20240222231100, "CRSH_TYPE_": 23, "CRASH_TYPE": "Left turn, same roadway", "CRSH_LEVL": 2, "PRIMARY_CA": 19, "PRIMARY__1": "Failed to yield right of way", "SECONDARY_": "0", "SECONDARY1": " ", "LATITUDE": 35.231379, "LONGITUDE": -80.729743, "StreetID": null }, "geometry": { "type": "Point", "coordinates": [ -80.729739790585199, 35.231372113688799 ] } },
{ "type": "Feature", "properties": { "OBJECTID": 6741, "CRSH_ID": 1040872, "DATE_VAL_Y": 2020, "DATE_VAL_M": 8, "DATE_VAL_1": "August", "DATE_VAL_D": 23, "DAY_OF_WEE": 1, "DAY_OF_W_1": "Sunday", "MILT_TIME": 2205, "CASE_NUM": 20200823220500, "CRSH_TYPE_": 1, "CRASH_TYPE": "Ran off road right", "CRSH_LEVL": 2, "PRIMARY_CA": 38, "PRIMARY__1": "Driver distracted by external distraction (outside the vehicle", "SECONDARY_": "0", "SECONDARY1": " ", "LATITUDE": 35.256205, "LONGITUDE": -80.902453, "StreetID": null }, "geometry": { "type": "Point", "coordinates": [ -80.902449738122201, 35.2561981144353 ] } },
{ "type": "Feature", "properties": { "OBJECTID": 6742, "CRSH_ID": 1217809, "DATE_VAL_Y": 2023, "DATE_VAL_M": 7, "DATE_VAL_1": "July", "DATE_VAL_D": 2, "DAY_OF_WEE": 1, "DAY_OF_W_1": "Sunday", "MILT_TIME": 1443, "CASE_NUM": 20230702144300, "CRSH_TYPE_": 21, "CRASH_TYPE": "Rear end, slow or stop", "CRSH_LEVL": 2, "PRIMARY_CA": 33, "PRIMARY__1": "Unable to determine", "SECONDARY_": "0", "SECONDARY1": " ", "LATITUDE": 35.30067, "LONGITUDE": -80.80677, "StreetID": null }, "geometry": { "type": "Point", "coordinates": [ -80.806766765071004, 35.300663100165004 ] } },
{ "type": "Feature", "properties": { "OBJECTID": 6743, "CRSH_ID": 1268013, "DATE_VAL_Y": 2024, "DATE_VAL_M": 8, "DATE_VAL_1": "August", "DATE_VAL_D": 22, "DAY_OF_WEE": 5, "DAY_OF_W_1": "Thursday", "MILT_TIME": 1015, "CASE_NUM": 20240822101505, "CRSH_TYPE_": 1, "CRASH_TYPE": "Ran off road right", "CRSH_LEVL": 1, "PRIMARY_CA": 34, "PRIMARY__1": "Unknown", "SECONDARY_": "0", "SECONDARY1": " ", "LATITUDE": 35.291364, "LONGITUDE": -80.965551, "StreetID": null }, "geometry": { "type": "Point", "coordinates": [ -80.965547718815898, 35.291357107560501 ] } },
{ "type": "Feature", "properties": { "OBJECTID": 6744, "CRSH_ID": 1143906, "DATE_VAL_Y": 2022, "DATE_VAL_M": 6, "DATE_VAL_1": "June", "DATE_VAL_D": 1, "DAY_OF_WEE": 4, "DAY_OF_W_1": "Wednesday", "MILT_TIME": 140, "CASE_NUM": 20220601014000, "CRSH_TYPE_": 27, "CRASH_TYPE": "Head on", "CRSH_LEVL": 1, "PRIMARY_CA": 26, "PRIMARY__1": "Operated vehicle in erratic, reckless, careless, negligent or aggressive manner", "SECONDARY_": "0", "SECONDARY1": " ", "LATITUDE": 35.312634, "LONGITUDE": -80.836043, "StreetID": null }, "geometry": { "type": "Point", "coordinates": [ -80.836039756048706, 35.3126270987269 ] } },
{ "type": "Feature", "properties": { "OBJECTID": 6745, "CRSH_ID": 1024109, "DATE_VAL_Y": 2020, "DATE_VAL_M": 5, "DATE_VAL_1": "May", "DATE_VAL_D": 29, "DAY_OF_WEE": 6, "DAY_OF_W_1": "Friday", "MILT_TIME": 920, "CASE_NUM": 20200529092007, "CRSH_TYPE_": 1, "CRASH_TYPE": "Ran off road right", "CRSH_LEVL": 2, "PRIMARY_CA": 26, "PRIMARY__1": "Operated vehicle in erratic, reckless, careless, negligent or aggressive manner", "SECONDARY_": "0", "SECONDARY1": " ", "LATITUDE": 35.261946, "LONGITUDE": -80.849902, "StreetID": null }, "geometry": { "type": "Point", "coordinates": [ -80.849898754626096, 35.261939111326001 ] } },
{ "type": "Feature", "properties": { "OBJECTID": 6746, "CRSH_ID": 1257782, "DATE_VAL_Y": 2024, "DATE_VAL_M": 5, "DATE_VAL_1": "May", "DATE_VAL_D": 25, "DAY_OF_WEE": 7, "DAY_OF_W_1": "Saturday", "MILT_TIME": 1947, "CASE_NUM": 20240525194702, "CRSH_TYPE_": 1, "CRASH_TYPE": "Ran off road right", "CRSH_LEVL": 2, "PRIMARY_CA": 33, "PRIMARY__1": "Unable to determine", "SECONDARY_": "0", "SECONDARY1": " ", "LATITUDE": 35.382709, "LONGITUDE": -80.753852, "StreetID": null }, "geometry": { "type": "Point", "coordinates": [ -80.753848776660803, 35.382702080736202 ] } },
{ "type": "Feature", "properties": { "OBJECTID": 6747, "CRSH_ID": 1027250, "DATE_VAL_Y": 2020, "DATE_VAL_M": 6, "DATE_VAL_1": "June", "DATE_VAL_D": 22, "DAY_OF_WEE": 2, "DAY_OF_W_1": "Monday", "MILT_TIME": 26, "CASE_NUM": 20200622002600, "CRSH_TYPE_": 14, "CRASH_TYPE": "Pedestrian", "CRSH_LEVL": 2, "PRIMARY_CA": 0, "PRIMARY__1": " ", "SECONDARY_": "0", "SECONDARY1": " ", "LATITUDE": 35.264295, "LONGITUDE": -80.854432, "StreetID": null }, "geometry": { "type": "Point", "coordinates": [ -80.854428753344607, 35.264288109860203 ] } },
{ "type": "Feature", "properties": { "OBJECTID": 6748, "CRSH_ID": 1127304, "DATE_VAL_Y": 2021, "DATE_VAL_M": 12, "DATE_VAL_1": "December", "DATE_VAL_D": 2, "DAY_OF_WEE": 5, "DAY_OF_W_1": "Thursday", "MILT_TIME": 1726, "CASE_NUM": 20211202161202, "CRSH_TYPE_": 19, "CRASH_TYPE": "Fixed object", "CRSH_LEVL": 2, "PRIMARY_CA": 26, "PRIMARY__1": "Operated vehicle in erratic, reckless, careless, negligent or aggressive manner", "SECONDARY_": "0", "SECONDARY1": " ", "LATITUDE": 35.17287, "LONGITUDE": -80.715545, "StreetID": null }, "geometry": { "type": "Point", "coordinates": [ -80.715541799397599, 35.1728631239747 ] } },
{ "type": "Feature", "properties": { "OBJECTID": 6749, "CRSH_ID": 1039586, "DATE_VAL_Y": 2020, "DATE_VAL_M": 6, "DATE_VAL_1": "June", "DATE_VAL_D": 16, "DAY_OF_WEE": 3, "DAY_OF_W_1": "Tuesday", "MILT_TIME": 435, "CASE_NUM": 20200616043500, "CRSH_TYPE_": 2, "CRASH_TYPE": "Ran off road left", "CRSH_LEVL": 1, "PRIMARY_CA": 6, "PRIMARY__1": "Exceeded authorized speed limit", "SECONDARY_": "0", "SECONDARY1": " ", "LATITUDE": 35.336996, "LONGITUDE": -80.842485, "StreetID": null }, "geometry": { "type": "Point", "coordinates": [ -80.842481752019197, 35.336989094226503 ] } },
{ "type": "Feature", "properties": { "OBJECTID": 6750, "CRSH_ID": 1210093, "DATE_VAL_Y": 2023, "DATE_VAL_M": 4, "DATE_VAL_1": "April", "DATE_VAL_D": 29, "DAY_OF_WEE": 7, "DAY_OF_W_1": "Saturday", "MILT_TIME": 2205, "CASE_NUM": 20230429220501, "CRSH_TYPE_": 27, "CRASH_TYPE": "Head on", "CRSH_LEVL": 2, "PRIMARY_CA": 19, "PRIMARY__1": "Failed to yield right of way", "SECONDARY_": "0", "SECONDARY1": " ", "LATITUDE": 35.03365, "LONGITUDE": -80.80532, "StreetID": null }, "geometry": { "type": "Point", "coordinates": [ -80.805316780737499, 35.0336431585973 ] } },
{ "type": "Feature", "properties": { "OBJECTID": 6751, "CRSH_ID": 1068616, "DATE_VAL_Y": 2020, "DATE_VAL_M": 10, "DATE_VAL_1": "October", "DATE_VAL_D": 17, "DAY_OF_WEE": 7, "DAY_OF_W_1": "Saturday", "MILT_TIME": 2131, "CASE_NUM": 20201017213102, "CRSH_TYPE_": 14, "CRASH_TYPE": "Pedestrian", "CRSH_LEVL": 1, "PRIMARY_CA": 0, "PRIMARY__1": "No contributing circumstance indicated", "SECONDARY_": "0", "SECONDARY1": " ", "LATITUDE": 35.260141, "LONGITUDE": -80.855204, "StreetID": null }, "geometry": { "type": "Point", "coordinates": [ -80.855200752006795, 35.260134111463003 ] } },
{ "type": "Feature", "properties": { "OBJECTID": 6752, "CRSH_ID": 1010573, "DATE_VAL_Y": 2020, "DATE_VAL_M": 3, "DATE_VAL_1": "March", "DATE_VAL_D": 23, "DAY_OF_WEE": 2, "DAY_OF_W_1": "Monday", "MILT_TIME": 1337, "CASE_NUM": 20200323133702, "CRSH_TYPE_": 30, "CRASH_TYPE": "Angle", "CRSH_LEVL": 2, "PRIMARY_CA": 4, "PRIMARY__1": "Disregarded traffic signals", "SECONDARY_": "0", "SECONDARY1": " ", "LATITUDE": 35.215643, "LONGITUDE": -80.923077, "StreetID": null }, "geometry": { "type": "Point", "coordinates": [ -80.923073734143898, 35.215636122960603 ] } },
{ "type": "Feature", "properties": { "OBJECTID": 6753, "CRSH_ID": 1138874, "DATE_VAL_Y": 2022, "DATE_VAL_M": 4, "DATE_VAL_1": "April", "DATE_VAL_D": 13, "DAY_OF_WEE": 4, "DAY_OF_W_1": "Wednesday", "MILT_TIME": 514, "CASE_NUM": 20220413051402, "CRSH_TYPE_": 1, "CRASH_TYPE": "Ran off road right", "CRSH_LEVL": 1, "PRIMARY_CA": 6, "PRIMARY__1": "Exceeded authorized speed limit", "SECONDARY_": "0", "SECONDARY1": " ", "LATITUDE": 35.099524, "LONGITUDE": -81.007504, "StreetID": null }, "geometry": { "type": "Point", "coordinates": [ -81.007500716797196, 35.099517151413103 ] } },
{ "type": "Feature", "properties": { "OBJECTID": 6754, "CRSH_ID": 1073386, "DATE_VAL_Y": 2021, "DATE_VAL_M": 1, "DATE_VAL_1": "January", "DATE_VAL_D": 4, "DAY_OF_WEE": 2, "DAY_OF_W_1": "Monday", "MILT_TIME": 1348, "CASE_NUM": 20210104134803, "CRSH_TYPE_": 14, "CRASH_TYPE": "Pedestrian", "CRSH_LEVL": 1, "PRIMARY_CA": 21, "PRIMARY__1": "Improper backing", "SECONDARY_": "0", "SECONDARY1": " ", "LATITUDE": 35.228873, "LONGITUDE": -80.808979, "StreetID": null }, "geometry": { "type": "Point", "coordinates": [ -80.808975768138197, 35.228866116573897 ] } },
{ "type": "Feature", "properties": { "OBJECTID": 6755, "CRSH_ID": 1228614, "DATE_VAL_Y": 2023, "DATE_VAL_M": 9, "DATE_VAL_1": "September", "DATE_VAL_D": 19, "DAY_OF_WEE": 3, "DAY_OF_W_1": "Tuesday", "MILT_TIME": 2246, "CASE_NUM": 20230919224601, "CRSH_TYPE_": 23, "CRASH_TYPE": "Left turn, same roadway", "CRSH_LEVL": 1, "PRIMARY_CA": 6, "PRIMARY__1": "Exceeded authorized speed limit", "SECONDARY_": "0", "SECONDARY1": " ", "LATITUDE": 35.09658, "LONGITUDE": -80.85949, "StreetID": null }, "geometry": { "type": "Point", "coordinates": [ -80.8594867614012, 35.096573146327202 ] } },
{ "type": "Feature", "properties": { "OBJECTID": 6756, "CRSH_ID": 1012164, "DATE_VAL_Y": 2020, "DATE_VAL_M": 4, "DATE_VAL_1": "April", "DATE_VAL_D": 2, "DAY_OF_WEE": 5, "DAY_OF_W_1": "Thursday", "MILT_TIME": 807, "CASE_NUM": 20200402080800, "CRSH_TYPE_": 14, "CRASH_TYPE": "Pedestrian", "CRSH_LEVL": 2, "PRIMARY_CA": 2, "PRIMARY__1": "Disregarded stop sign", "SECONDARY_": "0", "SECONDARY1": " ", "LATITUDE": 35.08158, "LONGITUDE": -80.772736, "StreetID": null }, "geometry": { "type": "Point", "coordinates": [ -80.7727327873327, 35.081573146477801 ] } },
{ "type": "Feature", "properties": { "OBJECTID": 6757, "CRSH_ID": 1008945, "DATE_VAL_Y": 2020, "DATE_VAL_M": 3, "DATE_VAL_1": "March", "DATE_VAL_D": 13, "DAY_OF_WEE": 6, "DAY_OF_W_1": "Friday", "MILT_TIME": 1942, "CASE_NUM": 20200313194200, "CRSH_TYPE_": 24, "CRASH_TYPE": "Left turn, different roadways", "CRSH_LEVL": 2, "PRIMARY_CA": 19, "PRIMARY__1": "Failed to yield right of way", "SECONDARY_": "0", "SECONDARY1": " ", "LATITUDE": 35.195311, "LONGITUDE": -80.709808, "StreetID": null }, "geometry": { "type": "Point", "coordinates": [ -80.709804799883202, 35.195304119291599 ] } },
{ "type": "Feature", "properties": { "OBJECTID": 6758, "CRSH_ID": 1232684, "DATE_VAL_Y": 2023, "DATE_VAL_M": 10, "DATE_VAL_1": "October", "DATE_VAL_D": 29, "DAY_OF_WEE": 1, "DAY_OF_W_1": "Sunday", "MILT_TIME": 15, "CASE_NUM": 20231029001500, "CRSH_TYPE_": 25, "CRASH_TYPE": "Right turn, same roadway", "CRSH_LEVL": 2, "PRIMARY_CA": 4, "PRIMARY__1": "Disregarded traffic signals", "SECONDARY_": "0", "SECONDARY1": " ", "LATITUDE": 35.142434, "LONGITUDE": -80.930599, "StreetID": null }, "geometry": { "type": "Point", "coordinates": [ -80.930595736439798, 35.142427139509003 ] } },
{ "type": "Feature", "properties": { "OBJECTID": 6759, "CRSH_ID": 1230871, "DATE_VAL_Y": 2023, "DATE_VAL_M": 10, "DATE_VAL_1": "October", "DATE_VAL_D": 16, "DAY_OF_WEE": 2, "DAY_OF_W_1": "Monday", "MILT_TIME": 638, "CASE_NUM": 20231016063806, "CRSH_TYPE_": 14, "CRASH_TYPE": "Pedestrian", "CRSH_LEVL": 1, "PRIMARY_CA": 0, "PRIMARY__1": "No contributing circumstance indicated", "SECONDARY_": "0", "SECONDARY1": " ", "LATITUDE": 35.330052, "LONGITUDE": -80.738705, "StreetID": null }, "geometry": { "type": "Point", "coordinates": [ -80.738701783016197, 35.330045091914499 ] } },
{ "type": "Feature", "properties": { "OBJECTID": 6760, "CRSH_ID": 1201946, "DATE_VAL_Y": 2023, "DATE_VAL_M": 2, "DATE_VAL_1": "February", "DATE_VAL_D": 16, "DAY_OF_WEE": 5, "DAY_OF_W_1": "Thursday", "MILT_TIME": 1511, "CASE_NUM": 20230216151100, "CRSH_TYPE_": 30, "CRASH_TYPE": "Angle", "CRSH_LEVL": 2, "PRIMARY_CA": 19, "PRIMARY__1": "Failed to yield right of way", "SECONDARY_": "0", "SECONDARY1": " ", "LATITUDE": 35.15393, "LONGITUDE": -80.94876, "StreetID": null }, "geometry": { "type": "Point", "coordinates": [ -80.948756729851198, 35.153923136444703 ] } },
{ "type": "Feature", "properties": { "OBJECTID": 6761, "CRSH_ID": 1253900, "DATE_VAL_Y": 2024, "DATE_VAL_M": 4, "DATE_VAL_1": "April", "DATE_VAL_D": 23, "DAY_OF_WEE": 3, "DAY_OF_W_1": "Tuesday", "MILT_TIME": 2136, "CASE_NUM": 20240423213700, "CRSH_TYPE_": 2, "CRASH_TYPE": "Ran off road left", "CRSH_LEVL": 2, "PRIMARY_CA": 11, "PRIMARY__1": "Crossed centerline/going wrong way", "SECONDARY_": "0", "SECONDARY1": " ", "LATITUDE": 35.292646, "LONGITUDE": -80.73866, "StreetID": null }, "geometry": { "type": "Point", "coordinates": [ -80.738656786044203, 35.292639099337698 ] } },
{ "type": "Feature", "properties": { "OBJECTID": 6762, "CRSH_ID": 1092768, "DATE_VAL_Y": 2021, "DATE_VAL_M": 4, "DATE_VAL_1": "April", "DATE_VAL_D": 27, "DAY_OF_WEE": 3, "DAY_OF_W_1": "Tuesday", "MILT_TIME": 2309, "CASE_NUM": 20210427230901, "CRSH_TYPE_": 14, "CRASH_TYPE": "Pedestrian", "CRSH_LEVL": 1, "PRIMARY_CA": 0, "PRIMARY__1": "No contributing circumstance indicated", "SECONDARY_": "0", "SECONDARY1": " ", "LATITUDE": 35.145681, "LONGITUDE": -80.895761, "StreetID": null }, "geometry": { "type": "Point", "coordinates": [ -80.895757746569402, 35.145674137515698 ] } },
{ "type": "Feature", "properties": { "OBJECTID": 6763, "CRSH_ID": 1132539, "DATE_VAL_Y": 2022, "DATE_VAL_M": 2, "DATE_VAL_1": "February", "DATE_VAL_D": 3, "DAY_OF_WEE": 5, "DAY_OF_W_1": "Thursday", "MILT_TIME": 836, "CASE_NUM": 20220203083604, "CRSH_TYPE_": 14, "CRASH_TYPE": "Pedestrian", "CRSH_LEVL": 1, "PRIMARY_CA": 0, "PRIMARY__1": "No contributing circumstance indicated", "SECONDARY_": "0", "SECONDARY1": " ", "LATITUDE": 35.21614, "LONGITUDE": -80.88372, "StreetID": null }, "geometry": { "type": "Point", "coordinates": [ -80.883716745591599, 35.216133121373701 ] } },
{ "type": "Feature", "properties": { "OBJECTID": 6764, "CRSH_ID": 1022671, "DATE_VAL_Y": 2020, "DATE_VAL_M": 4, "DATE_VAL_1": "April", "DATE_VAL_D": 19, "DAY_OF_WEE": 1, "DAY_OF_W_1": "Sunday", "MILT_TIME": 2013, "CASE_NUM": 20200419201302, "CRSH_TYPE_": 27, "CRASH_TYPE": "Head on", "CRSH_LEVL": 1, "PRIMARY_CA": 5, "PRIMARY__1": "Disregarded road markings", "SECONDARY_": "0", "SECONDARY1": " ", "LATITUDE": 35.152881, "LONGITUDE": -80.890116, "StreetID": null }, "geometry": { "type": "Point", "coordinates": [ -80.890112748425196, 35.152874135580397 ] } },
{ "type": "Feature", "properties": { "OBJECTID": 6765, "CRSH_ID": 1109832, "DATE_VAL_Y": 2021, "DATE_VAL_M": 7, "DATE_VAL_1": "July", "DATE_VAL_D": 15, "DAY_OF_WEE": 5, "DAY_OF_W_1": "Thursday", "MILT_TIME": 1937, "CASE_NUM": 20210715193705, "CRSH_TYPE_": 30, "CRASH_TYPE": "Angle", "CRSH_LEVL": 2, "PRIMARY_CA": 19, "PRIMARY__1": "Failed to yield right of way", "SECONDARY_": "0", "SECONDARY1": " ", "LATITUDE": 35.03843, "LONGITUDE": -80.805638, "StreetID": null }, "geometry": { "type": "Point", "coordinates": [ -80.805634780835703, 35.038423156557599 ] } },
{ "type": "Feature", "properties": { "OBJECTID": 6766, "CRSH_ID": 1062866, "DATE_VAL_Y": 2020, "DATE_VAL_M": 8, "DATE_VAL_1": "August", "DATE_VAL_D": 8, "DAY_OF_WEE": 7, "DAY_OF_W_1": "Saturday", "MILT_TIME": 604, "CASE_NUM": 20200808060400, "CRSH_TYPE_": 14, "CRASH_TYPE": "Pedestrian", "CRSH_LEVL": 1, "PRIMARY_CA": 0, "PRIMARY__1": "No contributing circumstance indicated", "SECONDARY_": "0", "SECONDARY1": " ", "LATITUDE": 35.118982, "LONGITUDE": -80.927187, "StreetID": null }, "geometry": { "type": "Point", "coordinates": [ -80.927183738604498, 35.118975143768601 ] } },
{ "type": "Feature", "properties": { "OBJECTID": 6767, "CRSH_ID": 1133586, "DATE_VAL_Y": 2022, "DATE_VAL_M": 2, "DATE_VAL_1": "February", "DATE_VAL_D": 14, "DAY_OF_WEE": 2, "DAY_OF_W_1": "Monday", "MILT_TIME": 607, "CASE_NUM": 20220214060700, "CRSH_TYPE_": 24, "CRASH_TYPE": "Left turn, different roadways", "CRSH_LEVL": 1, "PRIMARY_CA": 6, "PRIMARY__1": "Exceeded authorized speed limit", "SECONDARY_": "0", "SECONDARY1": " ", "LATITUDE": 35.30985, "LONGITUDE": -80.92612, "StreetID": null }, "geometry": { "type": "Point", "coordinates": [ -80.926116728336595, 35.309843102141301 ] } },
{ "type": "Feature", "properties": { "OBJECTID": 6768, "CRSH_ID": 1071950, "DATE_VAL_Y": 2021, "DATE_VAL_M": 1, "DATE_VAL_1": "January", "DATE_VAL_D": 19, "DAY_OF_WEE": 3, "DAY_OF_W_1": "Tuesday", "MILT_TIME": 1711, "CASE_NUM": 20210119171105, "CRSH_TYPE_": 21, "CRASH_TYPE": "Rear end, slow or stop", "CRSH_LEVL": 2, "PRIMARY_CA": 8, "PRIMARY__1": "Failure to reduce speed", "SECONDARY_": "0", "SECONDARY1": " ", "LATITUDE": 35.21686, "LONGITUDE": -80.83539, "StreetID": null }, "geometry": { "type": "Point", "coordinates": [ -80.835386760068502, 35.216853119647602 ] } },
{ "type": "Feature", "properties": { "OBJECTID": 6769, "CRSH_ID": 1182188, "DATE_VAL_Y": 2022, "DATE_VAL_M": 11, "DATE_VAL_1": "November", "DATE_VAL_D": 16, "DAY_OF_WEE": 4, "DAY_OF_W_1": "Wednesday", "MILT_TIME": 1952, "CASE_NUM": 20221116195200, "CRSH_TYPE_": 28, "CRASH_TYPE": "Sideswipe, same direction", "CRSH_LEVL": 2, "PRIMARY_CA": 33, "PRIMARY__1": "Unable to determine", "SECONDARY_": "0", "SECONDARY1": " ", "LATITUDE": 35.233647, "LONGITUDE": -80.806736, "StreetID": null }, "geometry": { "type": "Point", "coordinates": [ -80.806732769127294, 35.2336401140793 ] } },
{ "type": "Feature", "properties": { "OBJECTID": 6770, "CRSH_ID": 1027225, "DATE_VAL_Y": 2020, "DATE_VAL_M": 5, "DATE_VAL_1": "May", "DATE_VAL_D": 3, "DAY_OF_WEE": 1, "DAY_OF_W_1": "Sunday", "MILT_TIME": 1738, "CASE_NUM": 20200503173802, "CRSH_TYPE_": 1, "CRASH_TYPE": "Ran off road right", "CRSH_LEVL": 1, "PRIMARY_CA": 6, "PRIMARY__1": "Exceeded authorized speed limit", "SECONDARY_": "0", "SECONDARY1": " ", "LATITUDE": 35.294506, "LONGITUDE": -80.931964, "StreetID": null }, "geometry": { "type": "Point", "coordinates": [ -80.931960729447695, 35.294499106618701 ] } },
{ "type": "Feature", "properties": { "OBJECTID": 6771, "CRSH_ID": 1058897, "DATE_VAL_Y": 2020, "DATE_VAL_M": 10, "DATE_VAL_1": "October", "DATE_VAL_D": 1, "DAY_OF_WEE": 5, "DAY_OF_W_1": "Thursday", "MILT_TIME": 2240, "CASE_NUM": 20201001224000, "CRSH_TYPE_": 2, "CRASH_TYPE": "Ran off road left", "CRSH_LEVL": 1, "PRIMARY_CA": 6, "PRIMARY__1": "Exceeded authorized speed limit", "SECONDARY_": "0", "SECONDARY1": " ", "LATITUDE": 35.210189, "LONGITUDE": -80.665256, "StreetID": null }, "geometry": { "type": "Point", "coordinates": [ -80.665252811778799, 35.210182114601501 ] } },
{ "type": "Feature", "properties": { "OBJECTID": 6772, "CRSH_ID": 1211510, "DATE_VAL_Y": 2023, "DATE_VAL_M": 5, "DATE_VAL_1": "May", "DATE_VAL_D": 12, "DAY_OF_WEE": 6, "DAY_OF_W_1": "Friday", "MILT_TIME": 237, "CASE_NUM": 20230512023700, "CRSH_TYPE_": 27, "CRASH_TYPE": "Head on", "CRSH_LEVL": 2, "PRIMARY_CA": 26, "PRIMARY__1": "Operated vehicle in erratic, reckless, careless, negligent or aggressive manner", "SECONDARY_": "0", "SECONDARY1": " ", "LATITUDE": 35.233422, "LONGITUDE": -80.835565, "StreetID": null }, "geometry": { "type": "Point", "coordinates": [ -80.835561759663506, 35.233415116054402 ] } },
{ "type": "Feature", "properties": { "OBJECTID": 6773, "CRSH_ID": 1269262, "DATE_VAL_Y": 2024, "DATE_VAL_M": 9, "DATE_VAL_1": "September", "DATE_VAL_D": 1, "DAY_OF_WEE": 1, "DAY_OF_W_1": "Sunday", "MILT_TIME": 2212, "CASE_NUM": 20240901221400, "CRSH_TYPE_": 14, "CRASH_TYPE": "Pedestrian", "CRSH_LEVL": 1, "PRIMARY_CA": 11, "PRIMARY__1": "Crossed centerline/going wrong way", "SECONDARY_": "0", "SECONDARY1": " ", "LATITUDE": 35.276079, "LONGITUDE": -80.793504, "StreetID": null }, "geometry": { "type": "Point", "coordinates": [ -80.793500769385304, 35.276072105438402 ] } },
{ "type": "Feature", "properties": { "OBJECTID": 6774, "CRSH_ID": 1062762, "DATE_VAL_Y": 2020, "DATE_VAL_M": 4, "DATE_VAL_1": "April", "DATE_VAL_D": 17, "DAY_OF_WEE": 6, "DAY_OF_W_1": "Friday", "MILT_TIME": 2121, "CASE_NUM": 20200417212100, "CRSH_TYPE_": 1, "CRASH_TYPE": "Ran off road right", "CRSH_LEVL": 1, "PRIMARY_CA": 8, "PRIMARY__1": "Failure to reduce speed", "SECONDARY_": "0", "SECONDARY1": " ", "LATITUDE": 35.244553, "LONGITUDE": -80.84954, "StreetID": null }, "geometry": { "type": "Point", "coordinates": [ -80.849536755819202, 35.244546114925598 ] } },
{ "type": "Feature", "properties": { "OBJECTID": 6775, "CRSH_ID": 1118264, "DATE_VAL_Y": 2021, "DATE_VAL_M": 9, "DATE_VAL_1": "September", "DATE_VAL_D": 5, "DAY_OF_WEE": 1, "DAY_OF_W_1": "Sunday", "MILT_TIME": 207, "CASE_NUM": 20210905020700, "CRSH_TYPE_": 27, "CRASH_TYPE": "Head on", "CRSH_LEVL": 1, "PRIMARY_CA": 6, "PRIMARY__1": "Exceeded authorized speed limit", "SECONDARY_": "0", "SECONDARY1": " ", "LATITUDE": 35.233741, "LONGITUDE": -80.826852, "StreetID": null }, "geometry": { "type": "Point", "coordinates": [ -80.826848763451693, 35.2337341169032 ] } },
{ "type": "Feature", "properties": { "OBJECTID": 6776, "CRSH_ID": 1202886, "DATE_VAL_Y": 2023, "DATE_VAL_M": 2, "DATE_VAL_1": "February", "DATE_VAL_D": 18, "DAY_OF_WEE": 7, "DAY_OF_W_1": "Saturday", "MILT_TIME": 1742, "CASE_NUM": 20230217174203, "CRSH_TYPE_": 21, "CRASH_TYPE": "Rear end, slow or stop", "CRSH_LEVL": 2, "PRIMARY_CA": 6, "PRIMARY__1": "Exceeded authorized speed limit", "SECONDARY_": "0", "SECONDARY1": " ", "LATITUDE": 35.25879, "LONGITUDE": -80.87321, "StreetID": null }, "geometry": { "type": "Point", "coordinates": [ -80.873206746790402, 35.258783111865299 ] } },
{ "type": "Feature", "properties": { "OBJECTID": 6777, "CRSH_ID": 2244260, "DATE_VAL_Y": 2021, "DATE_VAL_M": 7, "DATE_VAL_1": "July", "DATE_VAL_D": 31, "DAY_OF_WEE": 7, "DAY_OF_W_1": "Saturday", "MILT_TIME": 46, "CASE_NUM": 20210731004602, "CRSH_TYPE_": 14, "CRASH_TYPE": "Pedestrian", "CRSH_LEVL": 1, "PRIMARY_CA": 30, "PRIMARY__1": "Alcohol use", "SECONDARY_": "0", "SECONDARY1": " ", "LATITUDE": 35.216008, "LONGITUDE": -80.884361, "StreetID": null }, "geometry": { "type": "Point", "coordinates": [ -80.884357746714798, 35.2160011212112 ] } },
{ "type": "Feature", "properties": { "OBJECTID": 6778, "CRSH_ID": 1275814, "DATE_VAL_Y": 2024, "DATE_VAL_M": 10, "DATE_VAL_1": "October", "DATE_VAL_D": 17, "DAY_OF_WEE": 5, "DAY_OF_W_1": "Thursday", "MILT_TIME": 1706, "CASE_NUM": 20241017170602, "CRSH_TYPE_": 1, "CRASH_TYPE": "Ran off road right", "CRSH_LEVL": 1, "PRIMARY_CA": 6, "PRIMARY__1": "Exceeded authorized speed limit", "SECONDARY_": "0", "SECONDARY1": " ", "LATITUDE": 35.378121, "LONGITUDE": -80.775871, "StreetID": null }, "geometry": { "type": "Point", "coordinates": [ -80.775867770098401, 35.378114082453301 ] } },
{ "type": "Feature", "properties": { "OBJECTID": 6779, "CRSH_ID": 1227811, "DATE_VAL_Y": 2023, "DATE_VAL_M": 9, "DATE_VAL_1": "September", "DATE_VAL_D": 20, "DAY_OF_WEE": 4, "DAY_OF_W_1": "Wednesday", "MILT_TIME": 2332, "CASE_NUM": 20230920233200, "CRSH_TYPE_": 1, "CRASH_TYPE": "Ran off road right", "CRSH_LEVL": 1, "PRIMARY_CA": 33, "PRIMARY__1": "Unable to determine", "SECONDARY_": "0", "SECONDARY1": " ", "LATITUDE": 35.11793, "LONGITUDE": -80.86454, "StreetID": null }, "geometry": { "type": "Point", "coordinates": [ -80.864536757451503, 35.1179231412249 ] } },
{ "type": "Feature", "properties": { "OBJECTID": 6780, "CRSH_ID": 1217561, "DATE_VAL_Y": 2023, "DATE_VAL_M": 6, "DATE_VAL_1": "June", "DATE_VAL_D": 27, "DAY_OF_WEE": 3, "DAY_OF_W_1": "Tuesday", "MILT_TIME": 1535, "CASE_NUM": 20230627153502, "CRSH_TYPE_": 27, "CRASH_TYPE": "Head on", "CRSH_LEVL": 2, "PRIMARY_CA": 26, "PRIMARY__1": "Operated vehicle in erratic, reckless, careless, negligent or aggressive manner", "SECONDARY_": "0", "SECONDARY1": " ", "LATITUDE": 35.22212, "LONGITUDE": -80.77952, "StreetID": null }, "geometry": { "type": "Point", "coordinates": [ -80.779516777435603, 35.222113117243097 ] } },
{ "type": "Feature", "properties": { "OBJECTID": 6781, "CRSH_ID": 1075473, "DATE_VAL_Y": 2020, "DATE_VAL_M": 10, "DATE_VAL_1": "October", "DATE_VAL_D": 6, "DAY_OF_WEE": 3, "DAY_OF_W_1": "Tuesday", "MILT_TIME": 2030, "CASE_NUM": 20201006203009, "CRSH_TYPE_": 14, "CRASH_TYPE": "Pedestrian", "CRSH_LEVL": 2, "PRIMARY_CA": 0, "PRIMARY__1": "No contributing circumstance indicated", "SECONDARY_": "0", "SECONDARY1": " ", "LATITUDE": 35.204956, "LONGITUDE": -80.738509, "StreetID": null }, "geometry": { "type": "Point", "coordinates": [ -80.738505789989802, 35.204949118192502 ] } },
{ "type": "Feature", "properties": { "OBJECTID": 6782, "CRSH_ID": 1236519, "DATE_VAL_Y": 2023, "DATE_VAL_M": 11, "DATE_VAL_1": "November", "DATE_VAL_D": 30, "DAY_OF_WEE": 5, "DAY_OF_W_1": "Thursday", "MILT_TIME": 3, "CASE_NUM": 20231130000301, "CRSH_TYPE_": 14, "CRASH_TYPE": "Pedestrian", "CRSH_LEVL": 1, "PRIMARY_CA": 0, "PRIMARY__1": "No contributing circumstance indicated", "SECONDARY_": "0", "SECONDARY1": " ", "LATITUDE": 35.2368, "LONGITUDE": -80.801783, "StreetID": null }, "geometry": { "type": "Point", "coordinates": [ -80.801779770710496, 35.236793113803401 ] } },
{ "type": "Feature", "properties": { "OBJECTID": 6783, "CRSH_ID": 1221522, "DATE_VAL_Y": 2023, "DATE_VAL_M": 8, "DATE_VAL_1": "August", "DATE_VAL_D": 2, "DAY_OF_WEE": 4, "DAY_OF_W_1": "Wednesday", "MILT_TIME": 1906, "CASE_NUM": 20230802190802, "CRSH_TYPE_": 1, "CRASH_TYPE": "Ran off road right", "CRSH_LEVL": 1, "PRIMARY_CA": 6, "PRIMARY__1": "Exceeded authorized speed limit", "SECONDARY_": "0", "SECONDARY1": " ", "LATITUDE": 35.32132, "LONGITUDE": -80.73403, "StreetID": null }, "geometry": { "type": "Point", "coordinates": [ -80.734026785955294, 35.321313094847 ] } },
{ "type": "Feature", "properties": { "OBJECTID": 6784, "CRSH_ID": 1032834, "DATE_VAL_Y": 2020, "DATE_VAL_M": 6, "DATE_VAL_1": "June", "DATE_VAL_D": 15, "DAY_OF_WEE": 2, "DAY_OF_W_1": "Monday", "MILT_TIME": 2125, "CASE_NUM": 20200615212500, "CRSH_TYPE_": 27, "CRASH_TYPE": "Head on", "CRSH_LEVL": 1, "PRIMARY_CA": 11, "PRIMARY__1": "Crossed centerline/going wrong way", "SECONDARY_": "0", "SECONDARY1": " ", "LATITUDE": 35.169608, "LONGITUDE": -80.904743, "StreetID": null }, "geometry": { "type": "Point", "coordinates": [ -80.904739743244406, 35.169601131554401 ] } },
{ "type": "Feature", "properties": { "OBJECTID": 6785, "CRSH_ID": 1079494, "DATE_VAL_Y": 2021, "DATE_VAL_M": 2, "DATE_VAL_1": "February", "DATE_VAL_D": 27, "DAY_OF_WEE": 7, "DAY_OF_W_1": "Saturday", "MILT_TIME": 2006, "CASE_NUM": 20210227200600, "CRSH_TYPE_": 21, "CRASH_TYPE": "Rear end, slow or stop", "CRSH_LEVL": 2, "PRIMARY_CA": 0, "PRIMARY__1": "No contributing circumstance indicated", "SECONDARY_": "0", "SECONDARY1": " ", "LATITUDE": 35.225665, "LONGITUDE": -80.845282, "StreetID": null }, "geometry": { "type": "Point", "coordinates": [ -80.845278756430204, 35.225658117893801 ] } },
{ "type": "Feature", "properties": { "OBJECTID": 6786, "CRSH_ID": 1050515, "DATE_VAL_Y": 2020, "DATE_VAL_M": 10, "DATE_VAL_1": "October", "DATE_VAL_D": 10, "DAY_OF_WEE": 7, "DAY_OF_W_1": "Saturday", "MILT_TIME": 1402, "CASE_NUM": 20201010140200, "CRSH_TYPE_": 30, "CRASH_TYPE": "Angle", "CRSH_LEVL": 2, "PRIMARY_CA": 30, "PRIMARY__1": "Alcohol use", "SECONDARY_": "0", "SECONDARY1": " ", "LATITUDE": 35.307648, "LONGITUDE": -80.75238, "StreetID": null }, "geometry": { "type": "Point", "coordinates": [ -80.752376781839303, 35.3076410963236 ] } },
{ "type": "Feature", "properties": { "OBJECTID": 6787, "CRSH_ID": 1235987, "DATE_VAL_Y": 2023, "DATE_VAL_M": 11, "DATE_VAL_1": "November", "DATE_VAL_D": 10, "DAY_OF_WEE": 6, "DAY_OF_W_1": "Friday", "MILT_TIME": 1757, "CASE_NUM": 20231109175701, "CRSH_TYPE_": 14, "CRASH_TYPE": "Pedestrian", "CRSH_LEVL": 2, "PRIMARY_CA": 0, "PRIMARY__1": "No contributing circumstance indicated", "SECONDARY_": "0", "SECONDARY1": " ", "LATITUDE": 35.247289, "LONGITUDE": -80.904093, "StreetID": null }, "geometry": { "type": "Point", "coordinates": [ -80.904089739112194, 35.247282115709297 ] } },
{ "type": "Feature", "properties": { "OBJECTID": 6788, "CRSH_ID": 1209194, "DATE_VAL_Y": 2023, "DATE_VAL_M": 4, "DATE_VAL_1": "April", "DATE_VAL_D": 20, "DAY_OF_WEE": 5, "DAY_OF_W_1": "Thursday", "MILT_TIME": 2213, "CASE_NUM": 20230420221300, "CRSH_TYPE_": 1, "CRASH_TYPE": "Ran off road right", "CRSH_LEVL": 1, "PRIMARY_CA": 14, "PRIMARY__1": "Overcorrected/oversteered", "SECONDARY_": "0", "SECONDARY1": " ", "LATITUDE": 35.258576, "LONGITUDE": -80.777216, "StreetID": null }, "geometry": { "type": "Point", "coordinates": [ -80.777212776057596, 35.258569107800803 ] } },
{ "type": "Feature", "properties": { "OBJECTID": 6789, "CRSH_ID": 1265740, "DATE_VAL_Y": 2024, "DATE_VAL_M": 5, "DATE_VAL_1": "May", "DATE_VAL_D": 12, "DAY_OF_WEE": 1, "DAY_OF_W_1": "Sunday", "MILT_TIME": 1441, "CASE_NUM": 20240512144101, "CRSH_TYPE_": 14, "CRASH_TYPE": "Pedestrian", "CRSH_LEVL": 1, "PRIMARY_CA": 0, "PRIMARY__1": "No contributing circumstance indicated", "SECONDARY_": "0", "SECONDARY1": " ", "LATITUDE": 35.15597, "LONGITUDE": -80.795735, "StreetID": null }, "geometry": { "type": "Point", "coordinates": [ -80.795731775263604, 35.155963130217003 ] } },
{ "type": "Feature", "properties": { "OBJECTID": 6790, "CRSH_ID": 1255094, "DATE_VAL_Y": 2024, "DATE_VAL_M": 4, "DATE_VAL_1": "April", "DATE_VAL_D": 28, "DAY_OF_WEE": 1, "DAY_OF_W_1": "Sunday", "MILT_TIME": 33, "CASE_NUM": 20240428003304, "CRSH_TYPE_": 2, "CRASH_TYPE": "Ran off road left", "CRSH_LEVL": 1, "PRIMARY_CA": 6, "PRIMARY__1": "Exceeded authorized speed limit", "SECONDARY_": "0", "SECONDARY1": " ", "LATITUDE": 35.209297, "LONGITUDE": -80.663961, "StreetID": null }, "geometry": { "type": "Point", "coordinates": [ -80.663957811449805, 35.209290114911497 ] } },
{ "type": "Feature", "properties": { "OBJECTID": 6791, "CRSH_ID": 1198495, "DATE_VAL_Y": 2023, "DATE_VAL_M": 1, "DATE_VAL_1": "January", "DATE_VAL_D": 20, "DAY_OF_WEE": 6, "DAY_OF_W_1": "Friday", "MILT_TIME": 710, "CASE_NUM": 20230120071002, "CRSH_TYPE_": 22, "CRASH_TYPE": "Rear end, turn", "CRSH_LEVL": 2, "PRIMARY_CA": 33, "PRIMARY__1": "Unable to determine", "SECONDARY_": "0", "SECONDARY1": " ", "LATITUDE": 35.26099, "LONGITUDE": -80.84093, "StreetID": null }, "geometry": { "type": "Point", "coordinates": [ -80.840926757106203, 35.260983109912999 ] } },
{ "type": "Feature", "properties": { "OBJECTID": 6792, "CRSH_ID": 1228000, "DATE_VAL_Y": 2023, "DATE_VAL_M": 9, "DATE_VAL_1": "September", "DATE_VAL_D": 23, "DAY_OF_WEE": 7, "DAY_OF_W_1": "Saturday", "MILT_TIME": 2120, "CASE_NUM": 20230923212003, "CRSH_TYPE_": 23, "CRASH_TYPE": "Left turn, same roadway", "CRSH_LEVL": 2, "PRIMARY_CA": 4, "PRIMARY__1": "Disregarded traffic signals", "SECONDARY_": "0", "SECONDARY1": " ", "LATITUDE": 35.290676, "LONGITUDE": -80.76785, "StreetID": null }, "geometry": { "type": "Point", "coordinates": [ -80.767846777647193, 35.290669101668897 ] } },
{ "type": "Feature", "properties": { "OBJECTID": 6793, "CRSH_ID": 1110867, "DATE_VAL_Y": 2021, "DATE_VAL_M": 7, "DATE_VAL_1": "July", "DATE_VAL_D": 9, "DAY_OF_WEE": 6, "DAY_OF_W_1": "Friday", "MILT_TIME": 2212, "CASE_NUM": 20210709221200, "CRSH_TYPE_": 6, "CRASH_TYPE": "Crossed centerline/median", "CRSH_LEVL": 1, "PRIMARY_CA": 26, "PRIMARY__1": "Operated vehicle in erratic, reckless, careless, negligent or aggressive manner", "SECONDARY_": "0", "SECONDARY1": " ", "LATITUDE": 35.284128, "LONGITUDE": -80.948234, "StreetID": null }, "geometry": { "type": "Point", "coordinates": [ -80.948230722860302, 35.284121109713197 ] } },
{ "type": "Feature", "properties": { "OBJECTID": 6794, "CRSH_ID": 1118664, "DATE_VAL_Y": 2021, "DATE_VAL_M": 9, "DATE_VAL_1": "September", "DATE_VAL_D": 10, "DAY_OF_WEE": 6, "DAY_OF_W_1": "Friday", "MILT_TIME": 2110, "CASE_NUM": 20210910211001, "CRSH_TYPE_": 24, "CRASH_TYPE": "Left turn, different roadways", "CRSH_LEVL": 1, "PRIMARY_CA": 19, "PRIMARY__1": "Failed to yield right of way", "SECONDARY_": "0", "SECONDARY1": " ", "LATITUDE": 35.213095, "LONGITUDE": -80.725719, "StreetID": null }, "geometry": { "type": "Point", "coordinates": [ -80.725715793004795, 35.213088116612802 ] } },
{ "type": "Feature", "properties": { "OBJECTID": 6795, "CRSH_ID": 1124600, "DATE_VAL_Y": 2021, "DATE_VAL_M": 11, "DATE_VAL_1": "November", "DATE_VAL_D": 5, "DAY_OF_WEE": 6, "DAY_OF_W_1": "Friday", "MILT_TIME": 1800, "CASE_NUM": 20211105180004, "CRSH_TYPE_": 24, "CRASH_TYPE": "Left turn, different roadways", "CRSH_LEVL": 2, "PRIMARY_CA": 19, "PRIMARY__1": "Failed to yield right of way", "SECONDARY_": "0", "SECONDARY1": " ", "LATITUDE": 35.245134, "LONGITUDE": -80.896508, "StreetID": null }, "geometry": { "type": "Point", "coordinates": [ -80.896504740527604, 35.245127114835498 ] } },
{ "type": "Feature", "properties": { "OBJECTID": 6796, "CRSH_ID": 1050231, "DATE_VAL_Y": 2020, "DATE_VAL_M": 6, "DATE_VAL_1": "June", "DATE_VAL_D": 25, "DAY_OF_WEE": 5, "DAY_OF_W_1": "Thursday", "MILT_TIME": 511, "CASE_NUM": 20200625051100, "CRSH_TYPE_": 27, "CRASH_TYPE": "Head on", "CRSH_LEVL": 1, "PRIMARY_CA": 11, "PRIMARY__1": "Crossed centerline/going wrong way", "SECONDARY_": "0", "SECONDARY1": " ", "LATITUDE": 35.22716, "LONGITUDE": -80.680903, "StreetID": null }, "geometry": { "type": "Point", "coordinates": [ -80.680899807079996, 35.227153110917598 ] } },
{ "type": "Feature", "properties": { "OBJECTID": 6797, "CRSH_ID": 1240555, "DATE_VAL_Y": 2023, "DATE_VAL_M": 12, "DATE_VAL_1": "December", "DATE_VAL_D": 25, "DAY_OF_WEE": 2, "DAY_OF_W_1": "Monday", "MILT_TIME": 1952, "CASE_NUM": 20231225195200, "CRSH_TYPE_": 14, "CRASH_TYPE": "Pedestrian", "CRSH_LEVL": 1, "PRIMARY_CA": 34, "PRIMARY__1": "Unknown", "SECONDARY_": "0", "SECONDARY1": " ", "LATITUDE": 35.2036, "LONGITUDE": -80.76016, "StreetID": null }, "geometry": { "type": "Point", "coordinates": [ -80.760156785139799, 35.203593119028596 ] } },
{ "type": "Feature", "properties": { "OBJECTID": 6798, "CRSH_ID": 1275815, "DATE_VAL_Y": 2024, "DATE_VAL_M": 10, "DATE_VAL_1": "October", "DATE_VAL_D": 20, "DAY_OF_WEE": 1, "DAY_OF_W_1": "Sunday", "MILT_TIME": 714, "CASE_NUM": 20241020071403, "CRSH_TYPE_": 1, "CRASH_TYPE": "Ran off road right", "CRSH_LEVL": 1, "PRIMARY_CA": 6, "PRIMARY__1": "Exceeded authorized speed limit", "SECONDARY_": "0", "SECONDARY1": " ", "LATITUDE": 35.342, "LONGITUDE": -80.82442, "StreetID": null }, "geometry": { "type": "Point", "coordinates": [ -80.824416758722293, 35.341993092174697 ] } },
{ "type": "Feature", "properties": { "OBJECTID": 6799, "CRSH_ID": 1068657, "DATE_VAL_Y": 2021, "DATE_VAL_M": 1, "DATE_VAL_1": "January", "DATE_VAL_D": 5, "DAY_OF_WEE": 3, "DAY_OF_W_1": "Tuesday", "MILT_TIME": 820, "CASE_NUM": 20210105082003, "CRSH_TYPE_": 21, "CRASH_TYPE": "Rear end, slow or stop", "CRSH_LEVL": 2, "PRIMARY_CA": 4, "PRIMARY__1": "Disregarded traffic signals", "SECONDARY_": "0", "SECONDARY1": " ", "LATITUDE": 35.136606, "LONGITUDE": -80.78325, "StreetID": null }, "geometry": { "type": "Point", "coordinates": [ -80.783246780865795, 35.1365991354022 ] } },
{ "type": "Feature", "properties": { "OBJECTID": 6800, "CRSH_ID": 1180103, "DATE_VAL_Y": 2022, "DATE_VAL_M": 11, "DATE_VAL_1": "November", "DATE_VAL_D": 1, "DAY_OF_WEE": 3, "DAY_OF_W_1": "Tuesday", "MILT_TIME": 2128, "CASE_NUM": 20221101212800, "CRSH_TYPE_": 24, "CRASH_TYPE": "Left turn, different roadways", "CRSH_LEVL": 2, "PRIMARY_CA": 33, "PRIMARY__1": "Unable to determine", "SECONDARY_": "0", "SECONDARY1": " ", "LATITUDE": 35.279468, "LONGITUDE": -80.793483, "StreetID": null }, "geometry": { "type": "Point", "coordinates": [ -80.793479770433706, 35.279461105535901 ] } },
{ "type": "Feature", "properties": { "OBJECTID": 6801, "CRSH_ID": 1267225, "DATE_VAL_Y": 2024, "DATE_VAL_M": 8, "DATE_VAL_1": "August", "DATE_VAL_D": 19, "DAY_OF_WEE": 2, "DAY_OF_W_1": "Monday", "MILT_TIME": 1628, "CASE_NUM": 20240819162800, "CRSH_TYPE_": 14, "CRASH_TYPE": "Pedestrian", "CRSH_LEVL": 1, "PRIMARY_CA": 4, "PRIMARY__1": "Disregarded traffic signals", "SECONDARY_": "0", "SECONDARY1": " ", "LATITUDE": 35.100043, "LONGITUDE": -80.778757, "StreetID": null }, "geometry": { "type": "Point", "coordinates": [ -80.7787537839409, 35.100036141929301 ] } },
{ "type": "Feature", "properties": { "OBJECTID": 6802, "CRSH_ID": 1220831, "DATE_VAL_Y": 2023, "DATE_VAL_M": 7, "DATE_VAL_1": "July", "DATE_VAL_D": 27, "DAY_OF_WEE": 5, "DAY_OF_W_1": "Thursday", "MILT_TIME": 1800, "CASE_NUM": 20230727180001, "CRSH_TYPE_": 21, "CRASH_TYPE": "Rear end, slow or stop", "CRSH_LEVL": 2, "PRIMARY_CA": 20, "PRIMARY__1": "Inattention", "SECONDARY_": "0", "SECONDARY1": " ", "LATITUDE": 35.30491, "LONGITUDE": -80.725432, "StreetID": null }, "geometry": { "type": "Point", "coordinates": [ -80.725428789503297, 35.304903096295298 ] } },
{ "type": "Feature", "properties": { "OBJECTID": 6803, "CRSH_ID": 1256949, "DATE_VAL_Y": 2024, "DATE_VAL_M": 5, "DATE_VAL_1": "May", "DATE_VAL_D": 11, "DAY_OF_WEE": 7, "DAY_OF_W_1": "Saturday", "MILT_TIME": 2253, "CASE_NUM": 20240511225301, "CRSH_TYPE_": 23, "CRASH_TYPE": "Left turn, same roadway", "CRSH_LEVL": 1, "PRIMARY_CA": 6, "PRIMARY__1": "Exceeded authorized speed limit", "SECONDARY_": "0", "SECONDARY1": " ", "LATITUDE": 35.224067, "LONGITUDE": -80.778185, "StreetID": null }, "geometry": { "type": "Point", "coordinates": [ -80.778181777484704, 35.224060115589502 ] } },
{ "type": "Feature", "properties": { "OBJECTID": 6804, "CRSH_ID": 1251026, "DATE_VAL_Y": 2024, "DATE_VAL_M": 3, "DATE_VAL_1": "March", "DATE_VAL_D": 30, "DAY_OF_WEE": 7, "DAY_OF_W_1": "Saturday", "MILT_TIME": 1215, "CASE_NUM": 20240330121800, "CRSH_TYPE_": 27, "CRASH_TYPE": "Head on", "CRSH_LEVL": 2, "PRIMARY_CA": 11, "PRIMARY__1": "Crossed centerline/going wrong way", "SECONDARY_": "0", "SECONDARY1": " ", "LATITUDE": 35.200473, "LONGITUDE": -80.722395, "StreetID": null }, "geometry": { "type": "Point", "coordinates": [ -80.722391794842594, 35.200466119563004 ] } },
{ "type": "Feature", "properties": { "OBJECTID": 6805, "CRSH_ID": 1245601, "DATE_VAL_Y": 2024, "DATE_VAL_M": 2, "DATE_VAL_1": "February", "DATE_VAL_D": 14, "DAY_OF_WEE": 4, "DAY_OF_W_1": "Wednesday", "MILT_TIME": 310, "CASE_NUM": 20240214031000, "CRSH_TYPE_": 27, "CRASH_TYPE": "Head on", "CRSH_LEVL": 2, "PRIMARY_CA": 6, "PRIMARY__1": "Exceeded authorized speed limit", "SECONDARY_": "0", "SECONDARY1": " ", "LATITUDE": 35.325744, "LONGITUDE": -80.945085, "StreetID": null }, "geometry": { "type": "Point", "coordinates": [ -80.945081721988302, 35.325737099351599 ] } },
{ "type": "Feature", "properties": { "OBJECTID": 6806, "CRSH_ID": 1088443, "DATE_VAL_Y": 2021, "DATE_VAL_M": 4, "DATE_VAL_1": "April", "DATE_VAL_D": 10, "DAY_OF_WEE": 7, "DAY_OF_W_1": "Saturday", "MILT_TIME": 1838, "CASE_NUM": 20210410183801, "CRSH_TYPE_": 14, "CRASH_TYPE": "Pedestrian", "CRSH_LEVL": 2, "PRIMARY_CA": 0, "PRIMARY__1": " ", "SECONDARY_": "0", "SECONDARY1": " ", "LATITUDE": 35.113071, "LONGITUDE": -80.785682, "StreetID": null }, "geometry": { "type": "Point", "coordinates": [ -80.785678781357802, 35.113064140664001 ] } },
{ "type": "Feature", "properties": { "OBJECTID": 6807, "CRSH_ID": 1142152, "DATE_VAL_Y": 2022, "DATE_VAL_M": 5, "DATE_VAL_1": "May", "DATE_VAL_D": 16, "DAY_OF_WEE": 2, "DAY_OF_W_1": "Monday", "MILT_TIME": 2038, "CASE_NUM": 20220516203805, "CRSH_TYPE_": 23, "CRASH_TYPE": "Left turn, same roadway", "CRSH_LEVL": 1, "PRIMARY_CA": 19, "PRIMARY__1": "Failed to yield right of way", "SECONDARY_": "0", "SECONDARY1": " ", "LATITUDE": 35.27092, "LONGITUDE": -80.88863, "StreetID": null }, "geometry": { "type": "Point", "coordinates": [ -80.888626742717705, 35.270913109952701 ] } },
{ "type": "Feature", "properties": { "OBJECTID": 6808, "CRSH_ID": 1116031, "DATE_VAL_Y": 2021, "DATE_VAL_M": 8, "DATE_VAL_1": "August", "DATE_VAL_D": 14, "DAY_OF_WEE": 7, "DAY_OF_W_1": "Saturday", "MILT_TIME": 255, "CASE_NUM": 20210814025502, "CRSH_TYPE_": 29, "CRASH_TYPE": "Sideswipe, opposite direction", "CRSH_LEVL": 2, "PRIMARY_CA": 11, "PRIMARY__1": "Crossed centerline/going wrong way", "SECONDARY_": "0", "SECONDARY1": " ", "LATITUDE": 35.190348, "LONGITUDE": -80.957605, "StreetID": null }, "geometry": { "type": "Point", "coordinates": [ -80.957601725774396, 35.1903411307173 ] } },
{ "type": "Feature", "properties": { "OBJECTID": 6809, "CRSH_ID": 1092627, "DATE_VAL_Y": 2021, "DATE_VAL_M": 4, "DATE_VAL_1": "April", "DATE_VAL_D": 29, "DAY_OF_WEE": 5, "DAY_OF_W_1": "Thursday", "MILT_TIME": 1639, "CASE_NUM": 20210429163900, "CRSH_TYPE_": 21, "CRASH_TYPE": "Rear end, slow or stop", "CRSH_LEVL": 2, "PRIMARY_CA": 25, "PRIMARY__1": "Followed too closely", "SECONDARY_": "0", "SECONDARY1": " ", "LATITUDE": 35.30106, "LONGITUDE": -80.80572, "StreetID": null }, "geometry": { "type": "Point", "coordinates": [ -80.805716764729496, 35.301053100188902 ] } },
{ "type": "Feature", "properties": { "OBJECTID": 6810, "CRSH_ID": 1195768, "DATE_VAL_Y": 2022, "DATE_VAL_M": 12, "DATE_VAL_1": "December", "DATE_VAL_D": 26, "DAY_OF_WEE": 2, "DAY_OF_W_1": "Monday", "MILT_TIME": 954, "CASE_NUM": 20221226095401, "CRSH_TYPE_": 14, "CRASH_TYPE": "Pedestrian", "CRSH_LEVL": 2, "PRIMARY_CA": 26, "PRIMARY__1": "Operated vehicle in erratic, reckless, careless, negligent or aggressive manner", "SECONDARY_": "0", "SECONDARY1": " ", "LATITUDE": 35.262998, "LONGITUDE": -80.854685, "StreetID": null }, "geometry": { "type": "Point", "coordinates": [ -80.854681752509407, 35.262991111307798 ] } },
{ "type": "Feature", "properties": { "OBJECTID": 6811, "CRSH_ID": 1140286, "DATE_VAL_Y": 2022, "DATE_VAL_M": 4, "DATE_VAL_1": "April", "DATE_VAL_D": 30, "DAY_OF_WEE": 7, "DAY_OF_W_1": "Saturday", "MILT_TIME": 2010, "CASE_NUM": 20220430201000, "CRSH_TYPE_": 23, "CRASH_TYPE": "Left turn, same roadway", "CRSH_LEVL": 1, "PRIMARY_CA": 34, "PRIMARY__1": "Unknown", "SECONDARY_": "0", "SECONDARY1": " ", "LATITUDE": 35.318804, "LONGITUDE": -80.729515, "StreetID": null }, "geometry": { "type": "Point", "coordinates": [ -80.729511788403997, 35.318797094289501 ] } },
{ "type": "Feature", "properties": { "OBJECTID": 6812, "CRSH_ID": 1121074, "DATE_VAL_Y": 2021, "DATE_VAL_M": 10, "DATE_VAL_1": "October", "DATE_VAL_D": 4, "DAY_OF_WEE": 2, "DAY_OF_W_1": "Monday", "MILT_TIME": 1439, "CASE_NUM": 20211004143905, "CRSH_TYPE_": 29, "CRASH_TYPE": "Sideswipe, opposite direction", "CRSH_LEVL": 1, "PRIMARY_CA": 11, "PRIMARY__1": "Crossed centerline/going wrong way", "SECONDARY_": "0", "SECONDARY1": " ", "LATITUDE": 35.178461, "LONGITUDE": -80.80146, "StreetID": null }, "geometry": { "type": "Point", "coordinates": [ -80.801456774383198, 35.178454126086301 ] } },
{ "type": "Feature", "properties": { "OBJECTID": 6813, "CRSH_ID": 1281627, "DATE_VAL_Y": 2024, "DATE_VAL_M": 12, "DATE_VAL_1": "December", "DATE_VAL_D": 10, "DAY_OF_WEE": 3, "DAY_OF_W_1": "Tuesday", "MILT_TIME": 1436, "CASE_NUM": 20241210143603, "CRSH_TYPE_": 30, "CRASH_TYPE": "Angle", "CRSH_LEVL": 2, "PRIMARY_CA": 20, "PRIMARY__1": "Inattention", "SECONDARY_": "0", "SECONDARY1": " ", "LATITUDE": 35.088543, "LONGITUDE": -80.867038, "StreetID": null }, "geometry": { "type": "Point", "coordinates": [ -80.867034758710801, 35.088536149281701 ] } },
{ "type": "Feature", "properties": { "OBJECTID": 6814, "CRSH_ID": 1166229, "DATE_VAL_Y": 2022, "DATE_VAL_M": 7, "DATE_VAL_1": "July", "DATE_VAL_D": 17, "DAY_OF_WEE": 1, "DAY_OF_W_1": "Sunday", "MILT_TIME": 226, "CASE_NUM": 20220717022601, "CRSH_TYPE_": 19, "CRASH_TYPE": "Fixed object", "CRSH_LEVL": 2, "PRIMARY_CA": 26, "PRIMARY__1": "Operated vehicle in erratic, reckless, careless, negligent or aggressive manner", "SECONDARY_": "0", "SECONDARY1": " ", "LATITUDE": 35.220921, "LONGITUDE": -80.851202, "StreetID": null }, "geometry": { "type": "Point", "coordinates": [ -80.851198757533794, 35.220914120439602 ] } },
{ "type": "Feature", "properties": { "OBJECTID": 6815, "CRSH_ID": 1253906, "DATE_VAL_Y": 2024, "DATE_VAL_M": 4, "DATE_VAL_1": "April", "DATE_VAL_D": 23, "DAY_OF_WEE": 3, "DAY_OF_W_1": "Tuesday", "MILT_TIME": 2323, "CASE_NUM": 20240423231700, "CRSH_TYPE_": 2, "CRASH_TYPE": "Ran off road left", "CRSH_LEVL": 2, "PRIMARY_CA": 6, "PRIMARY__1": "Exceeded authorized speed limit", "SECONDARY_": "0", "SECONDARY1": " ", "LATITUDE": 35.259636, "LONGITUDE": -80.668989, "StreetID": null }, "geometry": { "type": "Point", "coordinates": [ -80.668985807543606, 35.259629104536103 ] } },
{ "type": "Feature", "properties": { "OBJECTID": 6816, "CRSH_ID": 1118306, "DATE_VAL_Y": 2021, "DATE_VAL_M": 9, "DATE_VAL_1": "September", "DATE_VAL_D": 6, "DAY_OF_WEE": 2, "DAY_OF_W_1": "Monday", "MILT_TIME": 240, "CASE_NUM": 20210906024301, "CRSH_TYPE_": 1, "CRASH_TYPE": "Ran off road right", "CRSH_LEVL": 2, "PRIMARY_CA": 6, "PRIMARY__1": "Exceeded authorized speed limit", "SECONDARY_": "0", "SECONDARY1": " ", "LATITUDE": 35.12892, "LONGITUDE": -80.938436, "StreetID": null }, "geometry": { "type": "Point", "coordinates": [ -80.938432734984502, 35.128913141716502 ] } },
{ "type": "Feature", "properties": { "OBJECTID": 6817, "CRSH_ID": 2244258, "DATE_VAL_Y": 2021, "DATE_VAL_M": 7, "DATE_VAL_1": "July", "DATE_VAL_D": 5, "DAY_OF_WEE": 2, "DAY_OF_W_1": "Monday", "MILT_TIME": 415, "CASE_NUM": 20210705041502, "CRSH_TYPE_": 14, "CRASH_TYPE": "Pedestrian", "CRSH_LEVL": 1, "PRIMARY_CA": 33, "PRIMARY__1": "Unable to determine", "SECONDARY_": "0", "SECONDARY1": " ", "LATITUDE": 35.262204, "LONGITUDE": -80.887257, "StreetID": null }, "geometry": { "type": "Point", "coordinates": [ -80.887253743063397, 35.2621971121185 ] } },
{ "type": "Feature", "properties": { "OBJECTID": 6818, "CRSH_ID": 1221748, "DATE_VAL_Y": 2023, "DATE_VAL_M": 7, "DATE_VAL_1": "July", "DATE_VAL_D": 27, "DAY_OF_WEE": 5, "DAY_OF_W_1": "Thursday", "MILT_TIME": 1007, "CASE_NUM": 20230727100701, "CRSH_TYPE_": 21, "CRASH_TYPE": "Rear end, slow or stop", "CRSH_LEVL": 1, "PRIMARY_CA": 6, "PRIMARY__1": "Exceeded authorized speed limit", "SECONDARY_": "0", "SECONDARY1": " ", "LATITUDE": 35.111123, "LONGITUDE": -80.898625, "StreetID": null }, "geometry": { "type": "Point", "coordinates": [ -80.898621748086001, 35.1111161449778 ] } },
{ "type": "Feature", "properties": { "OBJECTID": 6819, "CRSH_ID": 1122229, "DATE_VAL_Y": 2021, "DATE_VAL_M": 10, "DATE_VAL_1": "October", "DATE_VAL_D": 15, "DAY_OF_WEE": 6, "DAY_OF_W_1": "Friday", "MILT_TIME": 706, "CASE_NUM": 20211015070601, "CRSH_TYPE_": 23, "CRASH_TYPE": "Left turn, same roadway", "CRSH_LEVL": 1, "PRIMARY_CA": 19, "PRIMARY__1": "Failed to yield right of way", "SECONDARY_": "0", "SECONDARY1": " ", "LATITUDE": 35.1511, "LONGITUDE": -80.839974, "StreetID": null }, "geometry": { "type": "Point", "coordinates": [ -80.839970763177902, 35.1510931336312 ] } },
{ "type": "Feature", "properties": { "OBJECTID": 6820, "CRSH_ID": 1194068, "DATE_VAL_Y": 2022, "DATE_VAL_M": 12, "DATE_VAL_1": "December", "DATE_VAL_D": 12, "DAY_OF_WEE": 2, "DAY_OF_W_1": "Monday", "MILT_TIME": 1822, "CASE_NUM": 20221212182201, "CRSH_TYPE_": 2, "CRASH_TYPE": "Ran off road left", "CRSH_LEVL": 2, "PRIMARY_CA": 32, "PRIMARY__1": "Other*", "SECONDARY_": "0", "SECONDARY1": " ", "LATITUDE": 35.062082, "LONGITUDE": -80.81967, "StreetID": null }, "geometry": { "type": "Point", "coordinates": [ -80.819666773353006, 35.062075151988402 ] } },
{ "type": "Feature", "properties": { "OBJECTID": 6821, "CRSH_ID": 1031347, "DATE_VAL_Y": 2020, "DATE_VAL_M": 4, "DATE_VAL_1": "April", "DATE_VAL_D": 26, "DAY_OF_WEE": 1, "DAY_OF_W_1": "Sunday", "MILT_TIME": 333, "CASE_NUM": 20200426033300, "CRSH_TYPE_": 14, "CRASH_TYPE": "Pedestrian", "CRSH_LEVL": 1, "PRIMARY_CA": 0, "PRIMARY__1": " ", "SECONDARY_": "0", "SECONDARY1": " ", "LATITUDE": 35.231193, "LONGITUDE": -80.729559, "StreetID": null }, "geometry": { "type": "Point", "coordinates": [ -80.729555792147707, 35.231186112483002 ] } },
{ "type": "Feature", "properties": { "OBJECTID": 6822, "CRSH_ID": 1249204, "DATE_VAL_Y": 2024, "DATE_VAL_M": 3, "DATE_VAL_1": "March", "DATE_VAL_D": 14, "DAY_OF_WEE": 5, "DAY_OF_W_1": "Thursday", "MILT_TIME": 2259, "CASE_NUM": 20240314225900, "CRSH_TYPE_": 1, "CRASH_TYPE": "Ran off road right", "CRSH_LEVL": 2, "PRIMARY_CA": 32, "PRIMARY__1": "Other*", "SECONDARY_": "0", "SECONDARY1": " ", "LATITUDE": 35.198459, "LONGITUDE": -80.829429, "StreetID": null }, "geometry": { "type": "Point", "coordinates": [ -80.829425763045805, 35.1984521228907 ] } },
{ "type": "Feature", "properties": { "OBJECTID": 6823, "CRSH_ID": 1248284, "DATE_VAL_Y": 2024, "DATE_VAL_M": 3, "DATE_VAL_1": "March", "DATE_VAL_D": 8, "DAY_OF_WEE": 6, "DAY_OF_W_1": "Friday", "MILT_TIME": 652, "CASE_NUM": 20240308065202, "CRSH_TYPE_": 23, "CRASH_TYPE": "Left turn, same roadway", "CRSH_LEVL": 1, "PRIMARY_CA": 0, "PRIMARY__1": "No contributing circumstance indicated", "SECONDARY_": "0", "SECONDARY1": " ", "LATITUDE": 35.165397, "LONGITUDE": -80.877715, "StreetID": null }, "geometry": { "type": "Point", "coordinates": [ -80.877711750831907, 35.1653901318845 ] } },
{ "type": "Feature", "properties": { "OBJECTID": 6824, "CRSH_ID": 1236175, "DATE_VAL_Y": 2023, "DATE_VAL_M": 11, "DATE_VAL_1": "November", "DATE_VAL_D": 27, "DAY_OF_WEE": 2, "DAY_OF_W_1": "Monday", "MILT_TIME": 1802, "CASE_NUM": 20231127180204, "CRSH_TYPE_": 24, "CRASH_TYPE": "Left turn, different roadways", "CRSH_LEVL": 2, "PRIMARY_CA": 1, "PRIMARY__1": "Disregarded yield sign", "SECONDARY_": "0", "SECONDARY1": " ", "LATITUDE": 35.258632, "LONGITUDE": -80.779384, "StreetID": null }, "geometry": { "type": "Point", "coordinates": [ -80.779380774588702, 35.258625109486303 ] } },
{ "type": "Feature", "properties": { "OBJECTID": 6825, "CRSH_ID": 1029243, "DATE_VAL_Y": 2020, "DATE_VAL_M": 6, "DATE_VAL_1": "June", "DATE_VAL_D": 27, "DAY_OF_WEE": 7, "DAY_OF_W_1": "Saturday", "MILT_TIME": 2105, "CASE_NUM": 20200627210600, "CRSH_TYPE_": 14, "CRASH_TYPE": "Pedestrian", "CRSH_LEVL": 2, "PRIMARY_CA": 0, "PRIMARY__1": " ", "SECONDARY_": "0", "SECONDARY1": " ", "LATITUDE": 35.220088, "LONGITUDE": -80.8348, "StreetID": null }, "geometry": { "type": "Point", "coordinates": [ -80.8347967610746, 35.2200811194759 ] } },
{ "type": "Feature", "properties": { "OBJECTID": 6826, "CRSH_ID": 1222616, "DATE_VAL_Y": 2023, "DATE_VAL_M": 8, "DATE_VAL_1": "August", "DATE_VAL_D": 5, "DAY_OF_WEE": 7, "DAY_OF_W_1": "Saturday", "MILT_TIME": 1923, "CASE_NUM": 20230805192302, "CRSH_TYPE_": 24, "CRASH_TYPE": "Left turn, different roadways", "CRSH_LEVL": 1, "PRIMARY_CA": 32, "PRIMARY__1": "Other*", "SECONDARY_": "0", "SECONDARY1": " ", "LATITUDE": 35.14445, "LONGITUDE": -80.921399, "StreetID": null }, "geometry": { "type": "Point", "coordinates": [ -80.921395738878402, 35.144443139335799 ] } },
{ "type": "Feature", "properties": { "OBJECTID": 6827, "CRSH_ID": 1226493, "DATE_VAL_Y": 2023, "DATE_VAL_M": 9, "DATE_VAL_1": "September", "DATE_VAL_D": 11, "DAY_OF_WEE": 2, "DAY_OF_W_1": "Monday", "MILT_TIME": 954, "CASE_NUM": 20230911095400, "CRSH_TYPE_": 24, "CRASH_TYPE": "Left turn, different roadways", "CRSH_LEVL": 1, "PRIMARY_CA": 6, "PRIMARY__1": "Exceeded authorized speed limit", "SECONDARY_": "0", "SECONDARY1": " ", "LATITUDE": 35.2469, "LONGITUDE": -80.78118, "StreetID": null }, "geometry": { "type": "Point", "coordinates": [ -80.781176775097705, 35.246893111805903 ] } },
{ "type": "Feature", "properties": { "OBJECTID": 6828, "CRSH_ID": 1259792, "DATE_VAL_Y": 2024, "DATE_VAL_M": 6, "DATE_VAL_1": "June", "DATE_VAL_D": 11, "DAY_OF_WEE": 3, "DAY_OF_W_1": "Tuesday", "MILT_TIME": 1418, "CASE_NUM": 20240611141803, "CRSH_TYPE_": 23, "CRASH_TYPE": "Left turn, same roadway", "CRSH_LEVL": 2, "PRIMARY_CA": 9, "PRIMARY__1": "Improper turn", "SECONDARY_": "0", "SECONDARY1": " ", "LATITUDE": 35.148696, "LONGITUDE": -80.925446, "StreetID": null }, "geometry": { "type": "Point", "coordinates": [ -80.925442736804897, 35.14868913734 ] } },
{ "type": "Feature", "properties": { "OBJECTID": 6829, "CRSH_ID": 1241990, "DATE_VAL_Y": 2024, "DATE_VAL_M": 1, "DATE_VAL_1": "January", "DATE_VAL_D": 13, "DAY_OF_WEE": 7, "DAY_OF_W_1": "Saturday", "MILT_TIME": 1820, "CASE_NUM": 20240113182000, "CRSH_TYPE_": 21, "CRASH_TYPE": "Rear end, slow or stop", "CRSH_LEVL": 2, "PRIMARY_CA": 8, "PRIMARY__1": "Failure to reduce speed", "SECONDARY_": "0", "SECONDARY1": " ", "LATITUDE": 35.30711, "LONGITUDE": -80.87091, "StreetID": null }, "geometry": { "type": "Point", "coordinates": [ -80.870906746031594, 35.307103101669597 ] } },
{ "type": "Feature", "properties": { "OBJECTID": 6830, "CRSH_ID": 1226275, "DATE_VAL_Y": 2023, "DATE_VAL_M": 8, "DATE_VAL_1": "August", "DATE_VAL_D": 7, "DAY_OF_WEE": 2, "DAY_OF_W_1": "Monday", "MILT_TIME": 47, "CASE_NUM": 20230807004701, "CRSH_TYPE_": 14, "CRASH_TYPE": "Pedestrian", "CRSH_LEVL": 1, "PRIMARY_CA": 0, "PRIMARY__1": "No contributing circumstance indicated", "SECONDARY_": "0", "SECONDARY1": " ", "LATITUDE": 35.179653, "LONGITUDE": -80.879634, "StreetID": null }, "geometry": { "type": "Point", "coordinates": [ -80.879630749825793, 35.179646129365899 ] } },
{ "type": "Feature", "properties": { "OBJECTID": 6831, "CRSH_ID": 1099065, "DATE_VAL_Y": 2021, "DATE_VAL_M": 5, "DATE_VAL_1": "May", "DATE_VAL_D": 22, "DAY_OF_WEE": 7, "DAY_OF_W_1": "Saturday", "MILT_TIME": 2152, "CASE_NUM": 20210522215202, "CRSH_TYPE_": 1, "CRASH_TYPE": "Ran off road right", "CRSH_LEVL": 2, "PRIMARY_CA": 6, "PRIMARY__1": "Exceeded authorized speed limit", "SECONDARY_": "0", "SECONDARY1": " ", "LATITUDE": 35.227195, "LONGITUDE": -80.851326, "StreetID": null }, "geometry": { "type": "Point", "coordinates": [ -80.851322755154399, 35.227188117183502 ] } },
{ "type": "Feature", "properties": { "OBJECTID": 6832, "CRSH_ID": 1264929, "DATE_VAL_Y": 2024, "DATE_VAL_M": 7, "DATE_VAL_1": "July", "DATE_VAL_D": 21, "DAY_OF_WEE": 1, "DAY_OF_W_1": "Sunday", "MILT_TIME": 1817, "CASE_NUM": 20240721181701, "CRSH_TYPE_": 28, "CRASH_TYPE": "Sideswipe, same direction", "CRSH_LEVL": 1, "PRIMARY_CA": 2, "PRIMARY__1": "Disregarded stop sign", "SECONDARY_": "0", "SECONDARY1": " ", "LATITUDE": 35.241168, "LONGITUDE": -80.697925, "StreetID": null }, "geometry": { "type": "Point", "coordinates": [ -80.697921801005194, 35.241161108769901 ] } },
{ "type": "Feature", "properties": { "OBJECTID": 6833, "CRSH_ID": 1196279, "DATE_VAL_Y": 2022, "DATE_VAL_M": 12, "DATE_VAL_1": "December", "DATE_VAL_D": 31, "DAY_OF_WEE": 7, "DAY_OF_W_1": "Saturday", "MILT_TIME": 250, "CASE_NUM": 20221231025200, "CRSH_TYPE_": 1, "CRASH_TYPE": "Ran off road right", "CRSH_LEVL": 2, "PRIMARY_CA": 8, "PRIMARY__1": "Failure to reduce speed", "SECONDARY_": "0", "SECONDARY1": " ", "LATITUDE": 35.313198, "LONGITUDE": -80.761734, "StreetID": null }, "geometry": { "type": "Point", "coordinates": [ -80.761730778245195, 35.313191095791296 ] } },
{ "type": "Feature", "properties": { "OBJECTID": 6834, "CRSH_ID": 1134529, "DATE_VAL_Y": 2022, "DATE_VAL_M": 2, "DATE_VAL_1": "February", "DATE_VAL_D": 24, "DAY_OF_WEE": 5, "DAY_OF_W_1": "Thursday", "MILT_TIME": 1453, "CASE_NUM": 20220224145301, "CRSH_TYPE_": 23, "CRASH_TYPE": "Left turn, same roadway", "CRSH_LEVL": 2, "PRIMARY_CA": 20, "PRIMARY__1": "Inattention", "SECONDARY_": "0", "SECONDARY1": " ", "LATITUDE": 35.33208, "LONGITUDE": -80.74407, "StreetID": null }, "geometry": { "type": "Point", "coordinates": [ -80.744066781883703, 35.332073091453204 ] } },
{ "type": "Feature", "properties": { "OBJECTID": 6835, "CRSH_ID": 2244277, "DATE_VAL_Y": 2024, "DATE_VAL_M": 2, "DATE_VAL_1": "February", "DATE_VAL_D": 23, "DAY_OF_WEE": 6, "DAY_OF_W_1": "Friday", "MILT_TIME": 2329, "CASE_NUM": 20240223232900, "CRSH_TYPE_": 15, "CRASH_TYPE": "Pedalcyclist", "CRSH_LEVL": 1, "PRIMARY_CA": 6, "PRIMARY__1": "Exceeded authorized speed limit", "SECONDARY_": "0", "SECONDARY1": " ", "LATITUDE": 35.104975, "LONGITUDE": -80.9842, "StreetID": null }, "geometry": { "type": "Point", "coordinates": [ -80.984196722288402, 35.1049681481691 ] } },
{ "type": "Feature", "properties": { "OBJECTID": 6836, "CRSH_ID": 1231375, "DATE_VAL_Y": 2023, "DATE_VAL_M": 10, "DATE_VAL_1": "October", "DATE_VAL_D": 19, "DAY_OF_WEE": 5, "DAY_OF_W_1": "Thursday", "MILT_TIME": 1810, "CASE_NUM": 20231019181002, "CRSH_TYPE_": 14, "CRASH_TYPE": "Pedestrian", "CRSH_LEVL": 2, "PRIMARY_CA": 34, "PRIMARY__1": "Unknown", "SECONDARY_": "0", "SECONDARY1": " ", "LATITUDE": 35.202494, "LONGITUDE": -80.725997, "StreetID": null }, "geometry": { "type": "Point", "coordinates": [ -80.725993795906703, 35.202487118153201 ] } },
{ "type": "Feature", "properties": { "OBJECTID": 6837, "CRSH_ID": 1257232, "DATE_VAL_Y": 2024, "DATE_VAL_M": 5, "DATE_VAL_1": "May", "DATE_VAL_D": 22, "DAY_OF_WEE": 4, "DAY_OF_W_1": "Wednesday", "MILT_TIME": 58, "CASE_NUM": 20240522005800, "CRSH_TYPE_": 21, "CRASH_TYPE": "Rear end, slow or stop", "CRSH_LEVL": 1, "PRIMARY_CA": 32, "PRIMARY__1": "Other*", "SECONDARY_": "0", "SECONDARY1": " ", "LATITUDE": 35.290663, "LONGITUDE": -80.757112, "StreetID": null }, "geometry": { "type": "Point", "coordinates": [ -80.757108778993697, 35.290656100680401 ] } },
{ "type": "Feature", "properties": { "OBJECTID": 6838, "CRSH_ID": 1090441, "DATE_VAL_Y": 2021, "DATE_VAL_M": 4, "DATE_VAL_1": "April", "DATE_VAL_D": 19, "DAY_OF_WEE": 2, "DAY_OF_W_1": "Monday", "MILT_TIME": 2100, "CASE_NUM": 20210419210304, "CRSH_TYPE_": 21, "CRASH_TYPE": "Rear end, slow or stop", "CRSH_LEVL": 2, "PRIMARY_CA": 8, "PRIMARY__1": "Failure to reduce speed", "SECONDARY_": "0", "SECONDARY1": " ", "LATITUDE": 35.304432, "LONGITUDE": -80.748266, "StreetID": null }, "geometry": { "type": "Point", "coordinates": [ -80.748262782249796, 35.304425097600401 ] } },
{ "type": "Feature", "properties": { "OBJECTID": 6839, "CRSH_ID": 1130182, "DATE_VAL_Y": 2022, "DATE_VAL_M": 1, "DATE_VAL_1": "January", "DATE_VAL_D": 3, "DAY_OF_WEE": 2, "DAY_OF_W_1": "Monday", "MILT_TIME": 1726, "CASE_NUM": 20220103172000, "CRSH_TYPE_": 27, "CRASH_TYPE": "Head on", "CRSH_LEVL": 1, "PRIMARY_CA": 6, "PRIMARY__1": "Exceeded authorized speed limit", "SECONDARY_": "0", "SECONDARY1": " ", "LATITUDE": 35.279193, "LONGITUDE": -80.83439, "StreetID": null }, "geometry": { "type": "Point", "coordinates": [ -80.834386757865104, 35.2791861069162 ] } },
{ "type": "Feature", "properties": { "OBJECTID": 6840, "CRSH_ID": 1121005, "DATE_VAL_Y": 2021, "DATE_VAL_M": 10, "DATE_VAL_1": "October", "DATE_VAL_D": 3, "DAY_OF_WEE": 1, "DAY_OF_W_1": "Sunday", "MILT_TIME": 1834, "CASE_NUM": 20211003183403, "CRSH_TYPE_": 1, "CRASH_TYPE": "Ran off road right", "CRSH_LEVL": 1, "PRIMARY_CA": 26, "PRIMARY__1": "Operated vehicle in erratic, reckless, careless, negligent or aggressive manner", "SECONDARY_": "0", "SECONDARY1": " ", "LATITUDE": 35.349542, "LONGITUDE": -80.74735, "StreetID": null }, "geometry": { "type": "Point", "coordinates": [ -80.747346780161394, 35.349535087727702 ] } },
{ "type": "Feature", "properties": { "OBJECTID": 6841, "CRSH_ID": 1271796, "DATE_VAL_Y": 2024, "DATE_VAL_M": 9, "DATE_VAL_1": "September", "DATE_VAL_D": 25, "DAY_OF_WEE": 4, "DAY_OF_W_1": "Wednesday", "MILT_TIME": 650, "CASE_NUM": 20240925065000, "CRSH_TYPE_": 14, "CRASH_TYPE": "Pedestrian", "CRSH_LEVL": 1, "PRIMARY_CA": 0, "PRIMARY__1": "No contributing circumstance indicated", "SECONDARY_": "0", "SECONDARY1": " ", "LATITUDE": 35.235345, "LONGITUDE": -80.820592, "StreetID": null }, "geometry": { "type": "Point", "coordinates": [ -80.820588764975398, 35.235338114909098 ] } },
{ "type": "Feature", "properties": { "OBJECTID": 6842, "CRSH_ID": 1178236, "DATE_VAL_Y": 2022, "DATE_VAL_M": 10, "DATE_VAL_1": "October", "DATE_VAL_D": 19, "DAY_OF_WEE": 4, "DAY_OF_W_1": "Wednesday", "MILT_TIME": 1915, "CASE_NUM": 20221019191600, "CRSH_TYPE_": 14, "CRASH_TYPE": "Pedestrian", "CRSH_LEVL": 1, "PRIMARY_CA": 0, "PRIMARY__1": "No contributing circumstance indicated", "SECONDARY_": "0", "SECONDARY1": " ", "LATITUDE": 35.193911, "LONGITUDE": -80.782874, "StreetID": null }, "geometry": { "type": "Point", "coordinates": [ -80.782870777738594, 35.193904123847098 ] } },
{ "type": "Feature", "properties": { "OBJECTID": 6843, "CRSH_ID": 1027230, "DATE_VAL_Y": 2020, "DATE_VAL_M": 6, "DATE_VAL_1": "June", "DATE_VAL_D": 14, "DAY_OF_WEE": 1, "DAY_OF_W_1": "Sunday", "MILT_TIME": 1742, "CASE_NUM": 20200614174201, "CRSH_TYPE_": 21, "CRASH_TYPE": "Rear end, slow or stop", "CRSH_LEVL": 1, "PRIMARY_CA": 0, "PRIMARY__1": "No contributing circumstance indicated", "SECONDARY_": "0", "SECONDARY1": " ", "LATITUDE": 35.216324, "LONGITUDE": -80.923256, "StreetID": null }, "geometry": { "type": "Point", "coordinates": [ -80.923252735656703, 35.216317122451798 ] } },
{ "type": "Feature", "properties": { "OBJECTID": 6844, "CRSH_ID": 1204223, "DATE_VAL_Y": 2023, "DATE_VAL_M": 3, "DATE_VAL_1": "March", "DATE_VAL_D": 8, "DAY_OF_WEE": 4, "DAY_OF_W_1": "Wednesday", "MILT_TIME": 1934, "CASE_NUM": 20230301193402, "CRSH_TYPE_": 28, "CRASH_TYPE": "Sideswipe, same direction", "CRSH_LEVL": 1, "PRIMARY_CA": 6, "PRIMARY__1": "Exceeded authorized speed limit", "SECONDARY_": "0", "SECONDARY1": " ", "LATITUDE": 35.217941, "LONGITUDE": -80.754186, "StreetID": null }, "geometry": { "type": "Point", "coordinates": [ -80.754182784174603, 35.2179341160627 ] } },
{ "type": "Feature", "properties": { "OBJECTID": 6845, "CRSH_ID": 1165432, "DATE_VAL_Y": 2022, "DATE_VAL_M": 5, "DATE_VAL_1": "May", "DATE_VAL_D": 29, "DAY_OF_WEE": 1, "DAY_OF_W_1": "Sunday", "MILT_TIME": 2159, "CASE_NUM": 20220529215901, "CRSH_TYPE_": 24, "CRASH_TYPE": "Left turn, different roadways", "CRSH_LEVL": 1, "PRIMARY_CA": 4, "PRIMARY__1": "Disregarded traffic signals", "SECONDARY_": "0", "SECONDARY1": " ", "LATITUDE": 35.263465, "LONGITUDE": -80.92123, "StreetID": null }, "geometry": { "type": "Point", "coordinates": [ -80.9212267341467, 35.263458112333304 ] } },
{ "type": "Feature", "properties": { "OBJECTID": 6846, "CRSH_ID": 1210820, "DATE_VAL_Y": 2023, "DATE_VAL_M": 5, "DATE_VAL_1": "May", "DATE_VAL_D": 6, "DAY_OF_WEE": 7, "DAY_OF_W_1": "Saturday", "MILT_TIME": 745, "CASE_NUM": 20230506074501, "CRSH_TYPE_": 21, "CRASH_TYPE": "Rear end, slow or stop", "CRSH_LEVL": 2, "PRIMARY_CA": 8, "PRIMARY__1": "Failure to reduce speed", "SECONDARY_": "0", "SECONDARY1": " ", "LATITUDE": 35.218575, "LONGITUDE": -80.826187, "StreetID": null }, "geometry": { "type": "Point", "coordinates": [ -80.826183764006501, 35.218568119047603 ] } },
{ "type": "Feature", "properties": { "OBJECTID": 6847, "CRSH_ID": 1221841, "DATE_VAL_Y": 2023, "DATE_VAL_M": 8, "DATE_VAL_1": "August", "DATE_VAL_D": 4, "DAY_OF_WEE": 6, "DAY_OF_W_1": "Friday", "MILT_TIME": 1838, "CASE_NUM": 20230804183802, "CRSH_TYPE_": 2, "CRASH_TYPE": "Ran off road left", "CRSH_LEVL": 2, "PRIMARY_CA": 7, "PRIMARY__1": "Exceeded safe speed for conditions", "SECONDARY_": "0", "SECONDARY1": " ", "LATITUDE": 35.088818, "LONGITUDE": -81.007611, "StreetID": null }, "geometry": { "type": "Point", "coordinates": [ -81.007607717260299, 35.088811153696803 ] } },
{ "type": "Feature", "properties": { "OBJECTID": 6848, "CRSH_ID": 1032424, "DATE_VAL_Y": 2020, "DATE_VAL_M": 5, "DATE_VAL_1": "May", "DATE_VAL_D": 5, "DAY_OF_WEE": 3, "DAY_OF_W_1": "Tuesday", "MILT_TIME": 1558, "CASE_NUM": 20200505155802, "CRSH_TYPE_": 24, "CRASH_TYPE": "Left turn, different roadways", "CRSH_LEVL": 1, "PRIMARY_CA": 2, "PRIMARY__1": "Disregarded stop sign", "SECONDARY_": "0", "SECONDARY1": " ", "LATITUDE": 35.197264, "LONGITUDE": -80.876141, "StreetID": null }, "geometry": { "type": "Point", "coordinates": [ -80.876137750622405, 35.197257125870202 ] } },
{ "type": "Feature", "properties": { "OBJECTID": 6849, "CRSH_ID": 1162584, "DATE_VAL_Y": 2022, "DATE_VAL_M": 6, "DATE_VAL_1": "June", "DATE_VAL_D": 11, "DAY_OF_WEE": 7, "DAY_OF_W_1": "Saturday", "MILT_TIME": 105, "CASE_NUM": 20220611010502, "CRSH_TYPE_": 1, "CRASH_TYPE": "Ran off road right", "CRSH_LEVL": 2, "PRIMARY_CA": 6, "PRIMARY__1": "Exceeded authorized speed limit", "SECONDARY_": "0", "SECONDARY1": " ", "LATITUDE": 35.18336, "LONGITUDE": -80.85236, "StreetID": null }, "geometry": { "type": "Point", "coordinates": [ -80.852356758540907, 35.183353127843802 ] } },
{ "type": "Feature", "properties": { "OBJECTID": 6850, "CRSH_ID": 1073374, "DATE_VAL_Y": 2020, "DATE_VAL_M": 7, "DATE_VAL_1": "July", "DATE_VAL_D": 17, "DAY_OF_WEE": 6, "DAY_OF_W_1": "Friday", "MILT_TIME": 2355, "CASE_NUM": 20200717235500, "CRSH_TYPE_": 14, "CRASH_TYPE": "Pedestrian", "CRSH_LEVL": 1, "PRIMARY_CA": 0, "PRIMARY__1": "No contributing circumstance indicated", "SECONDARY_": "0", "SECONDARY1": " ", "LATITUDE": 35.194821, "LONGITUDE": -80.788147, "StreetID": null }, "geometry": { "type": "Point", "coordinates": [ -80.7881437759481, 35.194814122333199 ] } },
{ "type": "Feature", "properties": { "OBJECTID": 6851, "CRSH_ID": 1010906, "DATE_VAL_Y": 2020, "DATE_VAL_M": 3, "DATE_VAL_1": "March", "DATE_VAL_D": 22, "DAY_OF_WEE": 1, "DAY_OF_W_1": "Sunday", "MILT_TIME": 2011, "CASE_NUM": 20200322201103, "CRSH_TYPE_": 2, "CRASH_TYPE": "Ran off road left", "CRSH_LEVL": 1, "PRIMARY_CA": 6, "PRIMARY__1": "Exceeded authorized speed limit", "SECONDARY_": "0", "SECONDARY1": " ", "LATITUDE": 35.117427, "LONGITUDE": -80.979326, "StreetID": null }, "geometry": { "type": "Point", "coordinates": [ -80.979322723563101, 35.117420145478498 ] } },
{ "type": "Feature", "properties": { "OBJECTID": 6852, "CRSH_ID": 1123844, "DATE_VAL_Y": 2021, "DATE_VAL_M": 10, "DATE_VAL_1": "October", "DATE_VAL_D": 29, "DAY_OF_WEE": 6, "DAY_OF_W_1": "Friday", "MILT_TIME": 1824, "CASE_NUM": 20211029182404, "CRSH_TYPE_": 2, "CRASH_TYPE": "Ran off road left", "CRSH_LEVL": 2, "PRIMARY_CA": 20, "PRIMARY__1": "Inattention", "SECONDARY_": "0", "SECONDARY1": " ", "LATITUDE": 35.25899, "LONGITUDE": -80.926591, "StreetID": null }, "geometry": { "type": "Point", "coordinates": [ -80.926587732543197, 35.258983113888803 ] } },
{ "type": "Feature", "properties": { "OBJECTID": 6853, "CRSH_ID": 1037170, "DATE_VAL_Y": 2020, "DATE_VAL_M": 8, "DATE_VAL_1": "August", "DATE_VAL_D": 2, "DAY_OF_WEE": 1, "DAY_OF_W_1": "Sunday", "MILT_TIME": 438, "CASE_NUM": 20200802081400, "CRSH_TYPE_": 14, "CRASH_TYPE": "Pedestrian", "CRSH_LEVL": 2, "PRIMARY_CA": 0, "PRIMARY__1": " ", "SECONDARY_": "0", "SECONDARY1": " ", "LATITUDE": 35.289354, "LONGITUDE": -80.758357, "StreetID": null }, "geometry": { "type": "Point", "coordinates": [ -80.758353780331305, 35.289347100853199 ] } },
{ "type": "Feature", "properties": { "OBJECTID": 6854, "CRSH_ID": 1171657, "DATE_VAL_Y": 2022, "DATE_VAL_M": 8, "DATE_VAL_1": "August", "DATE_VAL_D": 30, "DAY_OF_WEE": 3, "DAY_OF_W_1": "Tuesday", "MILT_TIME": 1442, "CASE_NUM": 20220830144204, "CRSH_TYPE_": 23, "CRASH_TYPE": "Left turn, same roadway", "CRSH_LEVL": 1, "PRIMARY_CA": 19, "PRIMARY__1": "Failed to yield right of way", "SECONDARY_": "0", "SECONDARY1": " ", "LATITUDE": 35.141729, "LONGITUDE": -80.785488, "StreetID": null }, "geometry": { "type": "Point", "coordinates": [ -80.785484780137196, 35.141722133006098 ] } },
{ "type": "Feature", "properties": { "OBJECTID": 6855, "CRSH_ID": 1128619, "DATE_VAL_Y": 2021, "DATE_VAL_M": 12, "DATE_VAL_1": "December", "DATE_VAL_D": 17, "DAY_OF_WEE": 6, "DAY_OF_W_1": "Friday", "MILT_TIME": 1513, "CASE_NUM": 20211217151306, "CRSH_TYPE_": 21, "CRASH_TYPE": "Rear end, slow or stop", "CRSH_LEVL": 2, "PRIMARY_CA": 20, "PRIMARY__1": "Inattention", "SECONDARY_": "0", "SECONDARY1": " ", "LATITUDE": 35.184847, "LONGITUDE": -80.878394, "StreetID": null }, "geometry": { "type": "Point", "coordinates": [ -80.878390749739495, 35.184840128089199 ] } },
{ "type": "Feature", "properties": { "OBJECTID": 6856, "CRSH_ID": 1041508, "DATE_VAL_Y": 2020, "DATE_VAL_M": 7, "DATE_VAL_1": "July", "DATE_VAL_D": 25, "DAY_OF_WEE": 7, "DAY_OF_W_1": "Saturday", "MILT_TIME": 1248, "CASE_NUM": 20200725124806, "CRSH_TYPE_": 23, "CRASH_TYPE": "Left turn, same roadway", "CRSH_LEVL": 1, "PRIMARY_CA": 19, "PRIMARY__1": "Failed to yield right of way", "SECONDARY_": "0", "SECONDARY1": " ", "LATITUDE": 35.172721, "LONGITUDE": -80.859661, "StreetID": null }, "geometry": { "type": "Point", "coordinates": [ -80.859657757179306, 35.172714129186197 ] } },
{ "type": "Feature", "properties": { "OBJECTID": 6857, "CRSH_ID": 1242237, "DATE_VAL_Y": 2024, "DATE_VAL_M": 1, "DATE_VAL_1": "January", "DATE_VAL_D": 17, "DAY_OF_WEE": 4, "DAY_OF_W_1": "Wednesday", "MILT_TIME": 1155, "CASE_NUM": 20240117115700, "CRSH_TYPE_": 14, "CRASH_TYPE": "Pedestrian", "CRSH_LEVL": 2, "PRIMARY_CA": 7, "PRIMARY__1": "Exceeded safe speed for conditions", "SECONDARY_": "0", "SECONDARY1": "None (no unusual conditions)", "LATITUDE": 35.227623, "LONGITUDE": -80.933818, "StreetID": null }, "geometry": { "type": "Point", "coordinates": [ -80.933814731721696, 35.227616120743697 ] } },
{ "type": "Feature", "properties": { "OBJECTID": 6858, "CRSH_ID": 1214264, "DATE_VAL_Y": 2023, "DATE_VAL_M": 6, "DATE_VAL_1": "June", "DATE_VAL_D": 2, "DAY_OF_WEE": 6, "DAY_OF_W_1": "Friday", "MILT_TIME": 1526, "CASE_NUM": 20230602152601, "CRSH_TYPE_": 23, "CRASH_TYPE": "Left turn, same roadway", "CRSH_LEVL": 2, "PRIMARY_CA": 9, "PRIMARY__1": "Improper turn", "SECONDARY_": "0", "SECONDARY1": " ", "LATITUDE": 35.208121, "LONGITUDE": -80.726042, "StreetID": null }, "geometry": { "type": "Point", "coordinates": [ -80.726038792659295, 35.208114116588398 ] } },
{ "type": "Feature", "properties": { "OBJECTID": 6859, "CRSH_ID": 1230977, "DATE_VAL_Y": 2023, "DATE_VAL_M": 10, "DATE_VAL_1": "October", "DATE_VAL_D": 16, "DAY_OF_WEE": 2, "DAY_OF_W_1": "Monday", "MILT_TIME": 1900, "CASE_NUM": 20231016190505, "CRSH_TYPE_": 23, "CRASH_TYPE": "Left turn, same roadway", "CRSH_LEVL": 2, "PRIMARY_CA": 4, "PRIMARY__1": "Disregarded traffic signals", "SECONDARY_": "0", "SECONDARY1": " ", "LATITUDE": 35.301381, "LONGITUDE": -80.731231, "StreetID": null }, "geometry": { "type": "Point", "coordinates": [ -80.731227788294106, 35.301374097106901 ] } },
{ "type": "Feature", "properties": { "OBJECTID": 6860, "CRSH_ID": 1137267, "DATE_VAL_Y": 2022, "DATE_VAL_M": 3, "DATE_VAL_1": "March", "DATE_VAL_D": 25, "DAY_OF_WEE": 6, "DAY_OF_W_1": "Friday", "MILT_TIME": 1954, "CASE_NUM": 20220325195401, "CRSH_TYPE_": 1, "CRASH_TYPE": "Ran off road right", "CRSH_LEVL": 1, "PRIMARY_CA": 7, "PRIMARY__1": "Exceeded safe speed for conditions", "SECONDARY_": "0", "SECONDARY1": " ", "LATITUDE": 35.28224, "LONGITUDE": -80.6975, "StreetID": null }, "geometry": { "type": "Point", "coordinates": [ -80.697496797865995, 35.2822331003009 ] } },
{ "type": "Feature", "properties": { "OBJECTID": 6861, "CRSH_ID": 1039854, "DATE_VAL_Y": 2020, "DATE_VAL_M": 8, "DATE_VAL_1": "August", "DATE_VAL_D": 19, "DAY_OF_WEE": 4, "DAY_OF_W_1": "Wednesday", "MILT_TIME": 37, "CASE_NUM": 20200819004001, "CRSH_TYPE_": 30, "CRASH_TYPE": "Angle", "CRSH_LEVL": 2, "PRIMARY_CA": 4, "PRIMARY__1": "Disregarded traffic signals", "SECONDARY_": "0", "SECONDARY1": " ", "LATITUDE": 35.136421, "LONGITUDE": -80.977826, "StreetID": null }, "geometry": { "type": "Point", "coordinates": [ -80.977822723390105, 35.1364141418561 ] } },
{ "type": "Feature", "properties": { "OBJECTID": 6862, "CRSH_ID": 1117213, "DATE_VAL_Y": 2021, "DATE_VAL_M": 8, "DATE_VAL_1": "August", "DATE_VAL_D": 26, "DAY_OF_WEE": 5, "DAY_OF_W_1": "Thursday", "MILT_TIME": 214, "CASE_NUM": 20210826021401, "CRSH_TYPE_": 1, "CRASH_TYPE": "Ran off road right", "CRSH_LEVL": 2, "PRIMARY_CA": 33, "PRIMARY__1": "Unable to determine", "SECONDARY_": "0", "SECONDARY1": " ", "LATITUDE": 35.2095, "LONGITUDE": -80.82769, "StreetID": null }, "geometry": { "type": "Point", "coordinates": [ -80.827686763334, 35.209493120111603 ] } },
{ "type": "Feature", "properties": { "OBJECTID": 6863, "CRSH_ID": 1137291, "DATE_VAL_Y": 2022, "DATE_VAL_M": 3, "DATE_VAL_1": "March", "DATE_VAL_D": 26, "DAY_OF_WEE": 7, "DAY_OF_W_1": "Saturday", "MILT_TIME": 100, "CASE_NUM": 20220326012601, "CRSH_TYPE_": 14, "CRASH_TYPE": "Pedestrian", "CRSH_LEVL": 2, "PRIMARY_CA": 34, "PRIMARY__1": "Unknown", "SECONDARY_": "0", "SECONDARY1": "None (no unusual conditions)", "LATITUDE": 35.2115, "LONGITUDE": -80.69162, "StreetID": null }, "geometry": { "type": "Point", "coordinates": [ -80.691616803823095, 35.211493114359698 ] } },
{ "type": "Feature", "properties": { "OBJECTID": 6864, "CRSH_ID": 1103328, "DATE_VAL_Y": 2021, "DATE_VAL_M": 6, "DATE_VAL_1": "June", "DATE_VAL_D": 14, "DAY_OF_WEE": 2, "DAY_OF_W_1": "Monday", "MILT_TIME": 2057, "CASE_NUM": 20210614205701, "CRSH_TYPE_": 24, "CRASH_TYPE": "Left turn, different roadways", "CRSH_LEVL": 1, "PRIMARY_CA": 9, "PRIMARY__1": "Improper turn", "SECONDARY_": "0", "SECONDARY1": " ", "LATITUDE": 35.2131, "LONGITUDE": -80.72558, "StreetID": null }, "geometry": { "type": "Point", "coordinates": [ -80.725576793161693, 35.213093117573301 ] } },
{ "type": "Feature", "properties": { "OBJECTID": 6865, "CRSH_ID": 1110461, "DATE_VAL_Y": 2021, "DATE_VAL_M": 7, "DATE_VAL_1": "July", "DATE_VAL_D": 17, "DAY_OF_WEE": 7, "DAY_OF_W_1": "Saturday", "MILT_TIME": 1717, "CASE_NUM": 20210717173001, "CRSH_TYPE_": 27, "CRASH_TYPE": "Head on", "CRSH_LEVL": 2, "PRIMARY_CA": 11, "PRIMARY__1": "Crossed centerline/going wrong way", "SECONDARY_": "0", "SECONDARY1": " ", "LATITUDE": 35.1447, "LONGITUDE": -80.87848, "StreetID": null }, "geometry": { "type": "Point", "coordinates": [ -80.878476752566499, 35.144693137205202 ] } },
{ "type": "Feature", "properties": { "OBJECTID": 6866, "CRSH_ID": 1177554, "DATE_VAL_Y": 2022, "DATE_VAL_M": 10, "DATE_VAL_1": "October", "DATE_VAL_D": 3, "DAY_OF_WEE": 2, "DAY_OF_W_1": "Monday", "MILT_TIME": 1401, "CASE_NUM": 20221003140103, "CRSH_TYPE_": 1, "CRASH_TYPE": "Ran off road right", "CRSH_LEVL": 1, "PRIMARY_CA": 14, "PRIMARY__1": "Overcorrected/oversteered", "SECONDARY_": "0", "SECONDARY1": " ", "LATITUDE": 35.161189, "LONGITUDE": -80.800436, "StreetID": null }, "geometry": { "type": "Point", "coordinates": [ -80.800432774251703, 35.161182129616599 ] } },
{ "type": "Feature", "properties": { "OBJECTID": 6867, "CRSH_ID": 1098865, "DATE_VAL_Y": 2021, "DATE_VAL_M": 4, "DATE_VAL_1": "April", "DATE_VAL_D": 11, "DAY_OF_WEE": 1, "DAY_OF_W_1": "Sunday", "MILT_TIME": 342, "CASE_NUM": 20210411034203, "CRSH_TYPE_": 14, "CRASH_TYPE": "Pedestrian", "CRSH_LEVL": 1, "PRIMARY_CA": 0, "PRIMARY__1": " ", "SECONDARY_": "0", "SECONDARY1": " ", "LATITUDE": 35.227225, "LONGITUDE": -80.843098, "StreetID": null }, "geometry": { "type": "Point", "coordinates": [ -80.843094758265195, 35.2272181177444 ] } },
{ "type": "Feature", "properties": { "OBJECTID": 6868, "CRSH_ID": 1269707, "DATE_VAL_Y": 2024, "DATE_VAL_M": 9, "DATE_VAL_1": "September", "DATE_VAL_D": 8, "DAY_OF_WEE": 1, "DAY_OF_W_1": "Sunday", "MILT_TIME": 216, "CASE_NUM": 20240908021600, "CRSH_TYPE_": 14, "CRASH_TYPE": "Pedestrian", "CRSH_LEVL": 2, "PRIMARY_CA": 0, "PRIMARY__1": "No contributing circumstance indicated", "SECONDARY_": "0", "SECONDARY1": " ", "LATITUDE": 35.265865, "LONGITUDE": -80.749866, "StreetID": null }, "geometry": { "type": "Point", "coordinates": [ -80.749862783801703, 35.265858105387302 ] } },
{ "type": "Feature", "properties": { "OBJECTID": 6869, "CRSH_ID": 1265886, "DATE_VAL_Y": 2024, "DATE_VAL_M": 8, "DATE_VAL_1": "August", "DATE_VAL_D": 6, "DAY_OF_WEE": 3, "DAY_OF_W_1": "Tuesday", "MILT_TIME": 1241, "CASE_NUM": 20240806124104, "CRSH_TYPE_": 27, "CRASH_TYPE": "Head on", "CRSH_LEVL": 2, "PRIMARY_CA": 11, "PRIMARY__1": "Crossed centerline/going wrong way", "SECONDARY_": "0", "SECONDARY1": " ", "LATITUDE": 35.07597, "LONGITUDE": -80.745239, "StreetID": null }, "geometry": { "type": "Point", "coordinates": [ -80.7452357952982, 35.0759631470901 ] } },
{ "type": "Feature", "properties": { "OBJECTID": 6870, "CRSH_ID": 1276217, "DATE_VAL_Y": 2024, "DATE_VAL_M": 10, "DATE_VAL_1": "October", "DATE_VAL_D": 27, "DAY_OF_WEE": 1, "DAY_OF_W_1": "Sunday", "MILT_TIME": 259, "CASE_NUM": 20241027025900, "CRSH_TYPE_": 14, "CRASH_TYPE": "Pedestrian", "CRSH_LEVL": 2, "PRIMARY_CA": 33, "PRIMARY__1": "Unable to determine", "SECONDARY_": "0", "SECONDARY1": " ", "LATITUDE": 35.240309, "LONGITUDE": -80.922027, "StreetID": null }, "geometry": { "type": "Point", "coordinates": [ -80.922023734114902, 35.240302117949 ] } },
{ "type": "Feature", "properties": { "OBJECTID": 6871, "CRSH_ID": 1133011, "DATE_VAL_Y": 2022, "DATE_VAL_M": 2, "DATE_VAL_1": "February", "DATE_VAL_D": 7, "DAY_OF_WEE": 2, "DAY_OF_W_1": "Monday", "MILT_TIME": 1842, "CASE_NUM": 20220207184201, "CRSH_TYPE_": 1, "CRASH_TYPE": "Ran off road right", "CRSH_LEVL": 1, "PRIMARY_CA": 6, "PRIMARY__1": "Exceeded authorized speed limit", "SECONDARY_": "0", "SECONDARY1": " ", "LATITUDE": 35.304243, "LONGITUDE": -80.722952, "StreetID": null }, "geometry": { "type": "Point", "coordinates": [ -80.722948789552802, 35.3042360968605 ] } },
{ "type": "Feature", "properties": { "OBJECTID": 6872, "CRSH_ID": 1079693, "DATE_VAL_Y": 2021, "DATE_VAL_M": 2, "DATE_VAL_1": "February", "DATE_VAL_D": 28, "DAY_OF_WEE": 1, "DAY_OF_W_1": "Sunday", "MILT_TIME": 1831, "CASE_NUM": 20210228183103, "CRSH_TYPE_": 21, "CRASH_TYPE": "Rear end, slow or stop", "CRSH_LEVL": 2, "PRIMARY_CA": 20, "PRIMARY__1": "Inattention", "SECONDARY_": "0", "SECONDARY1": " ", "LATITUDE": 35.31186, "LONGITUDE": -80.70886, "StreetID": null }, "geometry": { "type": "Point", "coordinates": [ -80.708856794119498, 35.311853095712301 ] } },
{ "type": "Feature", "properties": { "OBJECTID": 6873, "CRSH_ID": 1196443, "DATE_VAL_Y": 2023, "DATE_VAL_M": 1, "DATE_VAL_1": "January", "DATE_VAL_D": 1, "DAY_OF_WEE": 1, "DAY_OF_W_1": "Sunday", "MILT_TIME": 1345, "CASE_NUM": 20230101134501, "CRSH_TYPE_": 3, "CRASH_TYPE": "Ran off road straight ahead", "CRSH_LEVL": 2, "PRIMARY_CA": 14, "PRIMARY__1": "Overcorrected/oversteered", "SECONDARY_": "0", "SECONDARY1": " ", "LATITUDE": 35.157485, "LONGITUDE": -80.733839, "StreetID": null }, "geometry": { "type": "Point", "coordinates": [ -80.733835795425094, 35.157478128785201 ] } },
{ "type": "Feature", "properties": { "OBJECTID": 6874, "CRSH_ID": 1207990, "DATE_VAL_Y": 2023, "DATE_VAL_M": 4, "DATE_VAL_1": "April", "DATE_VAL_D": 10, "DAY_OF_WEE": 2, "DAY_OF_W_1": "Monday", "MILT_TIME": 2327, "CASE_NUM": 20230410232700, "CRSH_TYPE_": 14, "CRASH_TYPE": "Pedestrian", "CRSH_LEVL": 2, "PRIMARY_CA": 34, "PRIMARY__1": "Unknown", "SECONDARY_": "0", "SECONDARY1": " ", "LATITUDE": 35.2679, "LONGITUDE": -80.83752, "StreetID": null }, "geometry": { "type": "Point", "coordinates": [ -80.837516756867402, 35.267893109350297 ] } },
{ "type": "Feature", "properties": { "OBJECTID": 6875, "CRSH_ID": 1214381, "DATE_VAL_Y": 2023, "DATE_VAL_M": 6, "DATE_VAL_1": "June", "DATE_VAL_D": 3, "DAY_OF_WEE": 7, "DAY_OF_W_1": "Saturday", "MILT_TIME": 1755, "CASE_NUM": 20230603175500, "CRSH_TYPE_": 30, "CRASH_TYPE": "Angle", "CRSH_LEVL": 2, "PRIMARY_CA": 14, "PRIMARY__1": "Overcorrected/oversteered", "SECONDARY_": "0", "SECONDARY1": " ", "LATITUDE": 35.21401, "LONGITUDE": -80.77125, "StreetID": null }, "geometry": { "type": "Point", "coordinates": [ -80.771246779013097, 35.214003117062902 ] } },
{ "type": "Feature", "properties": { "OBJECTID": 6876, "CRSH_ID": 1092575, "DATE_VAL_Y": 2021, "DATE_VAL_M": 4, "DATE_VAL_1": "April", "DATE_VAL_D": 28, "DAY_OF_WEE": 4, "DAY_OF_W_1": "Wednesday", "MILT_TIME": 1658, "CASE_NUM": 20210428165802, "CRSH_TYPE_": 1, "CRASH_TYPE": "Ran off road right", "CRSH_LEVL": 2, "PRIMARY_CA": 33, "PRIMARY__1": "Unable to determine", "SECONDARY_": "0", "SECONDARY1": " ", "LATITUDE": 35.301096, "LONGITUDE": -80.705499, "StreetID": null }, "geometry": { "type": "Point", "coordinates": [ -80.7054957944775, 35.301089095820501 ] } },
{ "type": "Feature", "properties": { "OBJECTID": 6877, "CRSH_ID": 1197512, "DATE_VAL_Y": 2023, "DATE_VAL_M": 1, "DATE_VAL_1": "January", "DATE_VAL_D": 11, "DAY_OF_WEE": 4, "DAY_OF_W_1": "Wednesday", "MILT_TIME": 1600, "CASE_NUM": 20230111160001, "CRSH_TYPE_": 14, "CRASH_TYPE": "Pedestrian", "CRSH_LEVL": 2, "PRIMARY_CA": 8, "PRIMARY__1": "Failure to reduce speed", "SECONDARY_": "0", "SECONDARY1": " ", "LATITUDE": 35.24771, "LONGITUDE": -80.75249, "StreetID": null }, "geometry": { "type": "Point", "coordinates": [ -80.752486784109195, 35.247703109191498 ] } },
{ "type": "Feature", "properties": { "OBJECTID": 6878, "CRSH_ID": 1196458, "DATE_VAL_Y": 2023, "DATE_VAL_M": 1, "DATE_VAL_1": "January", "DATE_VAL_D": 1, "DAY_OF_WEE": 1, "DAY_OF_W_1": "Sunday", "MILT_TIME": 1823, "CASE_NUM": 20230101182301, "CRSH_TYPE_": 30, "CRASH_TYPE": "Angle", "CRSH_LEVL": 2, "PRIMARY_CA": 7, "PRIMARY__1": "Exceeded safe speed for conditions", "SECONDARY_": "0", "SECONDARY1": " ", "LATITUDE": 35.26101, "LONGITUDE": -80.81967, "StreetID": null }, "geometry": { "type": "Point", "coordinates": [ -80.819666763111996, 35.261003108776599 ] } },
{ "type": "Feature", "properties": { "OBJECTID": 6879, "CRSH_ID": 1136518, "DATE_VAL_Y": 2022, "DATE_VAL_M": 3, "DATE_VAL_1": "March", "DATE_VAL_D": 17, "DAY_OF_WEE": 5, "DAY_OF_W_1": "Thursday", "MILT_TIME": 1811, "CASE_NUM": 20220317181100, "CRSH_TYPE_": 2, "CRASH_TYPE": "Ran off road left", "CRSH_LEVL": 2, "PRIMARY_CA": 6, "PRIMARY__1": "Exceeded authorized speed limit", "SECONDARY_": "0", "SECONDARY1": " ", "LATITUDE": 35.2454, "LONGITUDE": -80.93603, "StreetID": null }, "geometry": { "type": "Point", "coordinates": [ -80.936026729252305, 35.245393117599399 ] } },
{ "type": "Feature", "properties": { "OBJECTID": 6880, "CRSH_ID": 1130334, "DATE_VAL_Y": 2022, "DATE_VAL_M": 1, "DATE_VAL_1": "January", "DATE_VAL_D": 5, "DAY_OF_WEE": 4, "DAY_OF_W_1": "Wednesday", "MILT_TIME": 700, "CASE_NUM": 20220105130103, "CRSH_TYPE_": 14, "CRASH_TYPE": "Pedestrian", "CRSH_LEVL": 2, "PRIMARY_CA": 33, "PRIMARY__1": "Unable to determine", "SECONDARY_": "0", "SECONDARY1": " ", "LATITUDE": 35.03033, "LONGITUDE": -80.82048, "StreetID": null }, "geometry": { "type": "Point", "coordinates": [ -80.820476776196003, 35.030323159351703 ] } },
{ "type": "Feature", "properties": { "OBJECTID": 6881, "CRSH_ID": 1093935, "DATE_VAL_Y": 2021, "DATE_VAL_M": 5, "DATE_VAL_1": "May", "DATE_VAL_D": 4, "DAY_OF_WEE": 3, "DAY_OF_W_1": "Tuesday", "MILT_TIME": 2207, "CASE_NUM": 20210504220701, "CRSH_TYPE_": 30, "CRASH_TYPE": "Angle", "CRSH_LEVL": 2, "PRIMARY_CA": 4, "PRIMARY__1": "Disregarded traffic signals", "SECONDARY_": "0", "SECONDARY1": " ", "LATITUDE": 35.296081, "LONGITUDE": -80.793352, "StreetID": null }, "geometry": { "type": "Point", "coordinates": [ -80.793348769246094, 35.2960741019766 ] } },
{ "type": "Feature", "properties": { "OBJECTID": 6882, "CRSH_ID": 1259160, "DATE_VAL_Y": 2024, "DATE_VAL_M": 6, "DATE_VAL_1": "June", "DATE_VAL_D": 7, "DAY_OF_WEE": 6, "DAY_OF_W_1": "Friday", "MILT_TIME": 1429, "CASE_NUM": 20240607142903, "CRSH_TYPE_": 23, "CRASH_TYPE": "Left turn, same roadway", "CRSH_LEVL": 2, "PRIMARY_CA": 20, "PRIMARY__1": "Inattention", "SECONDARY_": "0", "SECONDARY1": " ", "LATITUDE": 35.328078, "LONGITUDE": -80.957526, "StreetID": null }, "geometry": { "type": "Point", "coordinates": [ -80.957522719158305, 35.328071100343998 ] } },
{ "type": "Feature", "properties": { "OBJECTID": 6883, "CRSH_ID": 1213747, "DATE_VAL_Y": 2023, "DATE_VAL_M": 5, "DATE_VAL_1": "May", "DATE_VAL_D": 29, "DAY_OF_WEE": 2, "DAY_OF_W_1": "Monday", "MILT_TIME": 1733, "CASE_NUM": 20230529173301, "CRSH_TYPE_": 15, "CRASH_TYPE": "Pedalcyclist", "CRSH_LEVL": 2, "PRIMARY_CA": 28, "PRIMARY__1": "Visibility obstructed", "SECONDARY_": "0", "SECONDARY1": " ", "LATITUDE": 35.297316, "LONGITUDE": -80.739767, "StreetID": null }, "geometry": { "type": "Point", "coordinates": [ -80.739763784395905, 35.297309098490302 ] } },
{ "type": "Feature", "properties": { "OBJECTID": 6884, "CRSH_ID": 1140775, "DATE_VAL_Y": 2022, "DATE_VAL_M": 5, "DATE_VAL_1": "May", "DATE_VAL_D": 5, "DAY_OF_WEE": 5, "DAY_OF_W_1": "Thursday", "MILT_TIME": 1720, "CASE_NUM": 20220505172000, "CRSH_TYPE_": 14, "CRASH_TYPE": "Pedestrian", "CRSH_LEVL": 2, "PRIMARY_CA": 26, "PRIMARY__1": "Operated vehicle in erratic, reckless, careless, negligent or aggressive manner", "SECONDARY_": "0", "SECONDARY1": " ", "LATITUDE": 35.23875, "LONGITUDE": -80.738032, "StreetID": null }, "geometry": { "type": "Point", "coordinates": [ -80.738028788241294, 35.238743111063897 ] } },
{ "type": "Feature", "properties": { "OBJECTID": 6885, "CRSH_ID": 1097967, "DATE_VAL_Y": 2020, "DATE_VAL_M": 7, "DATE_VAL_1": "July", "DATE_VAL_D": 1, "DAY_OF_WEE": 4, "DAY_OF_W_1": "Wednesday", "MILT_TIME": 1958, "CASE_NUM": 20200701195801, "CRSH_TYPE_": 14, "CRASH_TYPE": "Pedestrian", "CRSH_LEVL": 1, "PRIMARY_CA": 6, "PRIMARY__1": "Exceeded authorized speed limit", "SECONDARY_": "0", "SECONDARY1": " ", "LATITUDE": 35.343527, "LONGITUDE": -80.771804, "StreetID": null }, "geometry": { "type": "Point", "coordinates": [ -80.771800772294597, 35.3435200898845 ] } },
{ "type": "Feature", "properties": { "OBJECTID": 6886, "CRSH_ID": 1194589, "DATE_VAL_Y": 2022, "DATE_VAL_M": 12, "DATE_VAL_1": "December", "DATE_VAL_D": 16, "DAY_OF_WEE": 6, "DAY_OF_W_1": "Friday", "MILT_TIME": 1309, "CASE_NUM": 20221216130900, "CRSH_TYPE_": 1, "CRASH_TYPE": "Ran off road right", "CRSH_LEVL": 2, "PRIMARY_CA": 7, "PRIMARY__1": "Exceeded safe speed for conditions", "SECONDARY_": "0", "SECONDARY1": " ", "LATITUDE": 35.207161, "LONGITUDE": -80.796775, "StreetID": null }, "geometry": { "type": "Point", "coordinates": [ -80.796771772965101, 35.207154119810497 ] } },
{ "type": "Feature", "properties": { "OBJECTID": 6887, "CRSH_ID": 1082387, "DATE_VAL_Y": 2020, "DATE_VAL_M": 12, "DATE_VAL_1": "December", "DATE_VAL_D": 31, "DAY_OF_WEE": 5, "DAY_OF_W_1": "Thursday", "MILT_TIME": 1901, "CASE_NUM": 20201231190101, "CRSH_TYPE_": 27, "CRASH_TYPE": "Head on", "CRSH_LEVL": 1, "PRIMARY_CA": 7, "PRIMARY__1": "Exceeded safe speed for conditions", "SECONDARY_": "0", "SECONDARY1": " ", "LATITUDE": 35.223648, "LONGITUDE": -80.706535, "StreetID": null }, "geometry": { "type": "Point", "coordinates": [ -80.706531797886598, 35.223641113967801 ] } },
{ "type": "Feature", "properties": { "OBJECTID": 6888, "CRSH_ID": 1125185, "DATE_VAL_Y": 2021, "DATE_VAL_M": 11, "DATE_VAL_1": "November", "DATE_VAL_D": 11, "DAY_OF_WEE": 5, "DAY_OF_W_1": "Thursday", "MILT_TIME": 114, "CASE_NUM": 20211111011400, "CRSH_TYPE_": 14, "CRASH_TYPE": "Pedestrian", "CRSH_LEVL": 2, "PRIMARY_CA": 0, "PRIMARY__1": "No contributing circumstance indicated", "SECONDARY_": "0", "SECONDARY1": " ", "LATITUDE": 35.266622, "LONGITUDE": -80.88198, "StreetID": null }, "geometry": { "type": "Point", "coordinates": [ -80.881976745206501, 35.2666151106352 ] } },
{ "type": "Feature", "properties": { "OBJECTID": 6889, "CRSH_ID": 1193935, "DATE_VAL_Y": 2022, "DATE_VAL_M": 12, "DATE_VAL_1": "December", "DATE_VAL_D": 11, "DAY_OF_WEE": 1, "DAY_OF_W_1": "Sunday", "MILT_TIME": 1517, "CASE_NUM": 20221211151701, "CRSH_TYPE_": 2, "CRASH_TYPE": "Ran off road left", "CRSH_LEVL": 2, "PRIMARY_CA": 32, "PRIMARY__1": "Other*", "SECONDARY_": "0", "SECONDARY1": " ", "LATITUDE": 35.250943, "LONGITUDE": -80.941402, "StreetID": null }, "geometry": { "type": "Point", "coordinates": [ -80.941398728139106, 35.2509361168635 ] } },
{ "type": "Feature", "properties": { "OBJECTID": 6890, "CRSH_ID": 1233107, "DATE_VAL_Y": 2023, "DATE_VAL_M": 11, "DATE_VAL_1": "November", "DATE_VAL_D": 1, "DAY_OF_WEE": 4, "DAY_OF_W_1": "Wednesday", "MILT_TIME": 814, "CASE_NUM": 20231101081400, "CRSH_TYPE_": 24, "CRASH_TYPE": "Left turn, different roadways", "CRSH_LEVL": 2, "PRIMARY_CA": 33, "PRIMARY__1": "Unable to determine", "SECONDARY_": "0", "SECONDARY1": " ", "LATITUDE": 35.290668, "LONGITUDE": -80.767888, "StreetID": null }, "geometry": { "type": "Point", "coordinates": [ -80.7678847759137, 35.290661101221502 ] } },
{ "type": "Feature", "properties": { "OBJECTID": 6891, "CRSH_ID": 1282462, "DATE_VAL_Y": 2024, "DATE_VAL_M": 12, "DATE_VAL_1": "December", "DATE_VAL_D": 9, "DAY_OF_WEE": 2, "DAY_OF_W_1": "Monday", "MILT_TIME": 215, "CASE_NUM": 20241209021500, "CRSH_TYPE_": 14, "CRASH_TYPE": "Pedestrian", "CRSH_LEVL": 1, "PRIMARY_CA": 33, "PRIMARY__1": "Unable to determine", "SECONDARY_": "0", "SECONDARY1": " ", "LATITUDE": 35.232095, "LONGITUDE": -80.827181, "StreetID": null }, "geometry": { "type": "Point", "coordinates": [ -80.827177762976206, 35.232088115037001 ] } },
{ "type": "Feature", "properties": { "OBJECTID": 6892, "CRSH_ID": 1268076, "DATE_VAL_Y": 2024, "DATE_VAL_M": 8, "DATE_VAL_1": "August", "DATE_VAL_D": 25, "DAY_OF_WEE": 1, "DAY_OF_W_1": "Sunday", "MILT_TIME": 2202, "CASE_NUM": 20240825220201, "CRSH_TYPE_": 30, "CRASH_TYPE": "Angle", "CRSH_LEVL": 2, "PRIMARY_CA": 18, "PRIMARY__1": "Other improper passing", "SECONDARY_": "0", "SECONDARY1": " ", "LATITUDE": 35.305843, "LONGITUDE": -80.749827, "StreetID": null }, "geometry": { "type": "Point", "coordinates": [ -80.749823780868496, 35.305836096844601 ] } },
{ "type": "Feature", "properties": { "OBJECTID": 6893, "CRSH_ID": 1251098, "DATE_VAL_Y": 2024, "DATE_VAL_M": 3, "DATE_VAL_1": "March", "DATE_VAL_D": 31, "DAY_OF_WEE": 1, "DAY_OF_W_1": "Sunday", "MILT_TIME": 144, "CASE_NUM": 20240331014400, "CRSH_TYPE_": 23, "CRASH_TYPE": "Left turn, same roadway", "CRSH_LEVL": 2, "PRIMARY_CA": 19, "PRIMARY__1": "Failed to yield right of way", "SECONDARY_": "0", "SECONDARY1": " ", "LATITUDE": 35.135527, "LONGITUDE": -80.891896, "StreetID": null }, "geometry": { "type": "Point", "coordinates": [ -80.891892748125997, 35.135520139723099 ] } },
{ "type": "Feature", "properties": { "OBJECTID": 6894, "CRSH_ID": 1201229, "DATE_VAL_Y": 2023, "DATE_VAL_M": 2, "DATE_VAL_1": "February", "DATE_VAL_D": 10, "DAY_OF_WEE": 6, "DAY_OF_W_1": "Friday", "MILT_TIME": 1228, "CASE_NUM": 20230210122800, "CRSH_TYPE_": 27, "CRASH_TYPE": "Head on", "CRSH_LEVL": 1, "PRIMARY_CA": 11, "PRIMARY__1": "Crossed centerline/going wrong way", "SECONDARY_": "0", "SECONDARY1": " ", "LATITUDE": 35.040354, "LONGITUDE": -80.863588, "StreetID": null }, "geometry": { "type": "Point", "coordinates": [ -80.863584762503905, 35.040347157646103 ] } },
{ "type": "Feature", "properties": { "OBJECTID": 6895, "CRSH_ID": 1265251, "DATE_VAL_Y": 2024, "DATE_VAL_M": 8, "DATE_VAL_1": "August", "DATE_VAL_D": 1, "DAY_OF_WEE": 5, "DAY_OF_W_1": "Thursday", "MILT_TIME": 54, "CASE_NUM": 20240801005600, "CRSH_TYPE_": 21, "CRASH_TYPE": "Rear end, slow or stop", "CRSH_LEVL": 2, "PRIMARY_CA": 26, "PRIMARY__1": "Operated vehicle in erratic, reckless, careless, negligent or aggressive manner", "SECONDARY_": "0", "SECONDARY1": " ", "LATITUDE": 35.263036, "LONGITUDE": -80.763104, "StreetID": null }, "geometry": { "type": "Point", "coordinates": [ -80.763100780002603, 35.263029106919397 ] } },
{ "type": "Feature", "properties": { "OBJECTID": 6896, "CRSH_ID": 1268288, "DATE_VAL_Y": 2024, "DATE_VAL_M": 8, "DATE_VAL_1": "August", "DATE_VAL_D": 23, "DAY_OF_WEE": 6, "DAY_OF_W_1": "Friday", "MILT_TIME": 2347, "CASE_NUM": 20240823234701, "CRSH_TYPE_": 1, "CRASH_TYPE": "Ran off road right", "CRSH_LEVL": 1, "PRIMARY_CA": 34, "PRIMARY__1": "Unknown", "SECONDARY_": "0", "SECONDARY1": " ", "LATITUDE": 35.209589, "LONGITUDE": -80.757318, "StreetID": null }, "geometry": { "type": "Point", "coordinates": [ -80.7573147839054, 35.209582117786503 ] } },
{ "type": "Feature", "properties": { "OBJECTID": 6897, "CRSH_ID": 1000265, "DATE_VAL_Y": 2020, "DATE_VAL_M": 2, "DATE_VAL_1": "February", "DATE_VAL_D": 1, "DAY_OF_WEE": 7, "DAY_OF_W_1": "Saturday", "MILT_TIME": 2316, "CASE_NUM": 20200201231603, "CRSH_TYPE_": 1, "CRASH_TYPE": "Ran off road right", "CRSH_LEVL": 2, "PRIMARY_CA": 33, "PRIMARY__1": "Unable to determine", "SECONDARY_": "0", "SECONDARY1": " ", "LATITUDE": 35.196947, "LONGITUDE": -80.933364, "StreetID": null }, "geometry": { "type": "Point", "coordinates": [ -80.9333607325662, 35.196940127931697 ] } },
{ "type": "Feature", "properties": { "OBJECTID": 6898, "CRSH_ID": 1242325, "DATE_VAL_Y": 2024, "DATE_VAL_M": 1, "DATE_VAL_1": "January", "DATE_VAL_D": 18, "DAY_OF_WEE": 5, "DAY_OF_W_1": "Thursday", "MILT_TIME": 741, "CASE_NUM": 20240118075805, "CRSH_TYPE_": 21, "CRASH_TYPE": "Rear end, slow or stop", "CRSH_LEVL": 2, "PRIMARY_CA": 33, "PRIMARY__1": "Unable to determine", "SECONDARY_": "0", "SECONDARY1": " ", "LATITUDE": 35.15475, "LONGITUDE": -80.98638, "StreetID": null }, "geometry": { "type": "Point", "coordinates": [ -80.986376718742704, 35.154743138697 ] } },
{ "type": "Feature", "properties": { "OBJECTID": 6899, "CRSH_ID": 1052372, "DATE_VAL_Y": 2020, "DATE_VAL_M": 10, "DATE_VAL_1": "October", "DATE_VAL_D": 18, "DAY_OF_WEE": 1, "DAY_OF_W_1": "Sunday", "MILT_TIME": 2056, "CASE_NUM": 20201018205600, "CRSH_TYPE_": 15, "CRASH_TYPE": "Pedalcyclist", "CRSH_LEVL": 2, "PRIMARY_CA": 0, "PRIMARY__1": "No contributing circumstance indicated", "SECONDARY_": "0", "SECONDARY1": " ", "LATITUDE": 35.119359, "LONGITUDE": -80.95335, "StreetID": null }, "geometry": { "type": "Point", "coordinates": [ -80.953346730969699, 35.119352144026898 ] } },
{ "type": "Feature", "properties": { "OBJECTID": 6900, "CRSH_ID": 2244279, "DATE_VAL_Y": 2024, "DATE_VAL_M": 9, "DATE_VAL_1": "September", "DATE_VAL_D": 12, "DAY_OF_WEE": 5, "DAY_OF_W_1": "Thursday", "MILT_TIME": 514, "CASE_NUM": 20240912051400, "CRSH_TYPE_": 14, "CRASH_TYPE": "Pedestrian", "CRSH_LEVL": 1, "PRIMARY_CA": 4, "PRIMARY__1": "Disregarded traffic signals", "SECONDARY_": "0", "SECONDARY1": " ", "LATITUDE": 35.137774, "LONGITUDE": -80.876655, "StreetID": null }, "geometry": { "type": "Point", "coordinates": [ -80.876651753720296, 35.137767137344603 ] } },
{ "type": "Feature", "properties": { "OBJECTID": 6901, "CRSH_ID": 1129118, "DATE_VAL_Y": 2021, "DATE_VAL_M": 12, "DATE_VAL_1": "December", "DATE_VAL_D": 22, "DAY_OF_WEE": 4, "DAY_OF_W_1": "Wednesday", "MILT_TIME": 337, "CASE_NUM": 20211222034001, "CRSH_TYPE_": 21, "CRASH_TYPE": "Rear end, slow or stop", "CRSH_LEVL": 1, "PRIMARY_CA": 8, "PRIMARY__1": "Failure to reduce speed", "SECONDARY_": "0", "SECONDARY1": " ", "LATITUDE": 35.31177, "LONGITUDE": -80.75854, "StreetID": null }, "geometry": { "type": "Point", "coordinates": [ -80.758536779523595, 35.311763096455202 ] } },
{ "type": "Feature", "properties": { "OBJECTID": 6902, "CRSH_ID": 1052349, "DATE_VAL_Y": 2020, "DATE_VAL_M": 10, "DATE_VAL_1": "October", "DATE_VAL_D": 17, "DAY_OF_WEE": 7, "DAY_OF_W_1": "Saturday", "MILT_TIME": 344, "CASE_NUM": 20201017034400, "CRSH_TYPE_": 2, "CRASH_TYPE": "Ran off road left", "CRSH_LEVL": 2, "PRIMARY_CA": 33, "PRIMARY__1": "Unable to determine", "SECONDARY_": "0", "SECONDARY1": " ", "LATITUDE": 35.293839, "LONGITUDE": -80.856558, "StreetID": null }, "geometry": { "type": "Point", "coordinates": [ -80.856554751849998, 35.293832104104702 ] } },
{ "type": "Feature", "properties": { "OBJECTID": 6903, "CRSH_ID": 1196149, "DATE_VAL_Y": 2022, "DATE_VAL_M": 12, "DATE_VAL_1": "December", "DATE_VAL_D": 29, "DAY_OF_WEE": 5, "DAY_OF_W_1": "Thursday", "MILT_TIME": 1822, "CASE_NUM": 20221229182202, "CRSH_TYPE_": 24, "CRASH_TYPE": "Left turn, different roadways", "CRSH_LEVL": 2, "PRIMARY_CA": 19, "PRIMARY__1": "Failed to yield right of way", "SECONDARY_": "0", "SECONDARY1": " ", "LATITUDE": 35.206931, "LONGITUDE": -80.861028, "StreetID": null }, "geometry": { "type": "Point", "coordinates": [ -80.861024752790001, 35.206924121896101 ] } },
{ "type": "Feature", "properties": { "OBJECTID": 6904, "CRSH_ID": 1230553, "DATE_VAL_Y": 2023, "DATE_VAL_M": 10, "DATE_VAL_1": "October", "DATE_VAL_D": 12, "DAY_OF_WEE": 5, "DAY_OF_W_1": "Thursday", "MILT_TIME": 1350, "CASE_NUM": 20231012135000, "CRSH_TYPE_": 14, "CRASH_TYPE": "Pedestrian", "CRSH_LEVL": 2, "PRIMARY_CA": 0, "PRIMARY__1": "No contributing circumstance indicated", "SECONDARY_": "0", "SECONDARY1": " ", "LATITUDE": 35.233506, "LONGITUDE": -80.738904, "StreetID": null }, "geometry": { "type": "Point", "coordinates": [ -80.738900789420299, 35.233499112119901 ] } },
{ "type": "Feature", "properties": { "OBJECTID": 6905, "CRSH_ID": 1129489, "DATE_VAL_Y": 2021, "DATE_VAL_M": 12, "DATE_VAL_1": "December", "DATE_VAL_D": 26, "DAY_OF_WEE": 1, "DAY_OF_W_1": "Sunday", "MILT_TIME": 1847, "CASE_NUM": 20211226184700, "CRSH_TYPE_": 27, "CRASH_TYPE": "Head on", "CRSH_LEVL": 1, "PRIMARY_CA": 11, "PRIMARY__1": "Crossed centerline/going wrong way", "SECONDARY_": "0", "SECONDARY1": " ", "LATITUDE": 35.175712, "LONGITUDE": -80.719397, "StreetID": null }, "geometry": { "type": "Point", "coordinates": [ -80.719393797382196, 35.175705123371301 ] } },
{ "type": "Feature", "properties": { "OBJECTID": 6906, "CRSH_ID": 1275813, "DATE_VAL_Y": 2024, "DATE_VAL_M": 10, "DATE_VAL_1": "October", "DATE_VAL_D": 16, "DAY_OF_WEE": 4, "DAY_OF_W_1": "Wednesday", "MILT_TIME": 250, "CASE_NUM": 20241016025000, "CRSH_TYPE_": 2, "CRASH_TYPE": "Ran off road left", "CRSH_LEVL": 1, "PRIMARY_CA": 6, "PRIMARY__1": "Exceeded authorized speed limit", "SECONDARY_": "0", "SECONDARY1": " ", "LATITUDE": 35.152691, "LONGITUDE": -80.891151, "StreetID": null }, "geometry": { "type": "Point", "coordinates": [ -80.891147747662302, 35.152684136168403 ] } },
{ "type": "Feature", "properties": { "OBJECTID": 6907, "CRSH_ID": 1062992, "DATE_VAL_Y": 2020, "DATE_VAL_M": 8, "DATE_VAL_1": "August", "DATE_VAL_D": 8, "DAY_OF_WEE": 7, "DAY_OF_W_1": "Saturday", "MILT_TIME": 1540, "CASE_NUM": 20200808154003, "CRSH_TYPE_": 21, "CRASH_TYPE": "Rear end, slow or stop", "CRSH_LEVL": 1, "PRIMARY_CA": 8, "PRIMARY__1": "Failure to reduce speed", "SECONDARY_": "0", "SECONDARY1": " ", "LATITUDE": 35.307938, "LONGITUDE": -80.844251, "StreetID": null }, "geometry": { "type": "Point", "coordinates": [ -80.844247754151397, 35.307931101240897 ] } },
{ "type": "Feature", "properties": { "OBJECTID": 6908, "CRSH_ID": 1200923, "DATE_VAL_Y": 2023, "DATE_VAL_M": 2, "DATE_VAL_1": "February", "DATE_VAL_D": 8, "DAY_OF_WEE": 4, "DAY_OF_W_1": "Wednesday", "MILT_TIME": 1619, "CASE_NUM": 20230208161903, "CRSH_TYPE_": 14, "CRASH_TYPE": "Pedestrian", "CRSH_LEVL": 2, "PRIMARY_CA": 0, "PRIMARY__1": "No contributing circumstance indicated", "SECONDARY_": "0", "SECONDARY1": " ", "LATITUDE": 35.1345, "LONGITUDE": -80.93926, "StreetID": null }, "geometry": { "type": "Point", "coordinates": [ -80.939256734848399, 35.134493140496701 ] } },
{ "type": "Feature", "properties": { "OBJECTID": 6909, "CRSH_ID": 1264928, "DATE_VAL_Y": 2024, "DATE_VAL_M": 7, "DATE_VAL_1": "July", "DATE_VAL_D": 14, "DAY_OF_WEE": 1, "DAY_OF_W_1": "Sunday", "MILT_TIME": 1649, "CASE_NUM": 20240714164900, "CRSH_TYPE_": 14, "CRASH_TYPE": "Pedestrian", "CRSH_LEVL": 1, "PRIMARY_CA": 0, "PRIMARY__1": "No contributing circumstance indicated", "SECONDARY_": "0", "SECONDARY1": " ", "LATITUDE": 35.267143, "LONGITUDE": -80.837486, "StreetID": null }, "geometry": { "type": "Point", "coordinates": [ -80.837482756431996, 35.267136109293801 ] } },
{ "type": "Feature", "properties": { "OBJECTID": 6910, "CRSH_ID": 1084988, "DATE_VAL_Y": 2021, "DATE_VAL_M": 3, "DATE_VAL_1": "March", "DATE_VAL_D": 20, "DAY_OF_WEE": 7, "DAY_OF_W_1": "Saturday", "MILT_TIME": 2254, "CASE_NUM": 20210320225401, "CRSH_TYPE_": 2, "CRASH_TYPE": "Ran off road left", "CRSH_LEVL": 2, "PRIMARY_CA": 0, "PRIMARY__1": " ", "SECONDARY_": "0", "SECONDARY1": " ", "LATITUDE": 35.33506, "LONGITUDE": -80.8244, "StreetID": null }, "geometry": { "type": "Point", "coordinates": [ -80.824396757794801, 35.335053094619198 ] } },
{ "type": "Feature", "properties": { "OBJECTID": 6911, "CRSH_ID": 1239772, "DATE_VAL_Y": 2023, "DATE_VAL_M": 12, "DATE_VAL_1": "December", "DATE_VAL_D": 19, "DAY_OF_WEE": 3, "DAY_OF_W_1": "Tuesday", "MILT_TIME": 543, "CASE_NUM": 20231219054300, "CRSH_TYPE_": 1, "CRASH_TYPE": "Ran off road right", "CRSH_LEVL": 1, "PRIMARY_CA": 14, "PRIMARY__1": "Overcorrected/oversteered", "SECONDARY_": "0", "SECONDARY1": " ", "LATITUDE": 35.20097, "LONGITUDE": -80.7753, "StreetID": null }, "geometry": { "type": "Point", "coordinates": [ -80.775296779753702, 35.200963120148401 ] } },
{ "type": "Feature", "properties": { "OBJECTID": 6912, "CRSH_ID": 1042342, "DATE_VAL_Y": 2020, "DATE_VAL_M": 7, "DATE_VAL_1": "July", "DATE_VAL_D": 20, "DAY_OF_WEE": 2, "DAY_OF_W_1": "Monday", "MILT_TIME": 1138, "CASE_NUM": 20200720113802, "CRSH_TYPE_": 14, "CRASH_TYPE": "Pedestrian", "CRSH_LEVL": 1, "PRIMARY_CA": 8, "PRIMARY__1": "Failure to reduce speed", "SECONDARY_": "0", "SECONDARY1": " ", "LATITUDE": 35.210313, "LONGITUDE": -80.679895, "StreetID": null }, "geometry": { "type": "Point", "coordinates": [ -80.679891807764804, 35.210306115054102 ] } },
{ "type": "Feature", "properties": { "OBJECTID": 6913, "CRSH_ID": 1118261, "DATE_VAL_Y": 2021, "DATE_VAL_M": 9, "DATE_VAL_1": "September", "DATE_VAL_D": 5, "DAY_OF_WEE": 1, "DAY_OF_W_1": "Sunday", "MILT_TIME": 56, "CASE_NUM": 20210905005600, "CRSH_TYPE_": 24, "CRASH_TYPE": "Left turn, different roadways", "CRSH_LEVL": 1, "PRIMARY_CA": 33, "PRIMARY__1": "Unable to determine", "SECONDARY_": "0", "SECONDARY1": " ", "LATITUDE": 35.290649, "LONGITUDE": -80.767869, "StreetID": null }, "geometry": { "type": "Point", "coordinates": [ -80.767865777808495, 35.2906421008988 ] } },
{ "type": "Feature", "properties": { "OBJECTID": 6914, "CRSH_ID": 1245863, "DATE_VAL_Y": 2024, "DATE_VAL_M": 2, "DATE_VAL_1": "February", "DATE_VAL_D": 10, "DAY_OF_WEE": 7, "DAY_OF_W_1": "Saturday", "MILT_TIME": 1922, "CASE_NUM": 20240210192201, "CRSH_TYPE_": 14, "CRASH_TYPE": "Pedestrian", "CRSH_LEVL": 1, "PRIMARY_CA": 0, "PRIMARY__1": "No contributing circumstance indicated", "SECONDARY_": "0", "SECONDARY1": " ", "LATITUDE": 35.28163, "LONGITUDE": -80.804982, "StreetID": null }, "geometry": { "type": "Point", "coordinates": [ -80.804978765945293, 35.281623104050901 ] } },
{ "type": "Feature", "properties": { "OBJECTID": 6915, "CRSH_ID": 996968, "DATE_VAL_Y": 2020, "DATE_VAL_M": 1, "DATE_VAL_1": "January", "DATE_VAL_D": 17, "DAY_OF_WEE": 6, "DAY_OF_W_1": "Friday", "MILT_TIME": 1456, "CASE_NUM": 20200117145600, "CRSH_TYPE_": 24, "CRASH_TYPE": "Left turn, different roadways", "CRSH_LEVL": 2, "PRIMARY_CA": 19, "PRIMARY__1": "Failed to yield right of way", "SECONDARY_": "0", "SECONDARY1": " ", "LATITUDE": 35.315214, "LONGITUDE": -80.740565, "StreetID": null }, "geometry": { "type": "Point", "coordinates": [ -80.740561784261402, 35.3152070945739 ] } },
{ "type": "Feature", "properties": { "OBJECTID": 6916, "CRSH_ID": 1104683, "DATE_VAL_Y": 2021, "DATE_VAL_M": 6, "DATE_VAL_1": "June", "DATE_VAL_D": 22, "DAY_OF_WEE": 3, "DAY_OF_W_1": "Tuesday", "MILT_TIME": 1609, "CASE_NUM": 20210622160902, "CRSH_TYPE_": 24, "CRASH_TYPE": "Left turn, different roadways", "CRSH_LEVL": 2, "PRIMARY_CA": 20, "PRIMARY__1": "Inattention", "SECONDARY_": "0", "SECONDARY1": "None (no unusual conditions)", "LATITUDE": 35.244442, "LONGITUDE": -80.75225, "StreetID": null }, "geometry": { "type": "Point", "coordinates": [ -80.752246783466205, 35.244435110766702 ] } },
{ "type": "Feature", "properties": { "OBJECTID": 6917, "CRSH_ID": 1118293, "DATE_VAL_Y": 2021, "DATE_VAL_M": 9, "DATE_VAL_1": "September", "DATE_VAL_D": 5, "DAY_OF_WEE": 1, "DAY_OF_W_1": "Sunday", "MILT_TIME": 2021, "CASE_NUM": 20210905202100, "CRSH_TYPE_": 23, "CRASH_TYPE": "Left turn, same roadway", "CRSH_LEVL": 1, "PRIMARY_CA": 19, "PRIMARY__1": "Failed to yield right of way", "SECONDARY_": "0", "SECONDARY1": " ", "LATITUDE": 35.183453, "LONGITUDE": -80.753265, "StreetID": null }, "geometry": { "type": "Point", "coordinates": [ -80.753261787876497, 35.183446123857102 ] } },
{ "type": "Feature", "properties": { "OBJECTID": 6918, "CRSH_ID": 2244283, "DATE_VAL_Y": 2024, "DATE_VAL_M": 5, "DATE_VAL_1": "May", "DATE_VAL_D": 8, "DAY_OF_WEE": 4, "DAY_OF_W_1": "Wednesday", "MILT_TIME": 1743, "CASE_NUM": 20240508174301, "CRSH_TYPE_": 1, "CRASH_TYPE": "Ran off road right", "CRSH_LEVL": 1, "PRIMARY_CA": 32, "PRIMARY__1": "Other*", "SECONDARY_": "0", "SECONDARY1": " ", "LATITUDE": 35.249347, "LONGITUDE": -80.764534, "StreetID": null }, "geometry": { "type": "Point", "coordinates": [ -80.764530780485401, 35.249340110299499 ] } },
{ "type": "Feature", "properties": { "OBJECTID": 6919, "CRSH_ID": 1281496, "DATE_VAL_Y": 2024, "DATE_VAL_M": 12, "DATE_VAL_1": "December", "DATE_VAL_D": 8, "DAY_OF_WEE": 1, "DAY_OF_W_1": "Sunday", "MILT_TIME": 715, "CASE_NUM": 20241208071901, "CRSH_TYPE_": 5, "CRASH_TYPE": "Overturn/rollover", "CRSH_LEVL": 2, "PRIMARY_CA": 5, "PRIMARY__1": "Disregarded road markings", "SECONDARY_": "0", "SECONDARY1": " ", "LATITUDE": 35.329629, "LONGITUDE": -80.783579, "StreetID": null }, "geometry": { "type": "Point", "coordinates": [ -80.783575771185397, 35.329622094007703 ] } },
{ "type": "Feature", "properties": { "OBJECTID": 6920, "CRSH_ID": 1019743, "DATE_VAL_Y": 2020, "DATE_VAL_M": 5, "DATE_VAL_1": "May", "DATE_VAL_D": 10, "DAY_OF_WEE": 1, "DAY_OF_W_1": "Sunday", "MILT_TIME": 2119, "CASE_NUM": 20200510211905, "CRSH_TYPE_": 14, "CRASH_TYPE": "Pedestrian", "CRSH_LEVL": 2, "PRIMARY_CA": 0, "PRIMARY__1": " ", "SECONDARY_": "0", "SECONDARY1": " ", "LATITUDE": 35.293654, "LONGITUDE": -80.748023, "StreetID": null }, "geometry": { "type": "Point", "coordinates": [ -80.748019781840597, 35.293647099664398 ] } },
{ "type": "Feature", "properties": { "OBJECTID": 6921, "CRSH_ID": 1018542, "DATE_VAL_Y": 2020, "DATE_VAL_M": 5, "DATE_VAL_1": "May", "DATE_VAL_D": 5, "DAY_OF_WEE": 3, "DAY_OF_W_1": "Tuesday", "MILT_TIME": 2300, "CASE_NUM": 20200505230201, "CRSH_TYPE_": 21, "CRASH_TYPE": "Rear end, slow or stop", "CRSH_LEVL": 2, "PRIMARY_CA": 7, "PRIMARY__1": "Exceeded safe speed for conditions", "SECONDARY_": "0", "SECONDARY1": " ", "LATITUDE": 35.136419, "LONGITUDE": -80.977827, "StreetID": null }, "geometry": { "type": "Point", "coordinates": [ -80.9778237224386, 35.136412141609597 ] } },
{ "type": "Feature", "properties": { "OBJECTID": 6922, "CRSH_ID": 1114232, "DATE_VAL_Y": 2021, "DATE_VAL_M": 6, "DATE_VAL_1": "June", "DATE_VAL_D": 27, "DAY_OF_WEE": 1, "DAY_OF_W_1": "Sunday", "MILT_TIME": 213, "CASE_NUM": 20210627021301, "CRSH_TYPE_": 14, "CRASH_TYPE": "Pedestrian", "CRSH_LEVL": 1, "PRIMARY_CA": 0, "PRIMARY__1": " ", "SECONDARY_": "0", "SECONDARY1": " ", "LATITUDE": 35.26319, "LONGITUDE": -80.732641, "StreetID": null }, "geometry": { "type": "Point", "coordinates": [ -80.732637789509297, 35.263183106302797 ] } },
{ "type": "Feature", "properties": { "OBJECTID": 6923, "CRSH_ID": 1119325, "DATE_VAL_Y": 2021, "DATE_VAL_M": 9, "DATE_VAL_1": "September", "DATE_VAL_D": 17, "DAY_OF_WEE": 6, "DAY_OF_W_1": "Friday", "MILT_TIME": 1001, "CASE_NUM": 20210917100102, "CRSH_TYPE_": 15, "CRASH_TYPE": "Pedalcyclist", "CRSH_LEVL": 1, "PRIMARY_CA": 20, "PRIMARY__1": "Inattention", "SECONDARY_": "0", "SECONDARY1": " ", "LATITUDE": 35.276482, "LONGITUDE": -80.793387, "StreetID": null }, "geometry": { "type": "Point", "coordinates": [ -80.7933837709665, 35.276475105515701 ] } },
{ "type": "Feature", "properties": { "OBJECTID": 6924, "CRSH_ID": 1272485, "DATE_VAL_Y": 2024, "DATE_VAL_M": 9, "DATE_VAL_1": "September", "DATE_VAL_D": 30, "DAY_OF_WEE": 2, "DAY_OF_W_1": "Monday", "MILT_TIME": 1214, "CASE_NUM": 20240930121402, "CRSH_TYPE_": 21, "CRASH_TYPE": "Rear end, slow or stop", "CRSH_LEVL": 2, "PRIMARY_CA": 20, "PRIMARY__1": "Inattention", "SECONDARY_": "0", "SECONDARY1": "None (no unusual conditions)", "LATITUDE": 35.041359, "LONGITUDE": -80.846296, "StreetID": null }, "geometry": { "type": "Point", "coordinates": [ -80.846292768053601, 35.041352158082198 ] } },
{ "type": "Feature", "properties": { "OBJECTID": 6925, "CRSH_ID": 1032450, "DATE_VAL_Y": 2020, "DATE_VAL_M": 7, "DATE_VAL_1": "July", "DATE_VAL_D": 11, "DAY_OF_WEE": 7, "DAY_OF_W_1": "Saturday", "MILT_TIME": 1452, "CASE_NUM": 20200711145201, "CRSH_TYPE_": 24, "CRASH_TYPE": "Left turn, different roadways", "CRSH_LEVL": 2, "PRIMARY_CA": 20, "PRIMARY__1": "Inattention", "SECONDARY_": "0", "SECONDARY1": " ", "LATITUDE": 35.234341, "LONGITUDE": -80.738616, "StreetID": null }, "geometry": { "type": "Point", "coordinates": [ -80.738612788873894, 35.234334111617301 ] } },
{ "type": "Feature", "properties": { "OBJECTID": 6926, "CRSH_ID": 1212744, "DATE_VAL_Y": 2023, "DATE_VAL_M": 5, "DATE_VAL_1": "May", "DATE_VAL_D": 21, "DAY_OF_WEE": 1, "DAY_OF_W_1": "Sunday", "MILT_TIME": 1342, "CASE_NUM": 20230521134203, "CRSH_TYPE_": 30, "CRASH_TYPE": "Angle", "CRSH_LEVL": 2, "PRIMARY_CA": 19, "PRIMARY__1": "Failed to yield right of way", "SECONDARY_": "0", "SECONDARY1": " ", "LATITUDE": 35.093072, "LONGITUDE": -80.974287, "StreetID": null }, "geometry": { "type": "Point", "coordinates": [ -80.974283727394393, 35.093065151367497 ] } },
{ "type": "Feature", "properties": { "OBJECTID": 6927, "CRSH_ID": 1031041, "DATE_VAL_Y": 2020, "DATE_VAL_M": 7, "DATE_VAL_1": "July", "DATE_VAL_D": 7, "DAY_OF_WEE": 3, "DAY_OF_W_1": "Tuesday", "MILT_TIME": 1549, "CASE_NUM": 20200707154904, "CRSH_TYPE_": 28, "CRASH_TYPE": "Sideswipe, same direction", "CRSH_LEVL": 2, "PRIMARY_CA": 19, "PRIMARY__1": "Failed to yield right of way", "SECONDARY_": "0", "SECONDARY1": " ", "LATITUDE": 35.180377, "LONGITUDE": -80.753712, "StreetID": null }, "geometry": { "type": "Point", "coordinates": [ -80.753708787705307, 35.180370125186499 ] } },
{ "type": "Feature", "properties": { "OBJECTID": 6928, "CRSH_ID": 1127525, "DATE_VAL_Y": 2021, "DATE_VAL_M": 12, "DATE_VAL_1": "December", "DATE_VAL_D": 6, "DAY_OF_WEE": 2, "DAY_OF_W_1": "Monday", "MILT_TIME": 2225, "CASE_NUM": 20211206222503, "CRSH_TYPE_": 2, "CRASH_TYPE": "Ran off road left", "CRSH_LEVL": 1, "PRIMARY_CA": 6, "PRIMARY__1": "Exceeded authorized speed limit", "SECONDARY_": "0", "SECONDARY1": " ", "LATITUDE": 35.0912, "LONGITUDE": -80.80404, "StreetID": null }, "geometry": { "type": "Point", "coordinates": [ -80.804036776399201, 35.091193146262597 ] } },
{ "type": "Feature", "properties": { "OBJECTID": 6929, "CRSH_ID": 1179764, "DATE_VAL_Y": 2022, "DATE_VAL_M": 10, "DATE_VAL_1": "October", "DATE_VAL_D": 30, "DAY_OF_WEE": 1, "DAY_OF_W_1": "Sunday", "MILT_TIME": 1725, "CASE_NUM": 20221030172501, "CRSH_TYPE_": 2, "CRASH_TYPE": "Ran off road left", "CRSH_LEVL": 2, "PRIMARY_CA": 32, "PRIMARY__1": "Other*", "SECONDARY_": "0", "SECONDARY1": " ", "LATITUDE": 35.205156, "LONGITUDE": -80.750016, "StreetID": null }, "geometry": { "type": "Point", "coordinates": [ -80.750012786779195, 35.205149119781296 ] } },
{ "type": "Feature", "properties": { "OBJECTID": 6930, "CRSH_ID": 1117639, "DATE_VAL_Y": 2021, "DATE_VAL_M": 8, "DATE_VAL_1": "August", "DATE_VAL_D": 30, "DAY_OF_WEE": 2, "DAY_OF_W_1": "Monday", "MILT_TIME": 301, "CASE_NUM": 20210830030102, "CRSH_TYPE_": 1, "CRASH_TYPE": "Ran off road right", "CRSH_LEVL": 2, "PRIMARY_CA": 30, "PRIMARY__1": "Alcohol use", "SECONDARY_": "0", "SECONDARY1": " ", "LATITUDE": 35.362005, "LONGITUDE": -80.749166, "StreetID": null }, "geometry": { "type": "Point", "coordinates": [ -80.7491627777909, 35.361998085234298 ] } },
{ "type": "Feature", "properties": { "OBJECTID": 6931, "CRSH_ID": 1046273, "DATE_VAL_Y": 2020, "DATE_VAL_M": 9, "DATE_VAL_1": "September", "DATE_VAL_D": 19, "DAY_OF_WEE": 7, "DAY_OF_W_1": "Saturday", "MILT_TIME": 748, "CASE_NUM": 20200919074800, "CRSH_TYPE_": 2, "CRASH_TYPE": "Ran off road left", "CRSH_LEVL": 2, "PRIMARY_CA": 6, "PRIMARY__1": "Exceeded authorized speed limit", "SECONDARY_": "0", "SECONDARY1": " ", "LATITUDE": 35.189835, "LONGITUDE": -80.929209, "StreetID": null }, "geometry": { "type": "Point", "coordinates": [ -80.929205734755797, 35.189828129176497 ] } },
{ "type": "Feature", "properties": { "OBJECTID": 6932, "CRSH_ID": 1035415, "DATE_VAL_Y": 2020, "DATE_VAL_M": 7, "DATE_VAL_1": "July", "DATE_VAL_D": 21, "DAY_OF_WEE": 3, "DAY_OF_W_1": "Tuesday", "MILT_TIME": 302, "CASE_NUM": 20200721030200, "CRSH_TYPE_": 27, "CRASH_TYPE": "Head on", "CRSH_LEVL": 2, "PRIMARY_CA": 11, "PRIMARY__1": "Crossed centerline/going wrong way", "SECONDARY_": "0", "SECONDARY1": " ", "LATITUDE": 35.267253, "LONGITUDE": -80.919655, "StreetID": null }, "geometry": { "type": "Point", "coordinates": [ -80.919651732167907, 35.267246112080002 ] } },
{ "type": "Feature", "properties": { "OBJECTID": 6933, "CRSH_ID": 1256058, "DATE_VAL_Y": 2024, "DATE_VAL_M": 5, "DATE_VAL_1": "May", "DATE_VAL_D": 8, "DAY_OF_WEE": 4, "DAY_OF_W_1": "Wednesday", "MILT_TIME": 1153, "CASE_NUM": 20240508115300, "CRSH_TYPE_": 26, "CRASH_TYPE": "Right turn, different roadways", "CRSH_LEVL": 1, "PRIMARY_CA": 19, "PRIMARY__1": "Failed to yield right of way", "SECONDARY_": "0", "SECONDARY1": " ", "LATITUDE": 35.260564, "LONGITUDE": -80.875806, "StreetID": null }, "geometry": { "type": "Point", "coordinates": [ -80.875802746077099, 35.260557111846097 ] } },
{ "type": "Feature", "properties": { "OBJECTID": 6934, "CRSH_ID": 1117960, "DATE_VAL_Y": 2021, "DATE_VAL_M": 9, "DATE_VAL_1": "September", "DATE_VAL_D": 1, "DAY_OF_WEE": 4, "DAY_OF_W_1": "Wednesday", "MILT_TIME": 2133, "CASE_NUM": 20210901213300, "CRSH_TYPE_": 23, "CRASH_TYPE": "Left turn, same roadway", "CRSH_LEVL": 2, "PRIMARY_CA": 30, "PRIMARY__1": "Alcohol use", "SECONDARY_": "0", "SECONDARY1": " ", "LATITUDE": 35.281801, "LONGITUDE": -80.804879, "StreetID": null }, "geometry": { "type": "Point", "coordinates": [ -80.804875766074005, 35.281794104760102 ] } }
]
}
