{
"type": "FeatureCollection",
"name": "heatmap_bike",
"crs": { "type": "name", "properties": { "name": "urn:ogc:def:crs:OGC:1.3:CRS84" } },
"features": [
{ "type": "Feature", "properties": { "density": 1.1e-05 }, "geometry": { "type": "LineString", "coordinates": [ [ -80.795449672322619, 35.243546194133593 ], [ -80.795441093863687, 35.243538982696684 ], [ -80.795107349246379, 35.243253093599471 ], [ -80.795101892451797, 35.243248771518147 ] ] } },
{ "type": "Feature", "properties": { "density": 4.0000000000000003e-05 }, "geometry": { "type": "LineString", "coordinates": [ [ -80.795101892451797, 35.243248771518147 ], [ -80.79483091198729, 35.243034139202514 ], [ -80.794725179183715, 35.242948457085227 ] ] } },
{ "type": "Feature", "properties": { "density": 8.6e-05 }, "geometry": { "type": "LineString", "coordinates": [ [ -80.794426121165515, 35.245098023161098 ], [ -80.794377800040778, 35.244957440508713 ], [ -80.794289216198635, 35.244701471969165 ] ] } },
{ "type": "Feature", "properties": { "density": 0.000157 }, "geometry": { "type": "LineString", "coordinates": [ [ -80.794289216198635, 35.244701471969165 ], [ -80.794255267758302, 35.244603375385822 ], [ -80.794175520432333, 35.244379441482621 ], [ -80.794149824328599, 35.244305506958732 ] ] } },
{ "type": "Feature", "properties": { "density": 0.000225 }, "geometry": { "type": "LineString", "coordinates": [ [ -80.794149824328599, 35.244305506958732 ], [ -80.794127534732795, 35.244241373750228 ], [ -80.794084230517527, 35.244125679436948 ], [ -80.794039430797312, 35.243992831627509 ], [ -80.794012535769369, 35.243909093180989 ] ] } },
{ "type": "Feature", "properties": { "density": 0.000265 }, "geometry": { "type": "LineString", "coordinates": [ [ -80.794012535769369, 35.243909093180989 ], [ -80.793998070752394, 35.243864055858552 ], [ -80.793983349986803, 35.243829463897463 ], [ -80.793957653926256, 35.243778088019113 ], [ -80.793933734325776, 35.243744091361989 ] ] } },
{ "type": "Feature", "properties": { "density": 0.00025 }, "geometry": { "type": "LineString", "coordinates": [ [ -80.793933734325776, 35.243744091361989 ], [ -80.793924515834135, 35.243731174544351 ], [ -80.793878352757574, 35.243688576331948 ], [ -80.793759828114659, 35.243604915108477 ], [ -80.793557553457688, 35.243473122107766 ] ] } },
{ "type": "Feature", "properties": { "density": 0.000187 }, "geometry": { "type": "LineString", "coordinates": [ [ -80.793557553457688, 35.243473122107766 ], [ -80.793442627713588, 35.243398241358676 ], [ -80.793168543405855, 35.243212343166036 ] ] } },
{ "type": "Feature", "properties": { "density": 0.000139 }, "geometry": { "type": "LineString", "coordinates": [ [ -80.793168543405855, 35.243212343166036 ], [ -80.793114185560981, 35.243175474681124 ], [ -80.793027508398609, 35.243118361993531 ] ] } },
{ "type": "Feature", "properties": { "density": 4.5e-05 }, "geometry": { "type": "LineString", "coordinates": [ [ -80.793027508398609, 35.243118361993531 ], [ -80.792806277984596, 35.242972324814019 ], [ -80.792638936073857, 35.242864881929265 ], [ -80.792634169079534, 35.242861985419694 ] ] } },
{ "type": "Feature", "properties": { "density": 1.5e-05 }, "geometry": { "type": "LineString", "coordinates": [ [ -80.792634169079534, 35.242861985419694 ], [ -80.792556884590752, 35.242815025950144 ], [ -80.792439046515554, 35.242749902994028 ], [ -80.792273932969849, 35.242667613953827 ], [ -80.792211976772421, 35.242639273599359 ] ] } },
{ "type": "Feature", "properties": { "density": 7.6e-05 }, "geometry": { "type": "LineString", "coordinates": [ [ -80.784233703447001, 35.258098419884014 ], [ -80.784216477403575, 35.258357221851874 ], [ -80.784206345030384, 35.258509956790263 ] ] } },
{ "type": "Feature", "properties": { "density": 2.9e-05 }, "geometry": { "type": "LineString", "coordinates": [ [ -80.784206345030384, 35.258509956790263 ], [ -80.784184998286207, 35.258831734762047 ], [ -80.784178365802546, 35.258921464244168 ] ] } },
{ "type": "Feature", "properties": { "density": 1.6e-05 }, "geometry": { "type": "LineString", "coordinates": [ [ -80.875489512749738, 35.235451073455934 ], [ -80.875530042950118, 35.235404602285755 ], [ -80.875571753386723, 35.235361358410493 ], [ -80.875614955617294, 35.235310076854425 ], [ -80.875653634271146, 35.235256346277488 ], [ -80.875687518696751, 35.235200629806968 ], [ -80.875716615409644, 35.235142923739467 ], [ -80.875736167130825, 35.235095143110001 ] ] } },
{ "type": "Feature", "properties": { "density": 4.6e-05 }, "geometry": { "type": "LineString", "coordinates": [ [ -80.875736167130825, 35.235095143110001 ], [ -80.87574066439025, 35.235084152668342 ], [ -80.875851819353457, 35.23475975138917 ], [ -80.875868986794444, 35.234697751591916 ] ] } },
{ "type": "Feature", "properties": { "density": 8.2e-05 }, "geometry": { "type": "LineString", "coordinates": [ [ -80.875868986794444, 35.234697751591916 ], [ -80.875980272689773, 35.23429584291388 ] ] } },
{ "type": "Feature", "properties": { "density": 0.000109 }, "geometry": { "type": "LineString", "coordinates": [ [ -80.875980272689773, 35.23429584291388 ], [ -80.876030393829083, 35.234114829231757 ], [ -80.876043672253189, 35.23406103436961 ] ] } },
{ "type": "Feature", "properties": { "density": 1.9e-05 }, "geometry": { "type": "LineString", "coordinates": [ [ -80.877029964261453, 35.231282233856213 ], [ -80.87741813760401, 35.23102064877137 ] ] } },
{ "type": "Feature", "properties": { "density": 0.000263 }, "geometry": { "type": "LineString", "coordinates": [ [ -80.876043672253189, 35.23406103436961 ], [ -80.876127743190139, 35.233724226237229 ], [ -80.876142180969381, 35.233656909602722 ] ] } },
{ "type": "Feature", "properties": { "density": 0.000301 }, "geometry": { "type": "LineString", "coordinates": [ [ -80.876142180969381, 35.233656909602722 ], [ -80.876229065939057, 35.233251803088976 ], [ -80.876229208447995, 35.233250992542267 ] ] } },
{ "type": "Feature", "properties": { "density": 0.000312 }, "geometry": { "type": "LineString", "coordinates": [ [ -80.876229208447995, 35.233250992542267 ], [ -80.876255470628607, 35.23310162110706 ] ] } },
{ "type": "Feature", "properties": { "density": 0.000308 }, "geometry": { "type": "LineString", "coordinates": [ [ -80.876255470628607, 35.23310162110706 ], [ -80.876319733299255, 35.232692857730768 ] ] } },
{ "type": "Feature", "properties": { "density": 0.000279 }, "geometry": { "type": "LineString", "coordinates": [ [ -80.876319733299255, 35.232692857730768 ], [ -80.876377645647722, 35.232324484053379 ], [ -80.876386948750294, 35.232284481419299 ] ] } },
{ "type": "Feature", "properties": { "density": 0.000227 }, "geometry": { "type": "LineString", "coordinates": [ [ -80.876386948750294, 35.232284481419299 ], [ -80.876407765476557, 35.232194970932511 ], [ -80.876446215062927, 35.232066951520373 ], [ -80.876492888371672, 35.231940785398358 ], [ -80.876516698844597, 35.231886891797046 ] ] } },
{ "type": "Feature", "properties": { "density": 0.00016 }, "geometry": { "type": "LineString", "coordinates": [ [ -80.876516698844597, 35.231886891797046 ], [ -80.876547652923705, 35.231816828950123 ], [ -80.876586092111651, 35.231740309550197 ], [ -80.876626399524469, 35.231667042167544 ], [ -80.876673809158575, 35.231596695854591 ], [ -80.876728010795603, 35.231529733440915 ], [ -80.876738348962817, 35.231518968417802 ] ] } },
{ "type": "Feature", "properties": { "density": 9.5e-05 }, "geometry": { "type": "LineString", "coordinates": [ [ -80.876738348962817, 35.231518968417802 ], [ -80.876788646425879, 35.231466594153169 ], [ -80.87685531793781, 35.231407693495989 ], [ -80.877029964261453, 35.231282233856213 ] ] } },
{ "type": "Feature", "properties": { "density": 0.000328 }, "geometry": { "type": "LineString", "coordinates": [ [ -80.769364807378864, 35.108525941619426 ], [ -80.76918658372378, 35.108506566992297 ], [ -80.769022318209068, 35.108488133643363 ], [ -80.768919944031083, 35.108470852118309 ], [ -80.768871101716044, 35.108457485952947 ] ] } },
{ "type": "Feature", "properties": { "density": 0.00041 }, "geometry": { "type": "LineString", "coordinates": [ [ -80.768871101716044, 35.108457485952947 ], [ -80.768810324765468, 35.108440853727011 ], [ -80.768697526244765, 35.108405405499795 ], [ -80.76857668441977, 35.108359082355896 ], [ -80.768463516590359, 35.108306691522948 ], [ -80.768419215141662, 35.108282045527154 ] ] } },
{ "type": "Feature", "properties": { "density": 0.000449 }, "geometry": { "type": "LineString", "coordinates": [ [ -80.768419215141662, 35.108282045527154 ], [ -80.768335167451852, 35.108235287624858 ], [ -80.768239301240527, 35.108171192687337 ] ] } },
{ "type": "Feature", "properties": { "density": 5.9e-05 }, "geometry": { "type": "LineString", "coordinates": [ [ -80.770303604593082, 35.108264395936935 ], [ -80.77024517396498, 35.108294334129369 ], [ -80.770196988596737, 35.108321378508869 ], [ -80.770101499066655, 35.108364457202775 ], [ -80.770009570517431, 35.108404736393858 ], [ -80.769942442485899, 35.108432056443405 ], [ -80.769861305921708, 35.108456278184534 ] ] } },
{ "type": "Feature", "properties": { "density": 0.000112 }, "geometry": { "type": "LineString", "coordinates": [ [ -80.769861305921708, 35.108456278184534 ], [ -80.769858542774131, 35.108457103067231 ], [ -80.769773181573314, 35.108478964875133 ], [ -80.769696620174116, 35.108495432219918 ], [ -80.769619164384011, 35.108509161768289 ], [ -80.769531366773592, 35.108521440587737 ], [ -80.769443142124899, 35.108527084246631 ], [ -80.769364807378864, 35.108525941619426 ] ] } },
{ "type": "Feature", "properties": { "density": 0.000935 }, "geometry": { "type": "LineString", "coordinates": [ [ -80.768239301240527, 35.108171192687337 ], [ -80.768151648637499, 35.108100108882788 ], [ -80.768085937901091, 35.108038549555069 ], [ -80.76801360784944, 35.107967469474531 ], [ -80.767945811136059, 35.107886704491229 ], [ -80.767920118828883, 35.107854750189802 ] ] } },
{ "type": "Feature", "properties": { "density": 0.000914 }, "geometry": { "type": "LineString", "coordinates": [ [ -80.767920118828883, 35.107854750189802 ], [ -80.76764363247618, 35.1075108737923 ] ] } },
{ "type": "Feature", "properties": { "density": 0.000812 }, "geometry": { "type": "LineString", "coordinates": [ [ -80.76764363247618, 35.1075108737923 ], [ -80.767501025274157, 35.107333506505618 ], [ -80.767358283638558, 35.107172045838212 ] ] } },
{ "type": "Feature", "properties": { "density": 0.000645 }, "geometry": { "type": "LineString", "coordinates": [ [ -80.767358283638558, 35.107172045838212 ], [ -80.767335328253353, 35.107146080025196 ], [ -80.767156904666393, 35.106950138862061 ], [ -80.767053588284512, 35.106844747530346 ] ] } },
{ "type": "Feature", "properties": { "density": 0.000415 }, "geometry": { "type": "LineString", "coordinates": [ [ -80.767053588284512, 35.106844747530346 ], [ -80.767024105558136, 35.106814672622569 ], [ -80.766665349984024, 35.10646311958147 ] ] } },
{ "type": "Feature", "properties": { "density": 4.5e-05 }, "geometry": { "type": "LineString", "coordinates": [ [ -80.783010580396507, 35.257041384002598 ], [ -80.782896402753011, 35.256686368594238 ], [ -80.782882181015012, 35.256642919514903 ] ] } },
{ "type": "Feature", "properties": { "density": 0.000348 }, "geometry": { "type": "LineString", "coordinates": [ [ -80.783284195954309, 35.258049894768789 ], [ -80.783278716006905, 35.257939822790824 ], [ -80.783263838934573, 35.257847063968001 ], [ -80.783199615652521, 35.257645404228882 ] ] } },
{ "type": "Feature", "properties": { "density": 0.000248 }, "geometry": { "type": "LineString", "coordinates": [ [ -80.783199615652521, 35.257645404228882 ], [ -80.783139415853071, 35.257456377195396 ], [ -80.78307424804774, 35.257246292339396 ] ] } },
{ "type": "Feature", "properties": { "density": 0.000166 }, "geometry": { "type": "LineString", "coordinates": [ [ -80.78307424804774, 35.257246292339396 ], [ -80.783013544464097, 35.257050598014416 ], [ -80.783010580396507, 35.257041384002598 ] ] } },
{ "type": "Feature", "properties": { "density": 1.8e-05 }, "geometry": { "type": "LineString", "coordinates": [ [ -80.727336640603667, 35.294130955822489 ], [ -80.727503602174551, 35.293601177260264 ] ] } },
{ "type": "Feature", "properties": { "density": 3.1e-05 }, "geometry": { "type": "LineString", "coordinates": [ [ -80.727801277418592, 35.293688431523591 ], [ -80.727622161992628, 35.293633606201979 ], [ -80.727503602174551, 35.293601177260264 ] ] } },
{ "type": "Feature", "properties": { "density": 0.000138 }, "geometry": { "type": "LineString", "coordinates": [ [ -80.727503602174551, 35.293601177260264 ], [ -80.727560867284978, 35.293364716748535 ], [ -80.727615213899753, 35.293199552092467 ] ] } },
{ "type": "Feature", "properties": { "density": 0.000231 }, "geometry": { "type": "LineString", "coordinates": [ [ -80.727615213899753, 35.293199552092467 ], [ -80.727626204276405, 35.293166151182234 ], [ -80.72765090948424, 35.293040533397622 ], [ -80.727651247219882, 35.292990604782339 ], [ -80.727636238496814, 35.29295463630956 ], [ -80.727597889412493, 35.292911214757432 ] ] } },
{ "type": "Feature", "properties": { "density": 2.5e-05 }, "geometry": { "type": "LineString", "coordinates": [ [ -80.874701305647591, 35.233318544793072 ], [ -80.875118392905463, 35.233548236685579 ] ] } },
{ "type": "Feature", "properties": { "density": 5.8e-05 }, "geometry": { "type": "LineString", "coordinates": [ [ -80.875118392905463, 35.233548236685579 ], [ -80.87524127312534, 35.233615906871208 ], [ -80.87552202763348, 35.23379327197766 ] ] } },
{ "type": "Feature", "properties": { "density": 9.8e-05 }, "geometry": { "type": "LineString", "coordinates": [ [ -80.87552202763348, 35.23379327197766 ], [ -80.87557634778031, 35.233827588264766 ], [ -80.875872759941984, 35.234008720743574 ], [ -80.876043672253189, 35.23406103436961 ] ] } },
{ "type": "Feature", "properties": { "density": 7.3e-05 }, "geometry": { "type": "LineString", "coordinates": [ [ -80.810836526604632, 35.220263775997225 ], [ -80.810462768808762, 35.220247615840982 ], [ -80.810335001293936, 35.2202417159154 ] ] } },
{ "type": "Feature", "properties": { "density": 3.8e-05 }, "geometry": { "type": "LineString", "coordinates": [ [ -80.810335001293936, 35.2202417159154 ], [ -80.810039538183958, 35.220228071783573 ], [ -80.80983338548323, 35.220221354110862 ] ] } },
{ "type": "Feature", "properties": { "density": 1.0000000000000001e-05 }, "geometry": { "type": "LineString", "coordinates": [ [ -80.80983338548323, 35.220221354110862 ], [ -80.809765011315974, 35.220219125998796 ], [ -80.80949039227211, 35.220205829776098 ], [ -80.809445963505752, 35.220203288269808 ], [ -80.809319084247562, 35.220195338804217 ] ] } },
{ "type": "Feature", "properties": { "density": 1.6e-05 }, "geometry": { "type": "LineString", "coordinates": [ [ -80.812215541708994, 35.220331980833386 ], [ -80.811847586900441, 35.220313216186142 ], [ -80.811714247446929, 35.220306618437313 ] ] } },
{ "type": "Feature", "properties": { "density": 4.7e-05 }, "geometry": { "type": "LineString", "coordinates": [ [ -80.811714247446929, 35.220306618437313 ], [ -80.811212911964333, 35.220281810609393 ] ] } },
{ "type": "Feature", "properties": { "density": 7.8e-05 }, "geometry": { "type": "LineString", "coordinates": [ [ -80.811212911964333, 35.220281810609393 ], [ -80.810994921211105, 35.220271023013879 ], [ -80.810836526604632, 35.220263775997225 ] ] } },
{ "type": "Feature", "properties": { "density": 0.000377 }, "geometry": { "type": "LineString", "coordinates": [ [ -80.739106423232144, 35.297726385348781 ], [ -80.739347084256025, 35.29802109467466 ], [ -80.739384413822265, 35.298069761820265 ] ] } },
{ "type": "Feature", "properties": { "density": 0.000284 }, "geometry": { "type": "LineString", "coordinates": [ [ -80.739384413822265, 35.298069761820265 ], [ -80.739578681240317, 35.298323030192002 ], [ -80.73965921894704, 35.298414688382238 ] ] } },
{ "type": "Feature", "properties": { "density": 0.000177 }, "geometry": { "type": "LineString", "coordinates": [ [ -80.73965921894704, 35.298414688382238 ], [ -80.739789116400772, 35.298562521262326 ], [ -80.739817443209517, 35.298620055028302 ], [ -80.739827425541264, 35.298668915814048 ], [ -80.739826400817009, 35.298712443170515 ], [ -80.739813843526065, 35.298752240466364 ], [ -80.739799001081963, 35.298783690840672 ] ] } },
{ "type": "Feature", "properties": { "density": 7.7e-05 }, "geometry": { "type": "LineString", "coordinates": [ [ -80.739799001081963, 35.298783690840672 ], [ -80.739795671848341, 35.298790745311543 ], [ -80.739772992974054, 35.298827482883688 ], [ -80.739742153236122, 35.298861359756295 ], [ -80.739717021671694, 35.298888057269707 ], [ -80.739684562746746, 35.298911425897266 ], [ -80.739644124500032, 35.298940631567746 ], [ -80.739523163082225, 35.299018856044079 ], [ -80.739443711624631, 35.299067861601912 ] ] } },
{ "type": "Feature", "properties": { "density": 1.1e-05 }, "geometry": { "type": "LineString", "coordinates": [ [ -80.739443711624631, 35.299067861601912 ], [ -80.739146828949004, 35.299250977470592 ], [ -80.739046275176861, 35.299320077766112 ] ] } },
{ "type": "Feature", "properties": { "density": 0.00043 }, "geometry": { "type": "LineString", "coordinates": [ [ -80.793118226415643, 35.244550613848673 ], [ -80.792963660061758, 35.244427634865232 ], [ -80.792773579153206, 35.244289382122389 ], [ -80.792748535387844, 35.24427169704866 ] ] } },
{ "type": "Feature", "properties": { "density": 0.000347 }, "geometry": { "type": "LineString", "coordinates": [ [ -80.792748535387844, 35.24427169704866 ], [ -80.792477544072909, 35.244080331173613 ], [ -80.7923405110906, 35.243993047822279 ], [ -80.792266956501862, 35.243948793693043 ] ] } },
{ "type": "Feature", "properties": { "density": 0.000117 }, "geometry": { "type": "LineString", "coordinates": [ [ -80.792266956501862, 35.243948793693043 ], [ -80.792141648069205, 35.243873932822716 ], [ -80.791858347912253, 35.243723549689918 ], [ -80.791850002199624, 35.243719114086915 ] ] } },
{ "type": "Feature", "properties": { "density": 6.4e-05 }, "geometry": { "type": "LineString", "coordinates": [ [ -80.791850002199624, 35.243719114086915 ], [ -80.791428363951681, 35.243495019214862 ] ] } },
{ "type": "Feature", "properties": { "density": 1.6e-05 }, "geometry": { "type": "LineString", "coordinates": [ [ -80.791428363951681, 35.243495019214862 ], [ -80.791249659358286, 35.243400039387851 ], [ -80.791005776270737, 35.243264639711974 ], [ -80.79091122830539, 35.24321772112345 ] ] } },
{ "type": "Feature", "properties": { "density": 0.000154 }, "geometry": { "type": "LineString", "coordinates": [ [ -80.96982292955434, 35.162511746240334 ], [ -80.970227771719763, 35.162755350639159 ] ] } },
{ "type": "Feature", "properties": { "density": 8.3e-05 }, "geometry": { "type": "LineString", "coordinates": [ [ -80.970227771719763, 35.162755350639159 ], [ -80.970632616304698, 35.16299895367397 ] ] } },
{ "type": "Feature", "properties": { "density": 3.9e-05 }, "geometry": { "type": "LineString", "coordinates": [ [ -80.970632616304698, 35.16299895367397 ], [ -80.970807419157993, 35.163104135154093 ] ] } },
{ "type": "Feature", "properties": { "density": 3.6e-05 }, "geometry": { "type": "LineString", "coordinates": [ [ -80.968586905589916, 35.162012756516887 ], [ -80.968606673255266, 35.162015235391074 ], [ -80.968730072154585, 35.16203704708775 ], [ -80.968851640668376, 35.162064943057885 ], [ -80.968970933928986, 35.162098823258113 ], [ -80.969066262109962, 35.162131318056652 ] ] } },
{ "type": "Feature", "properties": { "density": 9.9e-05 }, "geometry": { "type": "LineString", "coordinates": [ [ -80.969066262109962, 35.162131318056652 ], [ -80.969087514139673, 35.162138562284994 ], [ -80.969200957311543, 35.162184015577203 ], [ -80.969310847688433, 35.162235015899135 ], [ -80.969499994464471, 35.162337231770117 ] ] } },
{ "type": "Feature", "properties": { "density": 0.000162 }, "geometry": { "type": "LineString", "coordinates": [ [ -80.969499994464471, 35.162337231770117 ], [ -80.96982292955434, 35.162511746240334 ] ] } },
{ "type": "Feature", "properties": { "density": 1.1e-05 }, "geometry": { "type": "LineString", "coordinates": [ [ -80.970807419157993, 35.163104135154093 ], [ -80.970905324357446, 35.163163044001664 ] ] } },
{ "type": "Feature", "properties": { "density": 1.8e-05 }, "geometry": { "type": "LineString", "coordinates": [ [ -80.742237129146247, 35.297211511882118 ], [ -80.742075312256958, 35.297079820086502 ] ] } },
{ "type": "Feature", "properties": { "density": 9.6e-05 }, "geometry": { "type": "LineString", "coordinates": [ [ -80.742075312256958, 35.297079820086502 ], [ -80.741886834294505, 35.296926577989495 ], [ -80.741717843897476, 35.296790032466369 ] ] } },
{ "type": "Feature", "properties": { "density": 0.000177 }, "geometry": { "type": "LineString", "coordinates": [ [ -80.741717843897476, 35.296790032466369 ], [ -80.741503670783302, 35.296616977962913 ] ] } },
{ "type": "Feature", "properties": { "density": 1.3e-05 }, "geometry": { "type": "LineString", "coordinates": [ [ -80.742428268218958, 35.297252751861706 ], [ -80.742075312256958, 35.297079820086502 ] ] } },
{ "type": "Feature", "properties": { "density": 1.4e-05 }, "geometry": { "type": "LineString", "coordinates": [ [ -80.793028020786608, 35.24622848884681 ], [ -80.793003212081757, 35.246147824202431 ], [ -80.792905403613574, 35.245828803155867 ] ] } },
{ "type": "Feature", "properties": { "density": 3.1e-05 }, "geometry": { "type": "LineString", "coordinates": [ [ -80.792905403613574, 35.245828803155867 ], [ -80.792827568272557, 35.245574926433534 ], [ -80.792789420586686, 35.245427323994981 ] ] } },
{ "type": "Feature", "properties": { "density": 0.000148 }, "geometry": { "type": "LineString", "coordinates": [ [ -80.792789420586686, 35.245427323994981 ], [ -80.792792302560613, 35.245380563532095 ], [ -80.792768113621406, 35.245334432285425 ], [ -80.792688946476915, 35.245212627635517 ], [ -80.792567445497525, 35.245044731466798 ] ] } },
{ "type": "Feature", "properties": { "density": 8.3e-05 }, "geometry": { "type": "LineString", "coordinates": [ [ -80.68425054409299, 35.224221497474751 ], [ -80.684186999846773, 35.224177977781402 ], [ -80.684127146522044, 35.22413106716229 ], [ -80.684085405335694, 35.224096086701572 ], [ -80.684066062093066, 35.224078920062119 ], [ -80.684038883446107, 35.224051001894324 ], [ -80.684014625112681, 35.224021057754086 ], [ -80.68399363607918, 35.223989493010137 ], [ -80.683976082766947, 35.223956545171532 ], [ -80.683962093561959, 35.223922472111646 ], [ -80.683955087828082, 35.223898741760422 ] ] } },
{ "type": "Feature", "properties": { "density": 1.9e-05 }, "geometry": { "type": "LineString", "coordinates": [ [ -80.794440625128232, 35.278095538080287 ], [ -80.79432513712996, 35.278089572906559 ], [ -80.794143585364836, 35.27807577550665 ], [ -80.793940712455296, 35.27805430184133 ] ] } },
{ "type": "Feature", "properties": { "density": 3.9e-05 }, "geometry": { "type": "LineString", "coordinates": [ [ -80.793940712455296, 35.27805430184133 ], [ -80.793875979096214, 35.278047449879217 ], [ -80.793845706844138, 35.278042402332495 ], [ -80.793762399826775, 35.278025774315623 ], [ -80.793680940750306, 35.278004541414994 ], [ -80.793601075297332, 35.277979386310712 ], [ -80.793523838586069, 35.2779722864937 ] ] } },
{ "type": "Feature", "properties": { "density": 3.8e-05 }, "geometry": { "type": "LineString", "coordinates": [ [ -80.793523838586069, 35.2779722864937 ], [ -80.793218279355742, 35.278160478438231 ], [ -80.793122761006387, 35.278220661742125 ] ] } },
{ "type": "Feature", "properties": { "density": 1.6e-05 }, "geometry": { "type": "LineString", "coordinates": [ [ -80.793122761006387, 35.278220661742125 ], [ -80.792907850471224, 35.278356069949226 ], [ -80.792792162560787, 35.27842900384347 ], [ -80.792725665357366, 35.278473277406356 ] ] } },
{ "type": "Feature", "properties": { "density": 2.5e-05 }, "geometry": { "type": "LineString", "coordinates": [ [ -80.781997436931107, 35.259233673769529 ], [ -80.781995910579283, 35.259233607137283 ], [ -80.781737121868758, 35.259222303094369 ], [ -80.781548181248311, 35.259213405358743 ], [ -80.781477508720187, 35.259211697658614 ] ] } },
{ "type": "Feature", "properties": { "density": 1.7e-05 }, "geometry": { "type": "LineString", "coordinates": [ [ -80.877029964261453, 35.231282233856213 ], [ -80.876794473768641, 35.23105193209058 ], [ -80.876748472079086, 35.23100096101463 ], [ -80.876709541459974, 35.230946167332654 ], [ -80.876678148701288, 35.230888209208935 ] ] } },
{ "type": "Feature", "properties": { "density": 0.000308 }, "geometry": { "type": "LineString", "coordinates": [ [ -80.876255470628607, 35.23310162110706 ], [ -80.876666291491631, 35.233338792521728 ] ] } },
{ "type": "Feature", "properties": { "density": 0.000279 }, "geometry": { "type": "LineString", "coordinates": [ [ -80.876666291491631, 35.233338792521728 ], [ -80.877077114747181, 35.233575962532484 ] ] } },
{ "type": "Feature", "properties": { "density": 0.000227 }, "geometry": { "type": "LineString", "coordinates": [ [ -80.877077114747181, 35.233575962532484 ], [ -80.87748794039527, 35.233813131139222 ] ] } },
{ "type": "Feature", "properties": { "density": 0.00016 }, "geometry": { "type": "LineString", "coordinates": [ [ -80.87748794039527, 35.233813131139222 ], [ -80.877886870094059, 35.234043429579231 ], [ -80.877898381670107, 35.234050728549704 ] ] } },
{ "type": "Feature", "properties": { "density": 8.9e-05 }, "geometry": { "type": "LineString", "coordinates": [ [ -80.877898381670107, 35.234050728549704 ], [ -80.878295857782916, 35.234302748722278 ] ] } },
{ "type": "Feature", "properties": { "density": 2.9e-05 }, "geometry": { "type": "LineString", "coordinates": [ [ -80.878295857782916, 35.234302748722278 ], [ -80.878693336355525, 35.234554767578871 ] ] } },
{ "type": "Feature", "properties": { "density": 1.6e-05 }, "geometry": { "type": "LineString", "coordinates": [ [ -80.873374979683888, 35.231625509850467 ], [ -80.873460855198147, 35.231654513484116 ], [ -80.873566103017609, 35.231691818352225 ], [ -80.873670553703505, 35.231730962167205 ], [ -80.873774193843829, 35.23177126621578 ], [ -80.873832656902465, 35.231795096772856 ] ] } },
{ "type": "Feature", "properties": { "density": 0.00014 }, "geometry": { "type": "LineString", "coordinates": [ [ -80.873832656902465, 35.231795096772856 ], [ -80.873877038349946, 35.231813187392689 ], [ -80.873978794052491, 35.231856496720653 ], [ -80.874080030906313, 35.231901417090398 ], [ -80.874179623276177, 35.231947740536071 ], [ -80.874273317377785, 35.231992723550263 ] ] } },
{ "type": "Feature", "properties": { "density": 0.000336 }, "geometry": { "type": "LineString", "coordinates": [ [ -80.874273317377785, 35.231992723550263 ], [ -80.874278971568046, 35.23199543815182 ], [ -80.874376671982915, 35.232044534393765 ], [ -80.874473574835008, 35.232095019696892 ], [ -80.874569664728057, 35.232146893400056 ], [ -80.874664117633159, 35.232200161061797 ], [ -80.874694054031451, 35.232217687569346 ] ] } },
{ "type": "Feature", "properties": { "density": 0.000551 }, "geometry": { "type": "LineString", "coordinates": [ [ -80.874694054031451, 35.232217687569346 ], [ -80.874757484102517, 35.232254823170116 ], [ -80.87510696497354, 35.23245238471992 ] ] } },
{ "type": "Feature", "properties": { "density": 0.000741 }, "geometry": { "type": "LineString", "coordinates": [ [ -80.87510696497354, 35.23245238471992 ], [ -80.875520614912375, 35.232686218495111 ] ] } },
{ "type": "Feature", "properties": { "density": 0.000876 }, "geometry": { "type": "LineString", "coordinates": [ [ -80.875520614912375, 35.232686218495111 ], [ -80.875934267226299, 35.232920050847362 ] ] } },
{ "type": "Feature", "properties": { "density": 0.000933 }, "geometry": { "type": "LineString", "coordinates": [ [ -80.875934267226299, 35.232920050847362 ], [ -80.876255470628607, 35.23310162110706 ] ] } },
{ "type": "Feature", "properties": { "density": 3.2e-05 }, "geometry": { "type": "LineString", "coordinates": [ [ -80.68081704522325, 35.224990905255261 ], [ -80.68101841058099, 35.22461332653387 ] ] } },
{ "type": "Feature", "properties": { "density": 3.3e-05 }, "geometry": { "type": "LineString", "coordinates": [ [ -80.680630996236133, 35.225339760010073 ], [ -80.68081704522325, 35.224990905255261 ] ] } },
{ "type": "Feature", "properties": { "density": 4.4e-05 }, "geometry": { "type": "LineString", "coordinates": [ [ -80.808346990518515, 35.221096376083018 ], [ -80.808341058986414, 35.221118220726531 ], [ -80.80833351470136, 35.221130471954879 ], [ -80.808317438171045, 35.221147888061566 ], [ -80.808297939383081, 35.221162148283902 ], [ -80.808275016590585, 35.22117302543959 ], [ -80.808249772632024, 35.221179814206188 ], [ -80.808223604266871, 35.221182725417016 ], [ -80.808197330940928, 35.221181057086376 ], [ -80.808022435312552, 35.221172220051912 ], [ -80.807862286244301, 35.221161332083732 ], [ -80.807767630128765, 35.221159082629462 ] ] } },
{ "type": "Feature", "properties": { "density": 0.000248 }, "geometry": { "type": "LineString", "coordinates": [ [ -80.809035952170078, 35.221218672729115 ], [ -80.808756177686007, 35.22116216716875 ], [ -80.80854906038104, 35.221117572895714 ] ] } },
{ "type": "Feature", "properties": { "density": 0.000172 }, "geometry": { "type": "LineString", "coordinates": [ [ -80.80854906038104, 35.221117572895714 ], [ -80.808543344970829, 35.221116342309251 ], [ -80.808454354351198, 35.221105306296728 ], [ -80.808346990518515, 35.221096376083018 ] ] } },
{ "type": "Feature", "properties": { "density": 0.000182 }, "geometry": { "type": "LineString", "coordinates": [ [ -80.811779839737028, 35.221646160399146 ], [ -80.81155044491328, 35.2216340207587 ], [ -80.811284264529888, 35.22162404001196 ], [ -80.811278343168468, 35.22162387156488 ] ] } },
{ "type": "Feature", "properties": { "density": 0.000217 }, "geometry": { "type": "LineString", "coordinates": [ [ -80.811278343168468, 35.22162387156488 ], [ -80.810951954923482, 35.221614586231695 ], [ -80.810776498624094, 35.221607478806312 ] ] } },
{ "type": "Feature", "properties": { "density": 0.000231 }, "geometry": { "type": "LineString", "coordinates": [ [ -80.810776498624094, 35.221607478806312 ], [ -80.810543296542818, 35.221598031805271 ] ] } },
{ "type": "Feature", "properties": { "density": 0.000932 }, "geometry": { "type": "LineString", "coordinates": [ [ -80.810562730531586, 35.221518045344759 ], [ -80.810224065147523, 35.221473876054112 ], [ -80.810069288098873, 35.221442817826663 ] ] } },
{ "type": "Feature", "properties": { "density": 0.000861 }, "geometry": { "type": "LineString", "coordinates": [ [ -80.810069288098873, 35.221442817826663 ], [ -80.80983216695941, 35.22139523564995 ], [ -80.809581759480025, 35.221343759599733 ] ] } },
{ "type": "Feature", "properties": { "density": 0.000707 }, "geometry": { "type": "LineString", "coordinates": [ [ -80.809581759480025, 35.221343759599733 ], [ -80.809369021973083, 35.221300026874694 ], [ -80.809076597722651, 35.22122676541769 ], [ -80.809035952170078, 35.221218672729115 ] ] } },
{ "type": "Feature", "properties": { "density": 1.3e-05 }, "geometry": { "type": "LineString", "coordinates": [ [ -80.813209145846457, 35.221715888363143 ], [ -80.813204945806731, 35.221715264291703 ], [ -80.813140383412616, 35.221710963940126 ], [ -80.813090977854614, 35.221710558551166 ], [ -80.812853822570332, 35.221700603301407 ], [ -80.812707695392405, 35.221694154454717 ] ] } },
{ "type": "Feature", "properties": { "density": 2.9e-05 }, "geometry": { "type": "LineString", "coordinates": [ [ -80.812707695392405, 35.221694154454717 ], [ -80.812559386876799, 35.221687609160284 ], [ -80.812324936720955, 35.22167394637124 ], [ -80.812206466225874, 35.221668009258359 ] ] } },
{ "type": "Feature", "properties": { "density": 4.6e-05 }, "geometry": { "type": "LineString", "coordinates": [ [ -80.812206466225874, 35.221668009258359 ], [ -80.81190277962186, 35.221652789562583 ], [ -80.811779839737028, 35.221646160399146 ] ] } },
{ "type": "Feature", "properties": { "density": 1.1e-05 }, "geometry": { "type": "LineString", "coordinates": [ [ -80.680878344951637, 35.227157026953812 ], [ -80.680822245685775, 35.227211162756447 ], [ -80.680585818513407, 35.227439103973154 ], [ -80.680553313344888, 35.227471248586625 ] ] } },
{ "type": "Feature", "properties": { "density": 1.5e-05 }, "geometry": { "type": "LineString", "coordinates": [ [ -80.684830520631493, 35.22356583875218 ], [ -80.684828850166099, 35.223568057314708 ], [ -80.684736475398893, 35.223689573371608 ], [ -80.68464012329791, 35.223807706061166 ], [ -80.684552778220365, 35.223909105552679 ] ] } },
{ "type": "Feature", "properties": { "density": 8.5e-05 }, "geometry": { "type": "LineString", "coordinates": [ [ -80.684552778220365, 35.223909105552679 ], [ -80.684545283650053, 35.223917806035296 ], [ -80.684447003545372, 35.224023599136444 ], [ -80.684335539680561, 35.22413965645579 ], [ -80.68425054409299, 35.224221497474751 ] ] } },
{ "type": "Feature", "properties": { "density": 0.000368 }, "geometry": { "type": "LineString", "coordinates": [ [ -80.68425054409299, 35.224221497474751 ], [ -80.684239494369777, 35.224232136869823 ], [ -80.684126991841055, 35.224338586629919 ], [ -80.684011586184752, 35.224439351570226 ], [ -80.683911162340493, 35.224525185173896 ] ] } },
{ "type": "Feature", "properties": { "density": 0.000582 }, "geometry": { "type": "LineString", "coordinates": [ [ -80.683911162340493, 35.224525185173896 ], [ -80.683891470759889, 35.224542015800296 ], [ -80.683606097046919, 35.224777741940329 ], [ -80.683556775979781, 35.224817239657781 ] ] } },
{ "type": "Feature", "properties": { "density": 0.000765 }, "geometry": { "type": "LineString", "coordinates": [ [ -80.683556775979781, 35.224817239657781 ], [ -80.683368624975046, 35.224967915810758 ], [ -80.683281591595801, 35.225037369517075 ], [ -80.68319783129634, 35.22510553263497 ] ] } },
{ "type": "Feature", "properties": { "density": 0.00089 }, "geometry": { "type": "LineString", "coordinates": [ [ -80.68319783129634, 35.22510553263497 ], [ -80.682856716213252, 35.225383126176027 ], [ -80.682841344389288, 35.225395875714227 ] ] } },
{ "type": "Feature", "properties": { "density": 0.000937 }, "geometry": { "type": "LineString", "coordinates": [ [ -80.682841344389288, 35.225395875714227 ], [ -80.682533494780657, 35.225651207874698 ], [ -80.682387232822521, 35.225778064243698 ] ] } },
{ "type": "Feature", "properties": { "density": 0.000438 }, "geometry": { "type": "LineString", "coordinates": [ [ -80.682387232822521, 35.225778064243698 ], [ -80.682180359786955, 35.225957488654771 ], [ -80.682044715974214, 35.226079498641802 ] ] } },
{ "type": "Feature", "properties": { "density": 0.00037 }, "geometry": { "type": "LineString", "coordinates": [ [ -80.682044715974214, 35.226079498641802 ], [ -80.681766350118821, 35.226329883770653 ], [ -80.681707084333809, 35.226384637178917 ] ] } },
{ "type": "Feature", "properties": { "density": 0.000275 }, "geometry": { "type": "LineString", "coordinates": [ [ -80.681707084333809, 35.226384637178917 ], [ -80.681399922875684, 35.226668410334042 ], [ -80.681373642615412, 35.226692870013039 ] ] } },
{ "type": "Feature", "properties": { "density": 0.000168 }, "geometry": { "type": "LineString", "coordinates": [ [ -80.681373642615412, 35.226692870013039 ], [ -80.681041472504717, 35.227002027067634 ] ] } },
{ "type": "Feature", "properties": { "density": 9.2e-05 }, "geometry": { "type": "LineString", "coordinates": [ [ -80.681041472504717, 35.227002027067634 ], [ -80.680973298141438, 35.227065477842302 ], [ -80.680878344951637, 35.227157026953812 ] ] } },
{ "type": "Feature", "properties": { "density": 6.2e-05 }, "geometry": { "type": "LineString", "coordinates": [ [ -80.766665349984024, 35.10646311958147 ], [ -80.766581882226347, 35.106353498530005 ], [ -80.76652499059233, 35.106261578896458 ], [ -80.766485640722351, 35.106194595824675 ], [ -80.766447213909473, 35.106094101396408 ] ] } },
{ "type": "Feature", "properties": { "density": 1.3e-05 }, "geometry": { "type": "LineString", "coordinates": [ [ -80.766447213909473, 35.106094101396408 ], [ -80.76637043138615, 35.105893297706224 ], [ -80.766296821628117, 35.105700910216989 ] ] } },
{ "type": "Feature", "properties": { "density": 4.5e-05 }, "geometry": { "type": "LineString", "coordinates": [ [ -80.783010580396507, 35.257041384002598 ], [ -80.783078585189941, 35.257041218685409 ], [ -80.783513050964928, 35.257040161438326 ] ] } },
{ "type": "Feature", "properties": { "density": 2.6e-05 }, "geometry": { "type": "LineString", "coordinates": [ [ -80.781477508720187, 35.259211697658614 ], [ -80.781486940538358, 35.259272703850932 ], [ -80.781504006484965, 35.259363598560093 ], [ -80.781508039219872, 35.259458576457931 ], [ -80.781495020040467, 35.259621879428664 ] ] } },
{ "type": "Feature", "properties": { "density": 0.000312 }, "geometry": { "type": "LineString", "coordinates": [ [ -80.781114600366735, 35.258193372634189 ], [ -80.781163166888447, 35.258345864838404 ], [ -80.781253296925684, 35.258589431649028 ] ] } },
{ "type": "Feature", "properties": { "density": 0.000207 }, "geometry": { "type": "LineString", "coordinates": [ [ -80.781253296925684, 35.258589431649028 ], [ -80.781291362211249, 35.25869229856167 ], [ -80.781349578368278, 35.258851976893617 ], [ -80.781397921097891, 35.258984139183383 ] ] } },
{ "type": "Feature", "properties": { "density": 0.000123 }, "geometry": { "type": "LineString", "coordinates": [ [ -80.781397921097891, 35.258984139183383 ], [ -80.781474306812186, 35.25919296616771 ], [ -80.781477508720187, 35.259211697658614 ] ] } },
{ "type": "Feature", "properties": { "density": 0.000245 }, "geometry": { "type": "LineString", "coordinates": [ [ -80.726495465298669, 35.295335611478961 ], [ -80.726964996776886, 35.295479829496308 ], [ -80.726965863416467, 35.295480632822922 ] ] } },
{ "type": "Feature", "properties": { "density": 0.000138 }, "geometry": { "type": "LineString", "coordinates": [ [ -80.726965863416467, 35.295480632822922 ], [ -80.72699662401719, 35.295509146172641 ], [ -80.726987344212446, 35.295611415214502 ], [ -80.727004784434911, 35.295722462370918 ], [ -80.726906070458284, 35.295822076149406 ], [ -80.726893637794291, 35.295851583928979 ] ] } },
{ "type": "Feature", "properties": { "density": 4.7e-05 }, "geometry": { "type": "LineString", "coordinates": [ [ -80.726893637794291, 35.295851583928979 ], [ -80.726729502045515, 35.296241142827377 ] ] } },
{ "type": "Feature", "properties": { "density": 0.000117 }, "geometry": { "type": "LineString", "coordinates": [ [ -80.792266956501862, 35.243948793693043 ], [ -80.792109132023597, 35.244083501150286 ], [ -80.791993389625063, 35.244177048800964 ], [ -80.791912602250022, 35.244240878274042 ] ] } },
{ "type": "Feature", "properties": { "density": 6.4e-05 }, "geometry": { "type": "LineString", "coordinates": [ [ -80.791912602250022, 35.244240878274042 ], [ -80.791889121266067, 35.244259430386776 ], [ -80.791793708571461, 35.244325425630599 ], [ -80.791682394156311, 35.24439188257508 ], [ -80.791571255686463, 35.244453756636155 ], [ -80.791508584389007, 35.244484481289319 ] ] } },
{ "type": "Feature", "properties": { "density": 2.0000000000000002e-05 }, "geometry": { "type": "LineString", "coordinates": [ [ -80.791508584389007, 35.244484481289319 ], [ -80.791467690220927, 35.244504529657469 ], [ -80.791344903392527, 35.244557187522105 ], [ -80.791249633146592, 35.244591573420436 ], [ -80.791133745911225, 35.244628099221408 ], [ -80.791049402532138, 35.244648620315225 ] ] } },
{ "type": "Feature", "properties": { "density": 1.1e-05 }, "geometry": { "type": "LineString", "coordinates": [ [ -80.7743895207973, 35.263660862569068 ], [ -80.773916578338117, 35.263893735758764 ] ] } },
{ "type": "Feature", "properties": { "density": 0.000161 }, "geometry": { "type": "LineString", "coordinates": [ [ -80.773442054599428, 35.264127389251691 ], [ -80.773372809597618, 35.264032787146263 ], [ -80.773363801214387, 35.264020941353643 ], [ -80.773354310323953, 35.26400935147295 ], [ -80.773344346051772, 35.263998032697572 ], [ -80.773333919642525, 35.263986996583469 ], [ -80.773323041320481, 35.263976258307935 ], [ -80.773138646691081, 35.263800323978167 ] ] } },
{ "type": "Feature", "properties": { "density": 0.000228 }, "geometry": { "type": "LineString", "coordinates": [ [ -80.773138646691081, 35.263800323978167 ], [ -80.772811074466389, 35.26348777867306 ] ] } },
{ "type": "Feature", "properties": { "density": 0.00028 }, "geometry": { "type": "LineString", "coordinates": [ [ -80.772811074466389, 35.26348777867306 ], [ -80.772483504756607, 35.263175232464917 ] ] } },
{ "type": "Feature", "properties": { "density": 0.000308 }, "geometry": { "type": "LineString", "coordinates": [ [ -80.772483504756607, 35.263175232464917 ], [ -80.772284983791522, 35.262985814763823 ], [ -80.772155426827112, 35.262859125381652 ] ] } },
{ "type": "Feature", "properties": { "density": 8.6e-05 }, "geometry": { "type": "LineString", "coordinates": [ [ -80.773916578338117, 35.263893735758764 ], [ -80.773442054599428, 35.264127389251691 ] ] } },
{ "type": "Feature", "properties": { "density": 0.000311 }, "geometry": { "type": "LineString", "coordinates": [ [ -80.781114600366735, 35.258193372634189 ], [ -80.780988356311582, 35.258216759175717 ], [ -80.780697446629745, 35.258281498203701 ], [ -80.78062806179328, 35.258296091719679 ] ] } },
{ "type": "Feature", "properties": { "density": 0.000207 }, "geometry": { "type": "LineString", "coordinates": [ [ -80.78062806179328, 35.258296091719679 ], [ -80.780493732139448, 35.258324344766969 ], [ -80.780292056883312, 35.258371281317963 ], [ -80.78014481871007, 35.258408769277757 ] ] } },
{ "type": "Feature", "properties": { "density": 0.000102 }, "geometry": { "type": "LineString", "coordinates": [ [ -80.78014481871007, 35.258408769277757 ], [ -80.780091589035791, 35.258422321905414 ], [ -80.779892890657479, 35.258477685472428 ], [ -80.779828540572211, 35.258496952526947 ], [ -80.779671216288051, 35.258546202281458 ] ] } },
{ "type": "Feature", "properties": { "density": 2.4e-05 }, "geometry": { "type": "LineString", "coordinates": [ [ -80.779671216288051, 35.258546202281458 ], [ -80.779626662659467, 35.258560149573327 ], [ -80.779426260069073, 35.258626989607102 ], [ -80.779228465352872, 35.258698143908028 ], [ -80.779208098172433, 35.258705938105486 ] ] } },
{ "type": "Feature", "properties": { "density": 4.6e-05 }, "geometry": { "type": "LineString", "coordinates": [ [ -80.785040498156377, 35.258131140321645 ], [ -80.784548074033836, 35.258110729172124 ], [ -80.784538657809023, 35.258110360488537 ] ] } },
{ "type": "Feature", "properties": { "density": 8.6e-05 }, "geometry": { "type": "LineString", "coordinates": [ [ -80.784538657809023, 35.258110360488537 ], [ -80.784233703447001, 35.258098419884014 ] ] } },
{ "type": "Feature", "properties": { "density": 0.000259 }, "geometry": { "type": "LineString", "coordinates": [ [ -80.784233703447001, 35.258098419884014 ], [ -80.783731810876077, 35.258078509444701 ] ] } },
{ "type": "Feature", "properties": { "density": 0.000353 }, "geometry": { "type": "LineString", "coordinates": [ [ -80.783731810876077, 35.258078509444701 ], [ -80.78369493707909, 35.258077046552167 ], [ -80.783284195954309, 35.258049894768789 ] ] } },
{ "type": "Feature", "properties": { "density": 0.000847 }, "geometry": { "type": "LineString", "coordinates": [ [ -80.783284195954309, 35.258049894768789 ], [ -80.78316004857767, 35.258041648720557 ], [ -80.78296503579233, 35.258035590800006 ], [ -80.782782271112978, 35.25803419679081 ] ] } },
{ "type": "Feature", "properties": { "density": 0.000928 }, "geometry": { "type": "LineString", "coordinates": [ [ -80.782782271112978, 35.25803419679081 ], [ -80.782770401286768, 35.258034106245994 ], [ -80.782575296615761, 35.258036751345415 ], [ -80.782380849772537, 35.258043737587819 ], [ -80.782280259238505, 35.258049598265679 ] ] } },
{ "type": "Feature", "properties": { "density": 0.000926 }, "geometry": { "type": "LineString", "coordinates": [ [ -80.782280259238505, 35.258049598265679 ], [ -80.78218621570575, 35.258055077421076 ], [ -80.781992236108124, 35.258070758449442 ], [ -80.78197050563017, 35.258072909599036 ], [ -80.781799188959894, 35.258090776582684 ], [ -80.78178068163146, 35.258092944481319 ] ] } },
{ "type": "Feature", "properties": { "density": 0.000843 }, "geometry": { "type": "LineString", "coordinates": [ [ -80.78178068163146, 35.258092944481319 ], [ -80.78172316127592, 35.25809968224214 ], [ -80.781285659134241, 35.258163541651854 ] ] } },
{ "type": "Feature", "properties": { "density": 0.000746 }, "geometry": { "type": "LineString", "coordinates": [ [ -80.781285659134241, 35.258163541651854 ], [ -80.781238065544116, 35.258170488484538 ], [ -80.781114600366735, 35.258193372634189 ] ] } },
{ "type": "Feature", "properties": { "density": 7.1e-05 }, "geometry": { "type": "LineString", "coordinates": [ [ -80.774631416418828, 35.26129724492445 ], [ -80.774229391411552, 35.261544506232461 ] ] } },
{ "type": "Feature", "properties": { "density": 0.000242 }, "geometry": { "type": "LineString", "coordinates": [ [ -80.774229391411552, 35.261544506232461 ], [ -80.773827363962511, 35.261791766194762 ] ] } },
{ "type": "Feature", "properties": { "density": 0.000454 }, "geometry": { "type": "LineString", "coordinates": [ [ -80.773827363962511, 35.261791766194762 ], [ -80.773489629669456, 35.261999481573369 ], [ -80.773425244147887, 35.262038926261233 ] ] } },
{ "type": "Feature", "properties": { "density": 0.00066 }, "geometry": { "type": "LineString", "coordinates": [ [ -80.773425244147887, 35.262038926261233 ], [ -80.773263683813795, 35.262137903114656 ], [ -80.773162567311772, 35.262199847995397 ], [ -80.773024793179403, 35.262287872111536 ] ] } },
{ "type": "Feature", "properties": { "density": 0.000823 }, "geometry": { "type": "LineString", "coordinates": [ [ -80.773024793179403, 35.262287872111536 ], [ -80.772749493153583, 35.26246376069976 ], [ -80.772629211978469, 35.262542028315579 ] ] } },
{ "type": "Feature", "properties": { "density": 0.000924 }, "geometry": { "type": "LineString", "coordinates": [ [ -80.772629211978469, 35.262542028315579 ], [ -80.772313120360593, 35.262747709560983 ], [ -80.772279322045989, 35.262771589392337 ], [ -80.772155426827112, 35.262859125381652 ] ] } },
{ "type": "Feature", "properties": { "density": 0.000308 }, "geometry": { "type": "LineString", "coordinates": [ [ -80.772155426827112, 35.262859125381652 ], [ -80.77206095783454, 35.262925905537834 ], [ -80.771779778738363, 35.263132855822953 ] ] } },
{ "type": "Feature", "properties": { "density": 0.00028 }, "geometry": { "type": "LineString", "coordinates": [ [ -80.771779778738363, 35.263132855822953 ], [ -80.771733651396062, 35.263166805788607 ], [ -80.771496901467614, 35.263347524791016 ], [ -80.771413466622732, 35.263414930122856 ] ] } },
{ "type": "Feature", "properties": { "density": 0.000228 }, "geometry": { "type": "LineString", "coordinates": [ [ -80.771413466622732, 35.263414930122856 ], [ -80.771264212129282, 35.263535509400135 ], [ -80.77106868539633, 35.263714497313593 ] ] } },
{ "type": "Feature", "properties": { "density": 0.000161 }, "geometry": { "type": "LineString", "coordinates": [ [ -80.77106868539633, 35.263714497313593 ], [ -80.771043285283156, 35.263737748852058 ], [ -80.770892234966922, 35.263866371997103 ], [ -80.770729876796722, 35.264014397883244 ], [ -80.770727324095802, 35.26401686902188 ] ] } },
{ "type": "Feature", "properties": { "density": 9.0000000000000006e-05 }, "geometry": { "type": "LineString", "coordinates": [ [ -80.770727324095802, 35.26401686902188 ], [ -80.77056005695971, 35.264178791297667 ], [ -80.770406329110713, 35.264333944958238 ] ] } },
{ "type": "Feature", "properties": { "density": 3.0000000000000001e-05 }, "geometry": { "type": "LineString", "coordinates": [ [ -80.770406329110713, 35.264333944958238 ], [ -80.770387378909859, 35.26435307086571 ], [ -80.770171783118599, 35.264582483379904 ], [ -80.770102178524681, 35.264661959111194 ] ] } },
{ "type": "Feature", "properties": { "density": 3.5e-05 }, "geometry": { "type": "LineString", "coordinates": [ [ -80.80845439235992, 35.220552612619208 ], [ -80.808426531585937, 35.220694418184294 ], [ -80.80838594680479, 35.220902737193221 ], [ -80.808375679459616, 35.220959666640411 ] ] } },
{ "type": "Feature", "properties": { "density": 6.6e-05 }, "geometry": { "type": "LineString", "coordinates": [ [ -80.808375679459616, 35.220959666640411 ], [ -80.808358364959744, 35.221055670330493 ], [ -80.808346990518515, 35.221096376083018 ] ] } },
{ "type": "Feature", "properties": { "density": 0.000248 }, "geometry": { "type": "LineString", "coordinates": [ [ -80.809035952170078, 35.221218672729115 ], [ -80.808969625304442, 35.221486689663365 ], [ -80.80893645089516, 35.221622654194917 ] ] } },
{ "type": "Feature", "properties": { "density": 0.00014 }, "geometry": { "type": "LineString", "coordinates": [ [ -80.80893645089516, 35.221622654194917 ], [ -80.808923582546981, 35.221675394690187 ], [ -80.808870513716386, 35.221874512022062 ], [ -80.80883048798691, 35.22202552091052 ] ] } },
{ "type": "Feature", "properties": { "density": 6.8e-05 }, "geometry": { "type": "LineString", "coordinates": [ [ -80.80883048798691, 35.22202552091052 ], [ -80.808815665686325, 35.222081442271836 ], [ -80.808774922885434, 35.222232511196765 ] ] } },
{ "type": "Feature", "properties": { "density": 0.000304 }, "geometry": { "type": "LineString", "coordinates": [ [ -80.861204539229647, 35.347722188590126 ], [ -80.861023340884088, 35.347938863241389 ], [ -80.860983410109952, 35.347996177578892 ], [ -80.860948524930336, 35.348055661193406 ], [ -80.860940659397684, 35.348071929393505 ] ] } },
{ "type": "Feature", "properties": { "density": 0.000269 }, "geometry": { "type": "LineString", "coordinates": [ [ -80.860940659397684, 35.348071929393505 ], [ -80.860918860118829, 35.34811701658036 ], [ -80.860894563822498, 35.348179936726119 ], [ -80.860875757602784, 35.348244106910329 ], [ -80.860860227719186, 35.348290594105762 ], [ -80.860838722586223, 35.348335454621385 ], [ -80.860811489057696, 35.348378175256393 ], [ -80.8607788394702, 35.348418267048508 ], [ -80.860750525932787, 35.348449457233308 ] ] } },
{ "type": "Feature", "properties": { "density": 0.000213 }, "geometry": { "type": "LineString", "coordinates": [ [ -80.860750525932787, 35.348449457233308 ], [ -80.860450321228612, 35.348780160760448 ] ] } },
{ "type": "Feature", "properties": { "density": 0.000156 }, "geometry": { "type": "LineString", "coordinates": [ [ -80.860450321228612, 35.348780160760448 ], [ -80.8602488195191, 35.349002131780516 ] ] } },
{ "type": "Feature", "properties": { "density": 4.0000000000000003e-05 }, "geometry": { "type": "LineString", "coordinates": [ [ -80.859421838626076, 35.346282481108723 ], [ -80.859292184139449, 35.34668069725906 ] ] } },
{ "type": "Feature", "properties": { "density": 0.000124 }, "geometry": { "type": "LineString", "coordinates": [ [ -80.859292184139449, 35.34668069725906 ], [ -80.859173716111243, 35.347044552163915 ] ] } },
{ "type": "Feature", "properties": { "density": 2.3e-05 }, "geometry": { "type": "LineString", "coordinates": [ [ -80.860397055231999, 35.346459125207431 ], [ -80.860537217209469, 35.346428117635348 ], [ -80.860578335718031, 35.346416726400989 ], [ -80.860618567592496, 35.346403376962215 ], [ -80.860681175633658, 35.346387729160597 ], [ -80.860745320011475, 35.346377042696481 ], [ -80.860810416460879, 35.346371415800746 ], [ -80.860875869745016, 35.346370899990653 ], [ -80.860885057972936, 35.346371353676069 ] ] } },
{ "type": "Feature", "properties": { "density": 8.0000000000000007e-05 }, "geometry": { "type": "LineString", "coordinates": [ [ -80.860885057972936, 35.346371353676069 ], [ -80.861238768096044, 35.346388818220582 ], [ -80.861307731996675, 35.346393362139246 ], [ -80.861375538183822, 35.34640463354323 ], [ -80.861385313936069, 35.346407288244698 ] ] } },
{ "type": "Feature", "properties": { "density": 0.000151 }, "geometry": { "type": "LineString", "coordinates": [ [ -80.861385313936069, 35.346407288244698 ], [ -80.861441212338605, 35.346422467986031 ], [ -80.861503809998553, 35.346446611305737 ], [ -80.861562434095049, 35.346476716650095 ], [ -80.861616241718167, 35.346512351585247 ], [ -80.86166446076075, 35.346553004150678 ], [ -80.861706397783408, 35.346598089950682 ], [ -80.861738380333705, 35.346650766946148 ], [ -80.86174726685698, 35.346671128018208 ] ] } },
{ "type": "Feature", "properties": { "density": 0.00022 }, "geometry": { "type": "LineString", "coordinates": [ [ -80.86174726685698, 35.346671128018208 ], [ -80.861762559423809, 35.346706166786241 ], [ -80.861778598201838, 35.346763515666169 ], [ -80.861786270359914, 35.34682201373775 ], [ -80.861785471383456, 35.346880845755209 ], [ -80.861776209937432, 35.346939189322207 ], [ -80.861758618160337, 35.346996231863962 ], [ -80.86173293968875, 35.347051176221058 ], [ -80.861720493547622, 35.34707057916404 ] ] } },
{ "type": "Feature", "properties": { "density": 0.000274 }, "geometry": { "type": "LineString", "coordinates": [ [ -80.861720493547622, 35.34707057916404 ], [ -80.861699532229736, 35.347103256839254 ], [ -80.861419234679374, 35.347399995744205 ] ] } },
{ "type": "Feature", "properties": { "density": 0.000305 }, "geometry": { "type": "LineString", "coordinates": [ [ -80.861419234679374, 35.347399995744205 ], [ -80.861403601622101, 35.347416545703098 ], [ -80.861365602388645, 35.347458800768308 ], [ -80.861332303892155, 35.347503639722767 ], [ -80.861303968848745, 35.347550713219782 ], [ -80.861280817700063, 35.347599651824922 ], [ -80.861269411208696, 35.34763314403169 ], [ -80.861252685278473, 35.347665101386447 ], [ -80.861230932888049, 35.347694958588392 ], [ -80.861204539229647, 35.347722188590126 ] ] } },
{ "type": "Feature", "properties": { "density": 2.2e-05 }, "geometry": { "type": "LineString", "coordinates": [ [ -80.794426121165515, 35.245098023161098 ], [ -80.794259116898019, 35.245132790052196 ] ] } },
{ "type": "Feature", "properties": { "density": 3.1e-05 }, "geometry": { "type": "LineString", "coordinates": [ [ -80.792789420586686, 35.245427323994981 ], [ -80.792723085003587, 35.245444564683318 ], [ -80.792302705365103, 35.245529069397449 ] ] } },
{ "type": "Feature", "properties": { "density": 1.4e-05 }, "geometry": { "type": "LineString", "coordinates": [ [ -80.792302705365103, 35.245529069397449 ], [ -80.792254498890117, 35.24553875975834 ], [ -80.791955680653729, 35.245596773674635 ], [ -80.791814418664913, 35.245626040137999 ] ] } },
{ "type": "Feature", "properties": { "density": 1.4e-05 }, "geometry": { "type": "LineString", "coordinates": [ [ -80.793772077183306, 35.245233923229229 ], [ -80.793531334363266, 35.245283960840624 ], [ -80.793284437477652, 35.245333071052755 ] ] } },
{ "type": "Feature", "properties": { "density": 3.1e-05 }, "geometry": { "type": "LineString", "coordinates": [ [ -80.793284437477652, 35.245333071052755 ], [ -80.793066065803714, 35.245376506851017 ], [ -80.792865753569259, 35.245407412430552 ], [ -80.792789420586686, 35.245427323994981 ] ] } },
{ "type": "Feature", "properties": { "density": 1.8e-05 }, "geometry": { "type": "LineString", "coordinates": [ [ -80.794747488918787, 35.245031634032117 ], [ -80.794718738046512, 35.245037346966882 ], [ -80.794426121165515, 35.245098023161098 ] ] } },
{ "type": "Feature", "properties": { "density": 0.000245 }, "geometry": { "type": "LineString", "coordinates": [ [ -80.726495465298669, 35.295335611478961 ], [ -80.726435999531674, 35.295455540610917 ], [ -80.726344529141485, 35.295646918186542 ], [ -80.726313293060528, 35.295719683206656 ] ] } },
{ "type": "Feature", "properties": { "density": 0.000138 }, "geometry": { "type": "LineString", "coordinates": [ [ -80.726313293060528, 35.295719683206656 ], [ -80.726166192008776, 35.296062355918615 ], [ -80.72614696302071, 35.296108613703744 ] ] } },
{ "type": "Feature", "properties": { "density": 4.7e-05 }, "geometry": { "type": "LineString", "coordinates": [ [ -80.72614696302071, 35.296108613703744 ], [ -80.725984795408706, 35.296498726364511 ] ] } },
{ "type": "Feature", "properties": { "density": 0.000642 }, "geometry": { "type": "LineString", "coordinates": [ [ -80.727597889412493, 35.292911214757432 ], [ -80.727545007174598, 35.293025328191767 ], [ -80.727417988495517, 35.293296063517893 ] ] } },
{ "type": "Feature", "properties": { "density": 0.00081 }, "geometry": { "type": "LineString", "coordinates": [ [ -80.727417988495517, 35.293296063517893 ], [ -80.7273769204686, 35.293383597987827 ], [ -80.727264863018874, 35.293657714290497 ], [ -80.727251276031552, 35.293684766934966 ] ] } },
{ "type": "Feature", "properties": { "density": 0.000913 }, "geometry": { "type": "LineString", "coordinates": [ [ -80.727251276031552, 35.293684766934966 ], [ -80.727184466922623, 35.293817788269799 ], [ -80.72706782639419, 35.294068454839682 ] ] } },
{ "type": "Feature", "properties": { "density": 0.000935 }, "geometry": { "type": "LineString", "coordinates": [ [ -80.72706782639419, 35.294068454839682 ], [ -80.727047694315615, 35.294111719556255 ], [ -80.726940948273622, 35.294346598236459 ], [ -80.726890915251474, 35.29445423260222 ] ] } },
{ "type": "Feature", "properties": { "density": 0.000875 }, "geometry": { "type": "LineString", "coordinates": [ [ -80.726890915251474, 35.29445423260222 ], [ -80.726867221244945, 35.294505204618062 ], [ -80.726800252724999, 35.294679517630293 ], [ -80.726730200914886, 35.294844657807765 ] ] } },
{ "type": "Feature", "properties": { "density": 0.000715 }, "geometry": { "type": "LineString", "coordinates": [ [ -80.726730200914886, 35.294844657807765 ], [ -80.726715126471603, 35.294880194215501 ], [ -80.726581178058055, 35.295162634392312 ], [ -80.726495465298669, 35.295335611478961 ] ] } },
{ "type": "Feature", "properties": { "density": 2.8e-05 }, "geometry": { "type": "LineString", "coordinates": [ [ -80.728135158272892, 35.29174130936957 ], [ -80.728078283815776, 35.291883916254818 ], [ -80.727972488895347, 35.292123589729712 ], [ -80.727969409309623, 35.292130356316157 ] ] } },
{ "type": "Feature", "properties": { "density": 0.000108 }, "geometry": { "type": "LineString", "coordinates": [ [ -80.727969409309623, 35.292130356316157 ], [ -80.727860134859441, 35.292370457636032 ], [ -80.727793070737235, 35.292516311487809 ] ] } },
{ "type": "Feature", "properties": { "density": 0.000215 }, "geometry": { "type": "LineString", "coordinates": [ [ -80.727793070737235, 35.292516311487809 ], [ -80.727739726838024, 35.292632325623501 ], [ -80.727597889412493, 35.292911214757432 ] ] } },
{ "type": "Feature", "properties": { "density": 7.9e-05 }, "geometry": { "type": "LineString", "coordinates": [ [ -80.77078806812176, 35.262526317948563 ], [ -80.770602589285772, 35.26253984736757 ], [ -80.770287459977311, 35.262562107062713 ] ] } },
{ "type": "Feature", "properties": { "density": 4.3e-05 }, "geometry": { "type": "LineString", "coordinates": [ [ -80.770287459977311, 35.262562107062713 ], [ -80.769786806124827, 35.262597469887439 ] ] } },
{ "type": "Feature", "properties": { "density": 1.4e-05 }, "geometry": { "type": "LineString", "coordinates": [ [ -80.769786806124827, 35.262597469887439 ], [ -80.769286151837463, 35.262632830640975 ] ] } },
{ "type": "Feature", "properties": { "density": 0.000308 }, "geometry": { "type": "LineString", "coordinates": [ [ -80.772155426827112, 35.262859125381652 ], [ -80.771980885324481, 35.262678017419084 ], [ -80.771878073362899, 35.262605114360198 ], [ -80.771802827212397, 35.262572455895096 ] ] } },
{ "type": "Feature", "properties": { "density": 0.00028 }, "geometry": { "type": "LineString", "coordinates": [ [ -80.771802827212397, 35.262572455895096 ], [ -80.771708902785122, 35.262531690549217 ], [ -80.771528211865927, 35.26250356577016 ], [ -80.771325466886083, 35.262496275882896 ], [ -80.77131609006706, 35.26249662341742 ] ] } },
{ "type": "Feature", "properties": { "density": 0.000247 }, "geometry": { "type": "LineString", "coordinates": [ [ -80.77131609006706, 35.26249662341742 ], [ -80.771143873487134, 35.262503006178044 ] ] } },
{ "type": "Feature", "properties": { "density": 0.000216 }, "geometry": { "type": "LineString", "coordinates": [ [ -80.771143873487134, 35.262503006178044 ], [ -80.771070167644169, 35.262505739281515 ], [ -80.77078806812176, 35.262526317948563 ] ] } },
{ "type": "Feature", "properties": { "density": 3.3e-05 }, "geometry": { "type": "LineString", "coordinates": [ [ -80.771141684231409, 35.261690354975272 ], [ -80.770939949200397, 35.261816040770967 ], [ -80.770907492167794, 35.261839878956742 ], [ -80.770880124146515, 35.261867684551383 ], [ -80.770858558207522, 35.261898733956514 ], [ -80.770836750981942, 35.261941382400586 ], [ -80.770819179891646, 35.261985326669048 ], [ -80.770817846063522, 35.261989861889987 ] ] } },
{ "type": "Feature", "properties": { "density": 7.3e-05 }, "geometry": { "type": "LineString", "coordinates": [ [ -80.770817846063522, 35.261989861889987 ], [ -80.770805957528069, 35.262030284717788 ], [ -80.770786192422094, 35.262129524820502 ], [ -80.77077486247741, 35.262229649486436 ], [ -80.770772023210625, 35.262330177351856 ], [ -80.770777687222264, 35.262430624974328 ], [ -80.77078806812176, 35.262526317948563 ] ] } },
{ "type": "Feature", "properties": { "density": 4.3e-05 }, "geometry": { "type": "LineString", "coordinates": [ [ -80.96993363221533, 35.165590832645663 ], [ -80.969846578237792, 35.165523868436352 ], [ -80.96976568253848, 35.165451883504367 ], [ -80.969691375969305, 35.165375259452027 ], [ -80.969624049333319, 35.165294401977199 ], [ -80.969611588563779, 35.165276815791991 ] ] } },
{ "type": "Feature", "properties": { "density": 0.000132 }, "geometry": { "type": "LineString", "coordinates": [ [ -80.969611588563779, 35.165276815791991 ], [ -80.969564061024343, 35.165209738945045 ], [ -80.96951172598591, 35.165121717862768 ], [ -80.969467324492541, 35.165030805736158 ], [ -80.969431088826894, 35.164937482974871 ], [ -80.969419507581392, 35.164897916195052 ] ] } },
{ "type": "Feature", "properties": { "density": 0.000239 }, "geometry": { "type": "LineString", "coordinates": [ [ -80.969419507581392, 35.164897916195052 ], [ -80.96940321206084, 35.164842243249254 ], [ -80.969291822142097, 35.164499338202347 ] ] } },
{ "type": "Feature", "properties": { "density": 0.00034 }, "geometry": { "type": "LineString", "coordinates": [ [ -80.969291822142097, 35.164499338202347 ], [ -80.969217067391, 35.164269209934481 ], [ -80.969193035111246, 35.164211008628023 ], [ -80.969162896868866, 35.164154756978846 ], [ -80.969132971290378, 35.164109991269591 ] ] } },
{ "type": "Feature", "properties": { "density": 0.000418 }, "geometry": { "type": "LineString", "coordinates": [ [ -80.969132971290378, 35.164109991269591 ], [ -80.969126883755322, 35.164100884911548 ], [ -80.969085270391517, 35.164049806312967 ], [ -80.969038375850886, 35.16400191180405 ], [ -80.968986561464192, 35.163957568775821 ], [ -80.968930221930009, 35.16391711702623 ], [ -80.968773822518884, 35.163828669062006 ] ] } },
{ "type": "Feature", "properties": { "density": 0.000453 }, "geometry": { "type": "LineString", "coordinates": [ [ -80.968773822518884, 35.163828669062006 ], [ -80.968615795108079, 35.163739300019763 ] ] } },
{ "type": "Feature", "properties": { "density": 5.8e-05 }, "geometry": { "type": "LineString", "coordinates": [ [ -80.766234379903452, 35.106770589922654 ], [ -80.766589363491022, 35.106518736734422 ], [ -80.766665349984024, 35.10646311958147 ] ] } },
{ "type": "Feature", "properties": { "density": 6.2e-05 }, "geometry": { "type": "LineString", "coordinates": [ [ -80.766665349984024, 35.10646311958147 ], [ -80.767041283060067, 35.106190293390085 ] ] } },
{ "type": "Feature", "properties": { "density": 1.3e-05 }, "geometry": { "type": "LineString", "coordinates": [ [ -80.767041283060067, 35.106190293390085 ], [ -80.767417213621627, 35.105917466019761 ] ] } },
{ "type": "Feature", "properties": { "density": 1.6e-05 }, "geometry": { "type": "LineString", "coordinates": [ [ -80.966730698673317, 35.163075144219832 ], [ -80.966695977449504, 35.163326988187571 ] ] } },
{ "type": "Feature", "properties": { "density": 1.2e-05 }, "geometry": { "type": "LineString", "coordinates": [ [ -80.970316042117759, 35.161792286593652 ], [ -80.970696127836206, 35.161937201264145 ], [ -80.97075586582956, 35.161962834954913 ], [ -80.97076850251031, 35.161970109402532 ] ] } },
{ "type": "Feature", "properties": { "density": 0.000935 }, "geometry": { "type": "LineString", "coordinates": [ [ -80.793507618458065, 35.276551761123635 ], [ -80.793256814751757, 35.2765378453119 ], [ -80.79300560078444, 35.276538674645224 ] ] } },
{ "type": "Feature", "properties": { "density": 0.000874 }, "geometry": { "type": "LineString", "coordinates": [ [ -80.79300560078444, 35.276538674645224 ], [ -80.792878719600267, 35.276539093320267 ], [ -80.792741582574394, 35.276550973644859 ], [ -80.792664330597546, 35.27656837551605 ], [ -80.792615775734859, 35.276582835062037 ], [ -80.792568977011129, 35.276600703692068 ], [ -80.792524766069363, 35.276622201705969 ], [ -80.792522313824648, 35.276623644116235 ] ] } },
{ "type": "Feature", "properties": { "density": 0.000737 }, "geometry": { "type": "LineString", "coordinates": [ [ -80.792522313824648, 35.276623644116235 ], [ -80.792482035888568, 35.276647335582467 ], [ -80.792443004012839, 35.276675852493319 ], [ -80.792406828789709, 35.276707077883152 ], [ -80.792368332426122, 35.276747034504254 ], [ -80.79233352410445, 35.276789459189537 ], [ -80.792308899596378, 35.276825319961013 ], [ -80.792289051240957, 35.276862483148825 ], [ -80.7922737021279, 35.276900955560286 ], [ -80.792262284398703, 35.276940512991636 ], [ -80.792259080760687, 35.27696099391526 ] ] } },
{ "type": "Feature", "properties": { "density": 0.000546 }, "geometry": { "type": "LineString", "coordinates": [ [ -80.792259080760687, 35.27696099391526 ], [ -80.792254205854249, 35.276992159272076 ], [ -80.792250889480428, 35.277044422061323 ], [ -80.7922523773764, 35.27709936270454 ], [ -80.7922594448018, 35.277153990823351 ], [ -80.792271269426152, 35.277209008320035 ], [ -80.792312144687273, 35.277368155178145 ] ] } },
{ "type": "Feature", "properties": { "density": 0.000332 }, "geometry": { "type": "LineString", "coordinates": [ [ -80.792312144687273, 35.277368155178145 ], [ -80.792322892220739, 35.277410000338001 ], [ -80.792380028279339, 35.27763312170196 ], [ -80.792410077249713, 35.277772354078046 ] ] } },
{ "type": "Feature", "properties": { "density": 0.000137 }, "geometry": { "type": "LineString", "coordinates": [ [ -80.792410077249713, 35.277772354078046 ], [ -80.792424812291017, 35.277840628945341 ], [ -80.792432811254429, 35.277912187095211 ], [ -80.792435771739903, 35.277983365446111 ], [ -80.792433152016955, 35.278054628231615 ], [ -80.792426874511918, 35.27811197032262 ], [ -80.792414724258293, 35.278168944967618 ], [ -80.792410854103764, 35.278181578460497 ] ] } },
{ "type": "Feature", "properties": { "density": 1.4e-05 }, "geometry": { "type": "LineString", "coordinates": [ [ -80.792410854103764, 35.278181578460497 ], [ -80.792397528596339, 35.27822507739085 ], [ -80.792368629013652, 35.278294896353636 ], [ -80.792334949761184, 35.278363410234384 ], [ -80.79229807736084, 35.278426473405545 ], [ -80.792255861313066, 35.278487785429576 ], [ -80.792216479254265, 35.278538292132367 ], [ -80.792202182360526, 35.278553747293955 ] ] } },
{ "type": "Feature", "properties": { "density": 3.4e-05 }, "geometry": { "type": "LineString", "coordinates": [ [ -80.795839391892571, 35.277536524262629 ], [ -80.795805138835902, 35.277514339899163 ], [ -80.795754011272365, 35.277475480119207 ], [ -80.795706452854006, 35.277433589369736 ], [ -80.795693607177938, 35.277420957320174 ], [ -80.795506195004037, 35.277229503374343 ] ] } },
{ "type": "Feature", "properties": { "density": 9.6e-05 }, "geometry": { "type": "LineString", "coordinates": [ [ -80.795506195004037, 35.277229503374343 ], [ -80.795407901584028, 35.277129089658388 ], [ -80.795200121230991, 35.276902650760476 ] ] } },
{ "type": "Feature", "properties": { "density": 0.000167 }, "geometry": { "type": "LineString", "coordinates": [ [ -80.795200121230991, 35.276902650760476 ], [ -80.795167827564555, 35.276867456997167 ], [ -80.795007014287421, 35.276717550999159 ], [ -80.794957915789311, 35.276681866905633 ], [ -80.794905262715844, 35.276649670615356 ], [ -80.794849614508436, 35.276620953828093 ], [ -80.794842206054312, 35.276617746988542 ] ] } },
{ "type": "Feature", "properties": { "density": 0.000234 }, "geometry": { "type": "LineString", "coordinates": [ [ -80.794842206054312, 35.276617746988542 ], [ -80.79479181153016, 35.276595933086476 ], [ -80.794730754894928, 35.276575083597585 ], [ -80.794668941068025, 35.276558137531048 ], [ -80.794604984742591, 35.276545345333737 ], [ -80.7945402889966, 35.276536914306334 ], [ -80.794474848792646, 35.276532616416304 ], [ -80.794409223195231, 35.276532675988264 ], [ -80.794388579591967, 35.276533669044056 ], [ -80.794357648203061, 35.276535361100947 ] ] } },
{ "type": "Feature", "properties": { "density": 0.000284 }, "geometry": { "type": "LineString", "coordinates": [ [ -80.794357648203061, 35.276535361100947 ], [ -80.794181893498092, 35.276544975356437 ], [ -80.793855492352264, 35.276549503675049 ] ] } },
{ "type": "Feature", "properties": { "density": 0.000307 }, "geometry": { "type": "LineString", "coordinates": [ [ -80.793855492352264, 35.276549503675049 ], [ -80.79369779753965, 35.276551691134834 ], [ -80.793512653668444, 35.276552145432156 ], [ -80.793507618458065, 35.276551761123635 ] ] } },
{ "type": "Feature", "properties": { "density": 1.2e-05 }, "geometry": { "type": "LineString", "coordinates": [ [ -80.773916578338117, 35.263893735758764 ], [ -80.773903142947034, 35.26387537679966 ], [ -80.773847335201197, 35.26379913479014 ], [ -80.773838327854065, 35.263787288114976 ], [ -80.773828835863668, 35.263775700089752 ], [ -80.77381887041588, 35.263764379566439 ], [ -80.773808444031189, 35.263753346196729 ], [ -80.773797570034247, 35.263742606096422 ], [ -80.773613171613547, 35.263566670302282 ] ] } },
{ "type": "Feature", "properties": { "density": 0.00021 }, "geometry": { "type": "LineString", "coordinates": [ [ -80.968500600035014, 35.163857701816127 ], [ -80.968339252165066, 35.163746313979857 ], [ -80.968211029821404, 35.163669675311567 ], [ -80.96811282675236, 35.163596605340253 ] ] } },
{ "type": "Feature", "properties": { "density": 0.000171 }, "geometry": { "type": "LineString", "coordinates": [ [ -80.96811282675236, 35.163596605340253 ], [ -80.968107492625776, 35.163592636369863 ], [ -80.968060252976443, 35.163561199520721 ], [ -80.968024915471716, 35.163541497691099 ], [ -80.967998406517907, 35.16352642273548 ], [ -80.96794985772793, 35.16350097067329 ], [ -80.967891232133866, 35.163479263106908 ], [ -80.96782825036037, 35.163457623729066 ], [ -80.967740587160534, 35.163436388837972 ], [ -80.967664427883591, 35.163425241801868 ] ] } },
{ "type": "Feature", "properties": { "density": 0.00012 }, "geometry": { "type": "LineString", "coordinates": [ [ -80.967664427883591, 35.163425241801868 ], [ -80.967623243886464, 35.163419213893775 ], [ -80.967224284563741, 35.163379187244601 ], [ -80.967166547538071, 35.163373598209489 ] ] } },
{ "type": "Feature", "properties": { "density": 6.8e-05 }, "geometry": { "type": "LineString", "coordinates": [ [ -80.967166547538071, 35.163373598209489 ], [ -80.966918402863399, 35.163349577091005 ], [ -80.966878742641242, 35.163347013508528 ], [ -80.966818065443107, 35.163339279222036 ], [ -80.966756852578612, 35.16333073131684 ], [ -80.966695977449504, 35.163326988187571 ] ] } },
{ "type": "Feature", "properties": { "density": 1.2e-05 }, "geometry": { "type": "LineString", "coordinates": [ [ -80.966695977449504, 35.163326988187571 ], [ -80.96619756131328, 35.16327854498342 ] ] } },
{ "type": "Feature", "properties": { "density": 0.000227 }, "geometry": { "type": "LineString", "coordinates": [ [ -80.985486152159922, 35.104188750323239 ], [ -80.985226408084543, 35.103836174683117 ] ] } },
{ "type": "Feature", "properties": { "density": 0.000121 }, "geometry": { "type": "LineString", "coordinates": [ [ -80.985226408084543, 35.103836174683117 ], [ -80.984966666254294, 35.103483598469538 ] ] } },
{ "type": "Feature", "properties": { "density": 3.6e-05 }, "geometry": { "type": "LineString", "coordinates": [ [ -80.984966666254294, 35.103483598469538 ], [ -80.984706926669148, 35.103131021682486 ] ] } },
{ "type": "Feature", "properties": { "density": 2.8e-05 }, "geometry": { "type": "LineString", "coordinates": [ [ -80.950545363412004, 35.120774807919858 ], [ -80.950820408988392, 35.120640090054422 ], [ -80.950973716958075, 35.120560383743609 ] ] } },
{ "type": "Feature", "properties": { "density": 0.000168 }, "geometry": { "type": "LineString", "coordinates": [ [ -80.950973716958075, 35.120560383743609 ], [ -80.95128321474985, 35.12039947174889 ], [ -80.951399521198326, 35.120342552494947 ] ] } },
{ "type": "Feature", "properties": { "density": 0.00037 }, "geometry": { "type": "LineString", "coordinates": [ [ -80.951399521198326, 35.120342552494947 ], [ -80.95183049311342, 35.120131637324803 ] ] } },
{ "type": "Feature", "properties": { "density": 0.000583 }, "geometry": { "type": "LineString", "coordinates": [ [ -80.95183049311342, 35.120131637324803 ], [ -80.951970888717156, 35.120062927957164 ], [ -80.952261383103959, 35.119920610736166 ] ] } },
{ "type": "Feature", "properties": { "density": 0.000766 }, "geometry": { "type": "LineString", "coordinates": [ [ -80.952261383103959, 35.119920610736166 ], [ -80.952692232358501, 35.119709529517273 ] ] } },
{ "type": "Feature", "properties": { "density": 0.00089 }, "geometry": { "type": "LineString", "coordinates": [ [ -80.952692232358501, 35.119709529517273 ], [ -80.952749189177737, 35.119681625094465 ], [ -80.953126488456704, 35.119503228102204 ] ] } },
{ "type": "Feature", "properties": { "density": 0.000937 }, "geometry": { "type": "LineString", "coordinates": [ [ -80.953126488456704, 35.119503228102204 ], [ -80.953163436704159, 35.119485757896477 ], [ -80.953559476883143, 35.119295127875034 ] ] } },
{ "type": "Feature", "properties": { "density": 0.000901 }, "geometry": { "type": "LineString", "coordinates": [ [ -80.953559476883143, 35.119295127875034 ], [ -80.953629679980651, 35.119261336079767 ], [ -80.953992342446526, 35.119086854808963 ] ] } },
{ "type": "Feature", "properties": { "density": 0.000786 }, "geometry": { "type": "LineString", "coordinates": [ [ -80.953992342446526, 35.119086854808963 ], [ -80.954176936736488, 35.118998043571438 ], [ -80.95442432665493, 35.11887735520731 ] ] } },
{ "type": "Feature", "properties": { "density": 0.000609 }, "geometry": { "type": "LineString", "coordinates": [ [ -80.95442432665493, 35.11887735520731 ], [ -80.954855648506367, 35.118666934180091 ] ] } },
{ "type": "Feature", "properties": { "density": 0.000398 }, "geometry": { "type": "LineString", "coordinates": [ [ -80.954855648506367, 35.118666934180091 ], [ -80.954873705683241, 35.118658124901238 ], [ -80.955285369246909, 35.118454315274732 ] ] } },
{ "type": "Feature", "properties": { "density": 0.000191 }, "geometry": { "type": "LineString", "coordinates": [ [ -80.955285369246909, 35.118454315274732 ], [ -80.955388266849098, 35.118403371543572 ], [ -80.955713699567468, 35.118239814669245 ] ] } },
{ "type": "Feature", "properties": { "density": 5.4e-05 }, "geometry": { "type": "LineString", "coordinates": [ [ -80.955713699567468, 35.118239814669245 ], [ -80.955965532397897, 35.118113246775749 ], [ -80.956032735268764, 35.118079638706554 ] ] } },
{ "type": "Feature", "properties": { "density": 0.000227 }, "geometry": { "type": "LineString", "coordinates": [ [ -80.985486152159922, 35.104188750323239 ], [ -80.985495787514296, 35.104184014200051 ], [ -80.985918448325862, 35.103979792304173 ] ] } },
{ "type": "Feature", "properties": { "density": 0.000121 }, "geometry": { "type": "LineString", "coordinates": [ [ -80.985918448325862, 35.103979792304173 ], [ -80.986198447980314, 35.103844500263691 ], [ -80.986350857480986, 35.103770993331608 ] ] } },
{ "type": "Feature", "properties": { "density": 3.6e-05 }, "geometry": { "type": "LineString", "coordinates": [ [ -80.986350857480986, 35.103770993331608 ], [ -80.986774130709676, 35.103566847418925 ], [ -80.986783719473806, 35.10356286410056 ] ] } },
{ "type": "Feature", "properties": { "density": 0.000116 }, "geometry": { "type": "LineString", "coordinates": [ [ -80.981581590672434, 35.106083674033044 ], [ -80.981931550206269, 35.105898381018243 ], [ -80.982004897743906, 35.105862701009563 ] ] } },
{ "type": "Feature", "properties": { "density": 0.000305 }, "geometry": { "type": "LineString", "coordinates": [ [ -80.982004897743906, 35.105862701009563 ], [ -80.982368114823146, 35.105686012452601 ], [ -80.982436309890332, 35.105652501078474 ] ] } },
{ "type": "Feature", "properties": { "density": 0.00052 }, "geometry": { "type": "LineString", "coordinates": [ [ -80.982436309890332, 35.105652501078474 ], [ -80.98283822060003, 35.105454998936928 ], [ -80.982867088594801, 35.105441435642859 ] ] } },
{ "type": "Feature", "properties": { "density": 0.000716 }, "geometry": { "type": "LineString", "coordinates": [ [ -80.982867088594801, 35.105441435642859 ], [ -80.983228661071806, 35.105271554020462 ], [ -80.983302320462741, 35.105236625449507 ] ] } },
{ "type": "Feature", "properties": { "density": 0.00086 }, "geometry": { "type": "LineString", "coordinates": [ [ -80.983302320462741, 35.105236625449507 ], [ -80.983625396795304, 35.105083424890964 ], [ -80.983736531845338, 35.105030358986028 ] ] } },
{ "type": "Feature", "properties": { "density": 0.000932 }, "geometry": { "type": "LineString", "coordinates": [ [ -80.983736531845338, 35.105030358986028 ], [ -80.983981050691995, 35.104913603012029 ], [ -80.98416982007312, 35.10482278756934 ] ] } },
{ "type": "Feature", "properties": { "density": 0.000921 }, "geometry": { "type": "LineString", "coordinates": [ [ -80.98416982007312, 35.10482278756934 ], [ -80.984568063027737, 35.104631194428137 ], [ -80.984602610096658, 35.104614515955319 ] ] } },
{ "type": "Feature", "properties": { "density": 0.000829 }, "geometry": { "type": "LineString", "coordinates": [ [ -80.984602610096658, 35.104614515955319 ], [ -80.984918709814949, 35.104461910030523 ], [ -80.985035129913797, 35.104405867206047 ] ] } },
{ "type": "Feature", "properties": { "density": 0.000664 }, "geometry": { "type": "LineString", "coordinates": [ [ -80.985035129913797, 35.104405867206047 ], [ -80.985486152159922, 35.104188750323239 ] ] } },
{ "type": "Feature", "properties": { "density": 0.000438 }, "geometry": { "type": "LineString", "coordinates": [ [ -80.682387232822521, 35.225778064243698 ], [ -80.682308020513929, 35.225715412368338 ], [ -80.682025599277097, 35.225492036249108 ] ] } },
{ "type": "Feature", "properties": { "density": 0.00037 }, "geometry": { "type": "LineString", "coordinates": [ [ -80.682025599277097, 35.225492036249108 ], [ -80.68199966618657, 35.225471524831555 ], [ -80.681975999432638, 35.225453398277175 ], [ -80.681951629463711, 35.225435909005469 ], [ -80.681926587352351, 35.225419071910984 ], [ -80.681900899870229, 35.225402906456203 ], [ -80.681874588203812, 35.225387427673191 ], [ -80.68184768128431, 35.225372653191243 ], [ -80.681820210183844, 35.225358597905021 ], [ -80.68179220046386, 35.22534527588428 ], [ -80.681763682079236, 35.225332701137681 ], [ -80.681734684985017, 35.225320887673917 ], [ -80.681705239061557, 35.225309845896376 ], [ -80.68160433896557, 35.225273614236244 ] ] } },
{ "type": "Feature", "properties": { "density": 0.000275 }, "geometry": { "type": "LineString", "coordinates": [ [ -80.68160433896557, 35.225273614236244 ], [ -80.68114419345963, 35.22510838164073 ] ] } },
{ "type": "Feature", "properties": { "density": 0.000184 }, "geometry": { "type": "LineString", "coordinates": [ [ -80.68114419345963, 35.22510838164073 ], [ -80.68081704522325, 35.224990905255261 ] ] } },
{ "type": "Feature", "properties": { "density": 3.2e-05 }, "geometry": { "type": "LineString", "coordinates": [ [ -80.68081704522325, 35.224990905255261 ], [ -80.680356903278465, 35.224825668969473 ] ] } },
{ "type": "Feature", "properties": { "density": 1.1e-05 }, "geometry": { "type": "LineString", "coordinates": [ [ -80.811384840490319, 35.222984231593749 ], [ -80.810882691885979, 35.222975447941245 ] ] } },
{ "type": "Feature", "properties": { "density": 3.3e-05 }, "geometry": { "type": "LineString", "coordinates": [ [ -80.810882691885979, 35.222975447941245 ], [ -80.810862756498707, 35.222975099185646 ], [ -80.810380659571791, 35.222962990668478 ] ] } },
{ "type": "Feature", "properties": { "density": 5.1e-05 }, "geometry": { "type": "LineString", "coordinates": [ [ -80.810380659571791, 35.222962990668478 ], [ -80.810365715438536, 35.222962615295572 ], [ -80.810211900471742, 35.222960795089627 ] ] } },
{ "type": "Feature", "properties": { "density": 0.000437 }, "geometry": { "type": "LineString", "coordinates": [ [ -80.768239301240527, 35.108171192687337 ], [ -80.76806227127345, 35.108309590976198 ], [ -80.767947928437479, 35.108370119821778 ], [ -80.767828174880165, 35.108385452986582 ] ] } },
{ "type": "Feature", "properties": { "density": 0.000368 }, "geometry": { "type": "LineString", "coordinates": [ [ -80.767828174880165, 35.108385452986582 ], [ -80.767667232919933, 35.10840605969063 ], [ -80.767563740903981, 35.10845291856166 ], [ -80.767520321865547, 35.10849408905554 ], [ -80.767475947557855, 35.108581305836054 ], [ -80.767462983220739, 35.108611685921538 ] ] } },
{ "type": "Feature", "properties": { "density": 0.000273 }, "geometry": { "type": "LineString", "coordinates": [ [ -80.767462983220739, 35.108611685921538 ], [ -80.767426087223342, 35.108698146326859 ], [ -80.767408530956288, 35.108788175033602 ], [ -80.767418305301305, 35.108892002582088 ], [ -80.76743222864738, 35.108981572476587 ], [ -80.767446176433182, 35.10901456000822 ] ] } },
{ "type": "Feature", "properties": { "density": 0.000166 }, "geometry": { "type": "LineString", "coordinates": [ [ -80.767446176433182, 35.10901456000822 ], [ -80.76747158898192, 35.109074662468068 ], [ -80.767525851371204, 35.109173716810616 ], [ -80.767610058228627, 35.109278518967734 ], [ -80.767683877262442, 35.109366981513894 ], [ -80.767688666579389, 35.10937283563392 ] ] } },
{ "type": "Feature", "properties": { "density": 6.8e-05 }, "geometry": { "type": "LineString", "coordinates": [ [ -80.767688666579389, 35.10937283563392 ], [ -80.767782929067039, 35.109488055176428 ], [ -80.767896778820472, 35.109584863210003 ], [ -80.768006815780453, 35.109621270470555 ], [ -80.76805588825448, 35.109629801725511 ] ] } },
{ "type": "Feature", "properties": { "density": 3.4e-05 }, "geometry": { "type": "LineString", "coordinates": [ [ -80.769586701640094, 35.109517750557373 ], [ -80.76960713888441, 35.109444855211542 ], [ -80.769630512986623, 35.109340539469528 ], [ -80.769631480689966, 35.109269534238727 ], [ -80.76962025894484, 35.109214733927253 ], [ -80.769597480026732, 35.109166744280422 ], [ -80.769571325056532, 35.109118088496466 ] ] } },
{ "type": "Feature", "properties": { "density": 8.3e-05 }, "geometry": { "type": "LineString", "coordinates": [ [ -80.769571325056532, 35.109118088496466 ], [ -80.769555952583659, 35.109089491235814 ], [ -80.769508761683866, 35.109033843775414 ], [ -80.76946580948632, 35.108980884153105 ], [ -80.769405136551597, 35.108894747428124 ], [ -80.769378049223519, 35.108828046366789 ], [ -80.769367232013167, 35.108766138927265 ], [ -80.76936728698729, 35.108749100338812 ] ] } },
{ "type": "Feature", "properties": { "density": 0.000125 }, "geometry": { "type": "LineString", "coordinates": [ [ -80.76936728698729, 35.108749100338812 ], [ -80.769367665023097, 35.108631932377698 ], [ -80.769364807378864, 35.108525941619426 ] ] } },
{ "type": "Feature", "properties": { "density": 1.1e-05 }, "geometry": { "type": "LineString", "coordinates": [ [ -80.680878344951637, 35.227157026953812 ], [ -80.681241649974723, 35.227420879465292 ], [ -80.681254093103547, 35.227430526698008 ] ] } },
{ "type": "Feature", "properties": { "density": 0.000132 }, "geometry": { "type": "LineString", "coordinates": [ [ -80.967627658910232, 35.164744615232266 ], [ -80.967944159448393, 35.164424739460195 ] ] } },
{ "type": "Feature", "properties": { "density": 0.000181 }, "geometry": { "type": "LineString", "coordinates": [ [ -80.967944159448393, 35.164424739460195 ], [ -80.968229094237643, 35.16413676319312 ], [ -80.968260337198245, 35.16410465091888 ] ] } },
{ "type": "Feature", "properties": { "density": 0.000213 }, "geometry": { "type": "LineString", "coordinates": [ [ -80.968260337198245, 35.16410465091888 ], [ -80.968500600035014, 35.163857701816127 ] ] } },
{ "type": "Feature", "properties": { "density": 0.000936 }, "geometry": { "type": "LineString", "coordinates": [ [ -80.968615795108079, 35.163739300019763 ], [ -80.96893112072236, 35.163418645252406 ] ] } },
{ "type": "Feature", "properties": { "density": 0.00091 }, "geometry": { "type": "LineString", "coordinates": [ [ -80.96893112072236, 35.163418645252406 ], [ -80.969246443856022, 35.163097989648271 ] ] } },
{ "type": "Feature", "properties": { "density": 0.000804 }, "geometry": { "type": "LineString", "coordinates": [ [ -80.969246443856022, 35.163097989648271 ], [ -80.969561764509066, 35.162777333207387 ] ] } },
{ "type": "Feature", "properties": { "density": 0.00065 }, "geometry": { "type": "LineString", "coordinates": [ [ -80.969561764509066, 35.162777333207387 ], [ -80.96982292955434, 35.162511746240334 ] ] } },
{ "type": "Feature", "properties": { "density": 0.000154 }, "geometry": { "type": "LineString", "coordinates": [ [ -80.96982292955434, 35.162511746240334 ], [ -80.969931161176461, 35.162377501884926 ], [ -80.970033795556517, 35.1622403254202 ], [ -80.970088065915448, 35.162161958864743 ] ] } },
{ "type": "Feature", "properties": { "density": 8.3e-05 }, "geometry": { "type": "LineString", "coordinates": [ [ -80.970088065915448, 35.162161958864743 ], [ -80.970130714633598, 35.162100373868796 ], [ -80.970221806999831, 35.161957806849479 ], [ -80.970269960798888, 35.161875444148599 ], [ -80.970316042117759, 35.161792286593652 ] ] } },
{ "type": "Feature", "properties": { "density": 1.2e-05 }, "geometry": { "type": "LineString", "coordinates": [ [ -80.970316042117759, 35.161792286593652 ], [ -80.970394120553706, 35.161639848414325 ], [ -80.970465238577489, 35.161485129768579 ], [ -80.970496770506216, 35.161407952578323 ] ] } },
{ "type": "Feature", "properties": { "density": 2.6e-05 }, "geometry": { "type": "LineString", "coordinates": [ [ -80.96714119967973, 35.165235916585274 ], [ -80.967221776055467, 35.165154664991348 ], [ -80.96745787947701, 35.164916159260855 ] ] } },
{ "type": "Feature", "properties": { "density": 4.6e-05 }, "geometry": { "type": "LineString", "coordinates": [ [ -80.96745787947701, 35.164916159260855 ], [ -80.967554741555759, 35.164818311088851 ], [ -80.967627658910232, 35.164744615232266 ] ] } },
{ "type": "Feature", "properties": { "density": 0.000453 }, "geometry": { "type": "LineString", "coordinates": [ [ -80.968500600035014, 35.163857701816127 ], [ -80.968615795108079, 35.163739300019763 ] ] } },
{ "type": "Feature", "properties": { "density": 2.7e-05 }, "geometry": { "type": "LineString", "coordinates": [ [ -80.793540302459078, 35.24261930581504 ], [ -80.793410581426812, 35.242741687582381 ], [ -80.793215383939895, 35.242933625199939 ] ] } },
{ "type": "Feature", "properties": { "density": 5.3e-05 }, "geometry": { "type": "LineString", "coordinates": [ [ -80.793215383939895, 35.242933625199939 ], [ -80.793027508398609, 35.243118361993531 ] ] } },
{ "type": "Feature", "properties": { "density": 0.000468 }, "geometry": { "type": "LineString", "coordinates": [ [ -80.810562730531586, 35.221518045344759 ], [ -80.810543296542818, 35.221598031805271 ] ] } },
{ "type": "Feature", "properties": { "density": 0.000881 }, "geometry": { "type": "LineString", "coordinates": [ [ -80.793933734325776, 35.243744091361989 ], [ -80.793752984638957, 35.243927917975 ], [ -80.793613231515025, 35.244061414806225 ] ] } },
{ "type": "Feature", "properties": { "density": 0.000936 }, "geometry": { "type": "LineString", "coordinates": [ [ -80.793613231515025, 35.244061414806225 ], [ -80.79348559877873, 35.244183333314233 ], [ -80.793291175124764, 35.244377708924311 ] ] } },
{ "type": "Feature", "properties": { "density": 0.000922 }, "geometry": { "type": "LineString", "coordinates": [ [ -80.793291175124764, 35.244377708924311 ], [ -80.793118226415643, 35.244550613848673 ] ] } },
{ "type": "Feature", "properties": { "density": 0.000153 }, "geometry": { "type": "LineString", "coordinates": [ [ -80.794725179183715, 35.242948457085227 ], [ -80.794418806901717, 35.24325849808757 ], [ -80.794408700700245, 35.243268546389878 ] ] } },
{ "type": "Feature", "properties": { "density": 0.000221 }, "geometry": { "type": "LineString", "coordinates": [ [ -80.794408700700245, 35.243268546389878 ], [ -80.794088963518604, 35.2435864500493 ] ] } },
{ "type": "Feature", "properties": { "density": 0.000263 }, "geometry": { "type": "LineString", "coordinates": [ [ -80.794088963518604, 35.2435864500493 ], [ -80.794055221418134, 35.243619998461782 ], [ -80.793933734325776, 35.243744091361989 ] ] } },
{ "type": "Feature", "properties": { "density": 1.4e-05 }, "geometry": { "type": "LineString", "coordinates": [ [ -80.795347902550986, 35.242336119907904 ], [ -80.795024789900339, 35.242651715776894 ] ] } },
{ "type": "Feature", "properties": { "density": 4.2e-05 }, "geometry": { "type": "LineString", "coordinates": [ [ -80.795024789900339, 35.242651715776894 ], [ -80.794846146118246, 35.242826202224052 ], [ -80.794725179183715, 35.242948457085227 ] ] } },
{ "type": "Feature", "properties": { "density": 0.000324 }, "geometry": { "type": "LineString", "coordinates": [ [ -80.810836526604632, 35.220263775997225 ], [ -80.810830578070622, 35.220310126936852 ], [ -80.810801700465561, 35.220542545786557 ], [ -80.810799645662584, 35.220550591908413 ], [ -80.810772046600505, 35.220672199683065 ] ] } },
{ "type": "Feature", "properties": { "density": 0.000407 }, "geometry": { "type": "LineString", "coordinates": [ [ -80.810772046600505, 35.220672199683065 ], [ -80.810769397841796, 35.220683870699695 ], [ -80.810728932598423, 35.220834480007994 ], [ -80.810670264085587, 35.221075776557065 ] ] } },
{ "type": "Feature", "properties": { "density": 0.000459 }, "geometry": { "type": "LineString", "coordinates": [ [ -80.810670264085587, 35.221075776557065 ], [ -80.810562730531586, 35.221518045344759 ] ] } },
{ "type": "Feature", "properties": { "density": 4.2e-05 }, "geometry": { "type": "LineString", "coordinates": [ [ -80.810211900471742, 35.222960795089627 ], [ -80.810172564009193, 35.223124668921876 ], [ -80.810111508410927, 35.223364622192442 ] ] } },
{ "type": "Feature", "properties": { "density": 1.8e-05 }, "geometry": { "type": "LineString", "coordinates": [ [ -80.810111508410927, 35.223364622192442 ], [ -80.81000885059531, 35.22376807215052 ] ] } },
{ "type": "Feature", "properties": { "density": 0.000227 }, "geometry": { "type": "LineString", "coordinates": [ [ -80.810543296542818, 35.221598031805271 ], [ -80.810445008985127, 35.222002213701892 ] ] } },
{ "type": "Feature", "properties": { "density": 0.0002 }, "geometry": { "type": "LineString", "coordinates": [ [ -80.810445008985127, 35.222002213701892 ], [ -80.810346720452088, 35.222406395493088 ] ] } },
{ "type": "Feature", "properties": { "density": 0.000157 }, "geometry": { "type": "LineString", "coordinates": [ [ -80.810346720452088, 35.222406395493088 ], [ -80.810248430943702, 35.222810577178841 ] ] } },
{ "type": "Feature", "properties": { "density": 0.000121 }, "geometry": { "type": "LineString", "coordinates": [ [ -80.810248430943702, 35.222810577178841 ], [ -80.810211900471742, 35.222960795089627 ] ] } },
{ "type": "Feature", "properties": { "density": 2.5e-05 }, "geometry": { "type": "LineString", "coordinates": [ [ -80.810821700787869, 35.219257954702321 ], [ -80.810823059671279, 35.219319080119192 ], [ -80.810829399750517, 35.219629523214003 ], [ -80.810830695332626, 35.219670037833119 ] ] } },
{ "type": "Feature", "properties": { "density": 5.8e-05 }, "geometry": { "type": "LineString", "coordinates": [ [ -80.810830695332626, 35.219670037833119 ], [ -80.810840386840709, 35.219973103219736 ], [ -80.810845495638674, 35.220052267911178 ], [ -80.810845578353081, 35.22008197330814 ] ] } },
{ "type": "Feature", "properties": { "density": 8.3e-05 }, "geometry": { "type": "LineString", "coordinates": [ [ -80.810845578353081, 35.22008197330814 ], [ -80.810845735387858, 35.22013836949435 ], [ -80.810840955823153, 35.220224550728524 ], [ -80.810836526604632, 35.220263775997225 ] ] } },
{ "type": "Feature", "properties": { "density": 0.000149 }, "geometry": { "type": "LineString", "coordinates": [ [ -80.792567445497525, 35.245044731466798 ], [ -80.792545742170745, 35.245060628297601 ], [ -80.792447734560568, 35.245122993840262 ], [ -80.792353835522093, 35.245181637906967 ], [ -80.792293243098385, 35.245219176855741 ], [ -80.792174884657712, 35.2452827623639 ], [ -80.792163071580873, 35.245288687147308 ] ] } },
{ "type": "Feature", "properties": { "density": 9.6e-05 }, "geometry": { "type": "LineString", "coordinates": [ [ -80.792163071580873, 35.245288687147308 ], [ -80.79206996451363, 35.245335384411611 ], [ -80.791951196813613, 35.245393023335978 ], [ -80.791890008051567, 35.245415914358418 ], [ -80.791743738310359, 35.245467089206819 ], [ -80.791716706264097, 35.245475727765069 ] ] } },
{ "type": "Feature", "properties": { "density": 4.5e-05 }, "geometry": { "type": "LineString", "coordinates": [ [ -80.791716706264097, 35.245475727765069 ], [ -80.791595707221092, 35.245514395006872 ], [ -80.791445635133385, 35.24555760868752 ], [ -80.791294079761869, 35.245596951894996 ], [ -80.791241650538126, 35.245609264905362 ] ] } },
{ "type": "Feature", "properties": { "density": 1.3e-05 }, "geometry": { "type": "LineString", "coordinates": [ [ -80.791241650538126, 35.245609264905362 ], [ -80.791143886551254, 35.245632224720389 ], [ -80.790938736795283, 35.245686946164774 ] ] } },
{ "type": "Feature", "properties": { "density": 0.00043 }, "geometry": { "type": "LineString", "coordinates": [ [ -80.793118226415643, 35.244550613848673 ], [ -80.792969092272315, 35.244699849280558 ], [ -80.792797118900396, 35.24486407588001 ], [ -80.792794916229482, 35.244866040679632 ] ] } },
{ "type": "Feature", "properties": { "density": 0.000373 }, "geometry": { "type": "LineString", "coordinates": [ [ -80.792794916229482, 35.244866040679632 ], [ -80.79272402011155, 35.244929280497473 ], [ -80.792642733703644, 35.244990256113162 ], [ -80.792567445497525, 35.245044731466798 ] ] } },
{ "type": "Feature", "properties": { "density": 4.4e-05 }, "geometry": { "type": "LineString", "coordinates": [ [ -80.811779839737028, 35.221646160399146 ], [ -80.81174399593732, 35.22176623884809 ], [ -80.811666029338738, 35.222025044086749 ], [ -80.811659426972994, 35.222046290308342 ] ] } },
{ "type": "Feature", "properties": { "density": 2.7e-05 }, "geometry": { "type": "LineString", "coordinates": [ [ -80.811659426972994, 35.222046290308342 ], [ -80.811583733101159, 35.222289870171267 ], [ -80.811538902602535, 35.222446380667918 ] ] } },
{ "type": "Feature", "properties": { "density": 1.0000000000000001e-05 }, "geometry": { "type": "LineString", "coordinates": [ [ -80.811538902602535, 35.222446380667918 ], [ -80.811423978322395, 35.222847597013654 ] ] } },
{ "type": "Feature", "properties": { "density": 2.1e-05 }, "geometry": { "type": "LineString", "coordinates": [ [ -80.812066506262326, 35.220725502787928 ], [ -80.81200851570091, 35.22088608397268 ], [ -80.811935382603693, 35.221123276242565 ] ] } },
{ "type": "Feature", "properties": { "density": 4.2e-05 }, "geometry": { "type": "LineString", "coordinates": [ [ -80.811935382603693, 35.221123276242565 ], [ -80.81190856475952, 35.221210254085598 ], [ -80.8118229732478, 35.221502610087249 ], [ -80.811779839737028, 35.221646160399146 ] ] } },
{ "type": "Feature", "properties": { "density": 3.8e-05 }, "geometry": { "type": "LineString", "coordinates": [ [ -80.862968428977823, 35.348679856149182 ], [ -80.862513839134792, 35.348921074731528 ] ] } },
{ "type": "Feature", "properties": { "density": 3.9e-05 }, "geometry": { "type": "LineString", "coordinates": [ [ -80.967627658910232, 35.164744615232266 ], [ -80.96767476242951, 35.164729957620132 ], [ -80.967723880267329, 35.164720783491184 ], [ -80.967774069090595, 35.164717267792625 ], [ -80.967824369850931, 35.16471948023591 ], [ -80.967873815248694, 35.164727376158915 ], [ -80.967921458508087, 35.16474080597547 ], [ -80.967966386438135, 35.164759510454452 ], [ -80.968082250049477, 35.164836832793647 ] ] } },
{ "type": "Feature", "properties": { "density": 1.5e-05 }, "geometry": { "type": "LineString", "coordinates": [ [ -80.968082250049477, 35.164836832793647 ], [ -80.968196698008626, 35.164913210134259 ], [ -80.968288970524711, 35.164994799141027 ], [ -80.968376131520273, 35.165080094149438 ], [ -80.968426366595622, 35.165134599095822 ] ] } },
{ "type": "Feature", "properties": { "density": 1.0000000000000001e-05 }, "geometry": { "type": "LineString", "coordinates": [ [ -80.742737323840473, 35.296046008625751 ], [ -80.742299552707053, 35.296248623783114 ] ] } },
{ "type": "Feature", "properties": { "density": 7.6e-05 }, "geometry": { "type": "LineString", "coordinates": [ [ -80.742299552707053, 35.296248623783114 ], [ -80.741861779393929, 35.296451237350425 ] ] } },
{ "type": "Feature", "properties": { "density": 0.000165 }, "geometry": { "type": "LineString", "coordinates": [ [ -80.741861779393929, 35.296451237350425 ], [ -80.741503670783302, 35.296616977962913 ] ] } },
{ "type": "Feature", "properties": { "density": 0.000526 }, "geometry": { "type": "LineString", "coordinates": [ [ -80.741503670783302, 35.296616977962913 ], [ -80.741068933231603, 35.296808269645858 ], [ -80.741060836824218, 35.296812057474256 ] ] } },
{ "type": "Feature", "properties": { "density": 0.000721 }, "geometry": { "type": "LineString", "coordinates": [ [ -80.741060836824218, 35.296812057474256 ], [ -80.740624208174296, 35.297016328772777 ] ] } },
{ "type": "Feature", "properties": { "density": 0.000863 }, "geometry": { "type": "LineString", "coordinates": [ [ -80.740624208174296, 35.297016328772777 ], [ -80.740187577332563, 35.297220598489353 ] ] } },
{ "type": "Feature", "properties": { "density": 0.000933 }, "geometry": { "type": "LineString", "coordinates": [ [ -80.740187577332563, 35.297220598489353 ], [ -80.73975094429899, 35.297424866623935 ] ] } },
{ "type": "Feature", "properties": { "density": 0.000919 }, "geometry": { "type": "LineString", "coordinates": [ [ -80.73975094429899, 35.297424866623935 ], [ -80.739314309073606, 35.297629133176578 ] ] } },
{ "type": "Feature", "properties": { "density": 0.000857 }, "geometry": { "type": "LineString", "coordinates": [ [ -80.739314309073606, 35.297629133176578 ], [ -80.739106423232144, 35.297726385348781 ] ] } },
{ "type": "Feature", "properties": { "density": 0.000377 }, "geometry": { "type": "LineString", "coordinates": [ [ -80.739106423232144, 35.297726385348781 ], [ -80.738669840959346, 35.297930730271403 ] ] } },
{ "type": "Feature", "properties": { "density": 0.000284 }, "geometry": { "type": "LineString", "coordinates": [ [ -80.738669840959346, 35.297930730271403 ], [ -80.738233256494155, 35.29813507361245 ] ] } },
{ "type": "Feature", "properties": { "density": 0.000177 }, "geometry": { "type": "LineString", "coordinates": [ [ -80.738233256494155, 35.29813507361245 ], [ -80.738108012092667, 35.298193693768056 ], [ -80.737792718651562, 35.298333589031721 ] ] } },
{ "type": "Feature", "properties": { "density": 7.7e-05 }, "geometry": { "type": "LineString", "coordinates": [ [ -80.737792718651562, 35.298333589031721 ], [ -80.737350589212028, 35.298529759053629 ] ] } },
{ "type": "Feature", "properties": { "density": 1.4e-05 }, "geometry": { "type": "LineString", "coordinates": [ [ -80.737350589212028, 35.298529759053629 ], [ -80.736979804579306, 35.298694271859176 ] ] } },
{ "type": "Feature", "properties": { "density": 3.8e-05 }, "geometry": { "type": "LineString", "coordinates": [ [ -80.793523838586069, 35.2779722864937 ], [ -80.793524448225966, 35.278177239984124 ], [ -80.79352483607579, 35.278346929615914 ], [ -80.793524968720973, 35.278384432287311 ] ] } },
{ "type": "Feature", "properties": { "density": 1.8e-05 }, "geometry": { "type": "LineString", "coordinates": [ [ -80.793524968720973, 35.278384432287311 ], [ -80.793526171678892, 35.278724542095063 ] ] } },
{ "type": "Feature", "properties": { "density": 0.000218 }, "geometry": { "type": "LineString", "coordinates": [ [ -80.7934923683286, 35.275339848682478 ], [ -80.79349339009903, 35.275512964116068 ], [ -80.793497362934417, 35.275751971498309 ] ] } },
{ "type": "Feature", "properties": { "density": 0.000273 }, "geometry": { "type": "LineString", "coordinates": [ [ -80.793497362934417, 35.275751971498309 ], [ -80.793504213155245, 35.276164080231389 ] ] } },
{ "type": "Feature", "properties": { "density": 0.000305 }, "geometry": { "type": "LineString", "coordinates": [ [ -80.793504213155245, 35.276164080231389 ], [ -80.793507124918676, 35.276339250412732 ], [ -80.793507618458065, 35.276551761123635 ] ] } },
{ "type": "Feature", "properties": { "density": 1.2e-05 }, "geometry": { "type": "LineString", "coordinates": [ [ -80.793488150768979, 35.274121818321035 ], [ -80.79348405575081, 35.274518978985164 ], [ -80.793484215678049, 35.274533950683171 ] ] } },
{ "type": "Feature", "properties": { "density": 4.1e-05 }, "geometry": { "type": "LineString", "coordinates": [ [ -80.793484215678049, 35.274533950683171 ], [ -80.793488618075799, 35.274946081975294 ] ] } },
{ "type": "Feature", "properties": { "density": 7.6e-05 }, "geometry": { "type": "LineString", "coordinates": [ [ -80.793488618075799, 35.274946081975294 ], [ -80.793489840258317, 35.27506049607625 ], [ -80.7934923683286, 35.275339848682478 ] ] } },
{ "type": "Feature", "properties": { "density": 0.000304 }, "geometry": { "type": "LineString", "coordinates": [ [ -80.793507618458065, 35.276551761123635 ], [ -80.793508227479549, 35.276908778322941 ], [ -80.79350923778415, 35.276963901509355 ] ] } },
{ "type": "Feature", "properties": { "density": 0.000271 }, "geometry": { "type": "LineString", "coordinates": [ [ -80.79350923778415, 35.276963901509355 ], [ -80.79351679085498, 35.277376001897622 ] ] } },
{ "type": "Feature", "properties": { "density": 0.000215 }, "geometry": { "type": "LineString", "coordinates": [ [ -80.79351679085498, 35.277376001897622 ], [ -80.793519276016553, 35.27751159298839 ], [ -80.793522014693679, 35.277788124366275 ] ] } },
{ "type": "Feature", "properties": { "density": 0.000165 }, "geometry": { "type": "LineString", "coordinates": [ [ -80.793522014693679, 35.277788124366275 ], [ -80.793523838586069, 35.2779722864937 ] ] } },
{ "type": "Feature", "properties": { "density": 0.000451 }, "geometry": { "type": "LineString", "coordinates": [ [ -80.859173716111243, 35.347044552163915 ], [ -80.859507606364573, 35.347073587653519 ], [ -80.859623295118084, 35.347084635384384 ], [ -80.859673320705681, 35.347091834317624 ] ] } },
{ "type": "Feature", "properties": { "density": 0.000657 }, "geometry": { "type": "LineString", "coordinates": [ [ -80.859673320705681, 35.347091834317624 ], [ -80.859746967807723, 35.347102432465469 ], [ -80.859886988611294, 35.347126391548073 ], [ -80.860014794145783, 35.347153741412804 ], [ -80.86016240529699, 35.347187089999125 ] ] } },
{ "type": "Feature", "properties": { "density": 0.000821 }, "geometry": { "type": "LineString", "coordinates": [ [ -80.86016240529699, 35.347187089999125 ], [ -80.860162861817358, 35.347187193136719 ], [ -80.86031079982375, 35.347227286081484 ], [ -80.860459171589355, 35.347274018808264 ], [ -80.860599205307736, 35.347335074260101 ], [ -80.860623588672269, 35.347348162460193 ] ] } },
{ "type": "Feature", "properties": { "density": 0.000918 }, "geometry": { "type": "LineString", "coordinates": [ [ -80.860623588672269, 35.347348162460193 ], [ -80.860744374630329, 35.34741299631429 ], [ -80.860902483637702, 35.347506520943384 ], [ -80.861027338818261, 35.347593166129158 ] ] } },
{ "type": "Feature", "properties": { "density": 0.000937 }, "geometry": { "type": "LineString", "coordinates": [ [ -80.861027338818261, 35.347593166129158 ], [ -80.861067785072507, 35.347621234366073 ], [ -80.861204539229647, 35.347722188590126 ] ] } },
{ "type": "Feature", "properties": { "density": 2.9e-05 }, "geometry": { "type": "LineString", "coordinates": [ [ -80.858124462891581, 35.347042596142607 ], [ -80.8581901072763, 35.34704158929037 ], [ -80.858380871690997, 35.347035457046324 ], [ -80.858532104022927, 35.34703634317561 ], [ -80.858627328205685, 35.347036752947041 ] ] } },
{ "type": "Feature", "properties": { "density": 0.000115 }, "geometry": { "type": "LineString", "coordinates": [ [ -80.858627328205685, 35.347036752947041 ], [ -80.858695354346736, 35.347037045633257 ], [ -80.858882355656363, 35.347037381635808 ], [ -80.859173716111243, 35.347044552163915 ] ] } },
{ "type": "Feature", "properties": { "density": 0.000304 }, "geometry": { "type": "LineString", "coordinates": [ [ -80.861204539229647, 35.347722188590126 ], [ -80.861273058871689, 35.347772662553581 ], [ -80.861577203763972, 35.347999018046316 ] ] } },
{ "type": "Feature", "properties": { "density": 0.000269 }, "geometry": { "type": "LineString", "coordinates": [ [ -80.861577203763972, 35.347999018046316 ], [ -80.861638456392612, 35.348044604194477 ], [ -80.861719583053301, 35.348108624624281 ], [ -80.861796437848767, 35.348169277343331 ], [ -80.861873728465838, 35.348236560021618 ], [ -80.861932314137761, 35.348290539033535 ] ] } },
{ "type": "Feature", "properties": { "density": 0.000213 }, "geometry": { "type": "LineString", "coordinates": [ [ -80.861932314137761, 35.348290539033535 ], [ -80.861946826967468, 35.348303910686923 ], [ -80.862007608640681, 35.348358396293357 ], [ -80.862089181502014, 35.348441877050348 ], [ -80.86217068328007, 35.348522150038697 ], [ -80.862240018044105, 35.348596197792403 ], [ -80.862251108167229, 35.348609065177101 ] ] } },
{ "type": "Feature", "properties": { "density": 0.000147 }, "geometry": { "type": "LineString", "coordinates": [ [ -80.862251108167229, 35.348609065177101 ], [ -80.862317549148074, 35.348686153633523 ], [ -80.862391173729776, 35.348776393978888 ], [ -80.862513839134792, 35.348921074731528 ] ] } },
{ "type": "Feature", "properties": { "density": 3.9e-05 }, "geometry": { "type": "LineString", "coordinates": [ [ -80.862513839134792, 35.348921074731528 ], [ -80.862802447455394, 35.349258637882123 ] ] } },
{ "type": "Feature", "properties": { "density": 1.1e-05 }, "geometry": { "type": "LineString", "coordinates": [ [ -80.862802447455394, 35.349258637882123 ], [ -80.863091058171719, 35.349596200323042 ] ] } },
{ "type": "Feature", "properties": { "density": 1.6e-05 }, "geometry": { "type": "LineString", "coordinates": [ [ -80.79490446292003, 35.275329207977393 ], [ -80.79453720616327, 35.275333067447917 ], [ -80.794401929500836, 35.275335072980312 ] ] } },
{ "type": "Feature", "properties": { "density": 4.6e-05 }, "geometry": { "type": "LineString", "coordinates": [ [ -80.794401929500836, 35.275335072980312 ], [ -80.79399422637151, 35.275341116432642 ], [ -80.793899410830377, 35.275340877077284 ] ] } },
{ "type": "Feature", "properties": { "density": 7.8e-05 }, "geometry": { "type": "LineString", "coordinates": [ [ -80.793899410830377, 35.275340877077284 ], [ -80.7934923683286, 35.275339848682478 ] ] } }
]
}
